query_id,query,stage,result_type,relevant_total,retrieved_relevant_at_5,recall_at_5,mrr,ndcg_at_10
trial_query_076,ما علاج البلغم (حساسية الصدر) رغم اخذى هلاج اكثر من مرة ولا فائدة ؟ هل امتنع عن طعام معين يزيد البلغم وانا غير مدخن واخذ علاج للضغط والكوليسترول عمرى 55...,semantic_retrieval,entity,8,5,0.625,1.0,0.920205
trial_query_076,ما علاج البلغم (حساسية الصدر) رغم اخذى هلاج اكثر من مرة ولا فائدة ؟ هل امتنع عن طعام معين يزيد البلغم وانا غير مدخن واخذ علاج للضغط والكوليسترول عمرى 55...,semantic_retrieval,evidence,62,1,0.016129,1.0,0.492762
trial_query_076,ما علاج البلغم (حساسية الصدر) رغم اخذى هلاج اكثر من مرة ولا فائدة ؟ هل امتنع عن طعام معين يزيد البلغم وانا غير مدخن واخذ علاج للضغط والكوليسترول عمرى 55...,semantic_retrieval,qa,54,3,0.055556,1.0,0.503324
trial_query_077,كيف اعالج علامات الشيخوخة المبكرة بالوجه؟,semantic_retrieval,entity,1,1,1.0,1.0,1.0
trial_query_077,كيف اعالج علامات الشيخوخة المبكرة بالوجه؟,semantic_retrieval,evidence,3,2,0.666667,1.0,0.765361
trial_query_077,كيف اعالج علامات الشيخوخة المبكرة بالوجه؟,semantic_retrieval,qa,2,1,0.5,1.0,0.613147
trial_query_078,ماالعلاج الاسعافي لأنخفاض السكر مع فقدان الوعي,semantic_retrieval,entity,3,3,1.0,1.0,1.0
trial_query_078,ماالعلاج الاسعافي لأنخفاض السكر مع فقدان الوعي,semantic_retrieval,evidence,15,5,0.333333,1.0,1.0
trial_query_078,ماالعلاج الاسعافي لأنخفاض السكر مع فقدان الوعي,semantic_retrieval,qa,12,4,0.333333,1.0,0.583433
trial_query_079,هل الاشعة المقطعيه بالصبغه للقلب تسبب انتفاخ اسفل الوجه او انتفاخ الغده هل هو طبيعي,semantic_retrieval,entity,5,4,0.8,1.0,0.868795
trial_query_079,هل الاشعة المقطعيه بالصبغه للقلب تسبب انتفاخ اسفل الوجه او انتفاخ الغده هل هو طبيعي,semantic_retrieval,evidence,22,4,0.181818,1.0,0.861138
trial_query_079,هل الاشعة المقطعيه بالصبغه للقلب تسبب انتفاخ اسفل الوجه او انتفاخ الغده هل هو طبيعي,semantic_retrieval,qa,17,1,0.058824,0.5,0.138862
trial_query_080,السلام عليكم..ماهو العلاج المناسب لتقليل نسبة الاملاح في الدم النسبة الحالية عندي هي (7.9) عمري 44 سنة /ذكر؟,semantic_retrieval,entity,2,2,1.0,1.0,1.0
trial_query_080,السلام عليكم..ماهو العلاج المناسب لتقليل نسبة الاملاح في الدم النسبة الحالية عندي هي (7.9) عمري 44 سنة /ذكر؟,semantic_retrieval,evidence,5,3,0.6,1.0,0.722727
trial_query_080,السلام عليكم..ماهو العلاج المناسب لتقليل نسبة الاملاح في الدم النسبة الحالية عندي هي (7.9) عمري 44 سنة /ذكر؟,semantic_retrieval,qa,3,0,0.0,0.0,0.0
trial_query_081,السلام عليكم أنا أشعر ببرودة رأسي -وغذا اصبح ملمس رأسي بارد جاني صداع لايزول بالمسكنات- ذهبت لأفضل أخصائي أنف وأذن وحنجرة قال هذا المرض ماله علاج !! ماهي التحاليل الأزمة...,semantic_retrieval,entity,2,2,1.0,1.0,1.0
trial_query_081,السلام عليكم أنا أشعر ببرودة رأسي -وغذا اصبح ملمس رأسي بارد جاني صداع لايزول بالمسكنات- ذهبت لأفضل أخصائي أنف وأذن وحنجرة قال هذا المرض ماله علاج !! ماهي التحاليل الأزمة...,semantic_retrieval,evidence,15,5,0.333333,1.0,0.921602
trial_query_081,السلام عليكم أنا أشعر ببرودة رأسي -وغذا اصبح ملمس رأسي بارد جاني صداع لايزول بالمسكنات- ذهبت لأفضل أخصائي أنف وأذن وحنجرة قال هذا المرض ماله علاج !! ماهي التحاليل الأزمة...,semantic_retrieval,qa,13,1,0.076923,1.0,0.220092
trial_query_082,مامتي جدا تعبانه من القرحة من غير النزيف المستمر والان هي لا تتناول الاطعمة بسبب الغثيان ...ارجو مساعدتي ..وهي لا تريد المستشفی,semantic_retrieval,entity,4,4,1.0,1.0,1.0
trial_query_082,مامتي جدا تعبانه من القرحة من غير النزيف المستمر والان هي لا تتناول الاطعمة بسبب الغثيان ...ارجو مساعدتي ..وهي لا تريد المستشفی,semantic_retrieval,evidence,8,4,0.5,1.0,0.636855
trial_query_082,مامتي جدا تعبانه من القرحة من غير النزيف المستمر والان هي لا تتناول الاطعمة بسبب الغثيان ...ارجو مساعدتي ..وهي لا تريد المستشفی,semantic_retrieval,qa,4,1,0.25,1.0,0.39038
trial_query_083,ما البديل لعمل كراون للضرس في حال كان طول الضرس قصير بسبب كسر وتآكل في السطح بعد حشو عصب مع حجم طبيعي للضرس ،حتى يعود يصبح في طول يسمح بتركيب...,semantic_retrieval,entity,2,2,1.0,1.0,1.0
trial_query_083,ما البديل لعمل كراون للضرس في حال كان طول الضرس قصير بسبب كسر وتآكل في السطح بعد حشو عصب مع حجم طبيعي للضرس ،حتى يعود يصبح في طول يسمح بتركيب...,semantic_retrieval,evidence,8,5,0.625,1.0,0.835891
trial_query_083,ما البديل لعمل كراون للضرس في حال كان طول الضرس قصير بسبب كسر وتآكل في السطح بعد حشو عصب مع حجم طبيعي للضرس ،حتى يعود يصبح في طول يسمح بتركيب...,semantic_retrieval,qa,6,1,0.166667,1.0,0.40347
trial_query_084,زوجتي حامل ومنذ بداية حملها لم اتوقف عن الاتصال معهاابدا ..فهل ذلك له علاقه لما تشعر به من حرقه في المهبل...وهل ذلك له تأثير على الجنين....,semantic_retrieval,entity,2,2,1.0,1.0,1.0
trial_query_084,زوجتي حامل ومنذ بداية حملها لم اتوقف عن الاتصال معهاابدا ..فهل ذلك له علاقه لما تشعر به من حرقه في المهبل...وهل ذلك له تأثير على الجنين....,semantic_retrieval,evidence,5,3,0.6,1.0,0.722727
trial_query_084,زوجتي حامل ومنذ بداية حملها لم اتوقف عن الاتصال معهاابدا ..فهل ذلك له علاقه لما تشعر به من حرقه في المهبل...وهل ذلك له تأثير على الجنين....,semantic_retrieval,qa,3,1,0.333333,1.0,0.469279
trial_query_085,لمدا كلما انزعجت من شخص ما أشعر بدوار ودقات سريعة للقلب وشعور براسي تقيل تم يغمى علي دون الغياب عن الوعي فما تشخيصكم لهدا وشكراً جزيل,semantic_retrieval,entity,3,3,1.0,1.0,1.0
trial_query_085,لمدا كلما انزعجت من شخص ما أشعر بدوار ودقات سريعة للقلب وشعور براسي تقيل تم يغمى علي دون الغياب عن الوعي فما تشخيصكم لهدا وشكراً جزيل,semantic_retrieval,evidence,4,1,0.25,1.0,0.39038
trial_query_085,لمدا كلما انزعجت من شخص ما أشعر بدوار ودقات سريعة للقلب وشعور براسي تقيل تم يغمى علي دون الغياب عن الوعي فما تشخيصكم لهدا وشكراً جزيل,semantic_retrieval,qa,1,1,1.0,1.0,1.0
trial_query_086,عندي فقر دم وعملت التحاليل عندي نقص فيتامين دال ونقص حديد وصف لي الدكتور 20 ابرة حديد لمدة شهر هل اخذ هالكمية بهذه المدة آمن أم مضر للجسم ؟ وما...,semantic_retrieval,entity,3,3,1.0,1.0,1.0
trial_query_086,عندي فقر دم وعملت التحاليل عندي نقص فيتامين دال ونقص حديد وصف لي الدكتور 20 ابرة حديد لمدة شهر هل اخذ هالكمية بهذه المدة آمن أم مضر للجسم ؟ وما...,semantic_retrieval,evidence,7,4,0.571429,1.0,0.704125
trial_query_086,عندي فقر دم وعملت التحاليل عندي نقص فيتامين دال ونقص حديد وصف لي الدكتور 20 ابرة حديد لمدة شهر هل اخذ هالكمية بهذه المدة آمن أم مضر للجسم ؟ وما...,semantic_retrieval,qa,4,1,0.25,1.0,0.39038
trial_query_087,أود معرفة ما أسباب تدلي المستقيم؟وطرق العلاج؟,semantic_retrieval,entity,1,1,1.0,1.0,1.0
trial_query_087,أود معرفة ما أسباب تدلي المستقيم؟وطرق العلاج؟,semantic_retrieval,evidence,3,2,0.666667,1.0,0.765361
trial_query_087,أود معرفة ما أسباب تدلي المستقيم؟وطرق العلاج؟,semantic_retrieval,qa,2,0,0.0,0.111111,0.184576
trial_query_088,كيف يمكن شد الجلد المترهل في منطقه البطن مع العلم ان الوزن مناسب؟,semantic_retrieval,entity,1,1,1.0,1.0,1.0
trial_query_088,كيف يمكن شد الجلد المترهل في منطقه البطن مع العلم ان الوزن مناسب؟,semantic_retrieval,evidence,2,1,0.5,1.0,0.613147
trial_query_088,كيف يمكن شد الجلد المترهل في منطقه البطن مع العلم ان الوزن مناسب؟,semantic_retrieval,qa,1,1,1.0,1.0,1.0
trial_query_089,السلام عليكم عمري43 اعاني ارتفاع الصفراء في الدم وصلت الي 7.6 ويوجد تضخم في الطحال والم ف اسفل البطن وجانبين الي الظهر مع احساس بالتعب تحاليل للفيروسات سلبي ومناعةانكا 1/80,semantic_retrieval,entity,2,2,1.0,1.0,1.0
trial_query_089,السلام عليكم عمري43 اعاني ارتفاع الصفراء في الدم وصلت الي 7.6 ويوجد تضخم في الطحال والم ف اسفل البطن وجانبين الي الظهر مع احساس بالتعب تحاليل للفيروسات سلبي ومناعةانكا 1/80,semantic_retrieval,evidence,4,2,0.5,1.0,0.636682
trial_query_089,السلام عليكم عمري43 اعاني ارتفاع الصفراء في الدم وصلت الي 7.6 ويوجد تضخم في الطحال والم ف اسفل البطن وجانبين الي الظهر مع احساس بالتعب تحاليل للفيروسات سلبي ومناعةانكا 1/80,semantic_retrieval,qa,2,0,0.0,0.0,0.0
trial_query_090,اعاني منذ فترة خمس سنوات من اصابة العصب السابع وترك بعض الاثار علي منها عند الطعام تذرف عيني اليسرى بالدمع هل هناك علاج للعصب السابع بعد مضي هذه المدة الزمنه,semantic_retrieval,entity,1,1,1.0,1.0,1.0
trial_query_090,اعاني منذ فترة خمس سنوات من اصابة العصب السابع وترك بعض الاثار علي منها عند الطعام تذرف عيني اليسرى بالدمع هل هناك علاج للعصب السابع بعد مضي هذه المدة الزمنه,semantic_retrieval,evidence,2,1,0.5,1.0,0.613147
trial_query_090,اعاني منذ فترة خمس سنوات من اصابة العصب السابع وترك بعض الاثار علي منها عند الطعام تذرف عيني اليسرى بالدمع هل هناك علاج للعصب السابع بعد مضي هذه المدة الزمنه,semantic_retrieval,qa,1,0,0.0,0.0,0.0
trial_query_091,تناولت مضاد حيووي زييثرون وانتج حساسيه شديده وتورم في المنطقة التناسليه وانا تعبانه جدا ما الحل ؟,semantic_retrieval,entity,2,2,1.0,1.0,1.0
trial_query_091,تناولت مضاد حيووي زييثرون وانتج حساسيه شديده وتورم في المنطقة التناسليه وانا تعبانه جدا ما الحل ؟,semantic_retrieval,evidence,40,4,0.1,1.0,0.914857
trial_query_091,تناولت مضاد حيووي زييثرون وانتج حساسيه شديده وتورم في المنطقة التناسليه وانا تعبانه جدا ما الحل ؟,semantic_retrieval,qa,38,4,0.105263,1.0,0.563788
trial_query_092,انا اشعر بالصداع والنعاس وحساسية في وجهي والحكة بكل انحاء جسمي كيف استطيع ان اوقف هذا الدواء,semantic_retrieval,entity,6,5,0.833333,1.0,1.0
trial_query_092,انا اشعر بالصداع والنعاس وحساسية في وجهي والحكة بكل انحاء جسمي كيف استطيع ان اوقف هذا الدواء,semantic_retrieval,evidence,60,5,0.083333,1.0,0.921602
trial_query_092,انا اشعر بالصداع والنعاس وحساسية في وجهي والحكة بكل انحاء جسمي كيف استطيع ان اوقف هذا الدواء,semantic_retrieval,qa,54,2,0.037037,1.0,0.454498
trial_query_093,لا أستطبع النوم على جانبي لا الأيمن ولا الأيسر وأجد صعوبة في التنفس العميق. كما أشعر بين الفينة والأخرى بآلام قرب القلب. كما أخبركم أني مريصة بالقلب (مشكل في صمامتين),semantic_retrieval,entity,1,1,1.0,1.0,1.0
trial_query_093,لا أستطبع النوم على جانبي لا الأيمن ولا الأيسر وأجد صعوبة في التنفس العميق. كما أشعر بين الفينة والأخرى بآلام قرب القلب. كما أخبركم أني مريصة بالقلب (مشكل في صمامتين),semantic_retrieval,evidence,2,1,0.5,1.0,0.613147
trial_query_093,لا أستطبع النوم على جانبي لا الأيمن ولا الأيسر وأجد صعوبة في التنفس العميق. كما أشعر بين الفينة والأخرى بآلام قرب القلب. كما أخبركم أني مريصة بالقلب (مشكل في صمامتين),semantic_retrieval,qa,1,0,0.0,0.0,0.0
trial_query_094,هل هناك أسباب أخرى محددة تؤدي الى ولادة دات شفة مشقوقة من غير استعمال دواء التوبيراميت.,semantic_retrieval,entity,2,2,1.0,1.0,1.0
trial_query_094,هل هناك أسباب أخرى محددة تؤدي الى ولادة دات شفة مشقوقة من غير استعمال دواء التوبيراميت.,semantic_retrieval,evidence,3,1,0.333333,1.0,0.469279
trial_query_094,هل هناك أسباب أخرى محددة تؤدي الى ولادة دات شفة مشقوقة من غير استعمال دواء التوبيراميت.,semantic_retrieval,qa,1,1,1.0,1.0,1.0
trial_query_095,كيف تتم ازالة شظايا القنابل الصغيرة الانشطارية في المنزل عند عدم التمكن من الذهاب للمستشفى وهل هناك اخطار من بقائها؟,semantic_retrieval,entity,1,1,1.0,1.0,1.0
trial_query_095,كيف تتم ازالة شظايا القنابل الصغيرة الانشطارية في المنزل عند عدم التمكن من الذهاب للمستشفى وهل هناك اخطار من بقائها؟,semantic_retrieval,evidence,2,1,0.5,1.0,0.613147
trial_query_095,كيف تتم ازالة شظايا القنابل الصغيرة الانشطارية في المنزل عند عدم التمكن من الذهاب للمستشفى وهل هناك اخطار من بقائها؟,semantic_retrieval,qa,1,1,1.0,1.0,1.0
trial_query_096,السلام عليكم .. هل تناول ملعقة يوميا من زيت الحلبة على الريق يزيد من حجم الثدي بجانب التمارين ..؟؟ و ما المدة التى يمكن الاستمرار عليها فى تناول الزيت؟ و...,semantic_retrieval,entity,1,1,1.0,1.0,1.0
trial_query_096,السلام عليكم .. هل تناول ملعقة يوميا من زيت الحلبة على الريق يزيد من حجم الثدي بجانب التمارين ..؟؟ و ما المدة التى يمكن الاستمرار عليها فى تناول الزيت؟ و...,semantic_retrieval,evidence,3,2,0.666667,1.0,0.703918
trial_query_096,السلام عليكم .. هل تناول ملعقة يوميا من زيت الحلبة على الريق يزيد من حجم الثدي بجانب التمارين ..؟؟ و ما المدة التى يمكن الاستمرار عليها فى تناول الزيت؟ و...,semantic_retrieval,qa,2,1,0.5,1.0,0.613147
trial_query_097,كيفية التعامل مع انتفاخ ضرس العقل مسببا الام و احمرار الفك الاسفل,semantic_retrieval,entity,3,3,1.0,1.0,1.0
trial_query_097,كيفية التعامل مع انتفاخ ضرس العقل مسببا الام و احمرار الفك الاسفل,semantic_retrieval,evidence,5,2,0.4,1.0,0.50874
trial_query_097,كيفية التعامل مع انتفاخ ضرس العقل مسببا الام و احمرار الفك الاسفل,semantic_retrieval,qa,2,1,0.5,0.5,0.386853
trial_query_098,تعاني والدتي من انسداد في الصمام الابهر بنسبة 40-60. حيث والتقرير ينصح باجراء عملية قلب مفتوح وتبديل صمامالابهر مع العلم انها تعاني من مرض السكري وضغط الدمز. العمر65س,semantic_retrieval,entity,6,5,0.833333,1.0,1.0
trial_query_098,تعاني والدتي من انسداد في الصمام الابهر بنسبة 40-60. حيث والتقرير ينصح باجراء عملية قلب مفتوح وتبديل صمامالابهر مع العلم انها تعاني من مرض السكري وضغط الدمز. العمر65س,semantic_retrieval,evidence,31,3,0.096774,1.0,0.653049
trial_query_098,تعاني والدتي من انسداد في الصمام الابهر بنسبة 40-60. حيث والتقرير ينصح باجراء عملية قلب مفتوح وتبديل صمامالابهر مع العلم انها تعاني من مرض السكري وضغط الدمز. العمر65س,semantic_retrieval,qa,25,3,0.12,1.0,0.56311
trial_query_099,انا ابتلعت دبوس امس ولا اشعر ببلعه واعاني بوجع صدري كيف اعمل,semantic_retrieval,entity,2,2,1.0,1.0,1.0
trial_query_099,انا ابتلعت دبوس امس ولا اشعر ببلعه واعاني بوجع صدري كيف اعمل,semantic_retrieval,evidence,4,2,0.5,1.0,0.636682
trial_query_099,انا ابتلعت دبوس امس ولا اشعر ببلعه واعاني بوجع صدري كيف اعمل,semantic_retrieval,qa,2,1,0.5,1.0,0.613147
trial_query_100,عندى بقع بنية على جانبى الوجة وانا اعانى من انيميا 10 وكان عندى حصوات بالمرارة وعملت العملية ولا زالت البقع موجودة ما العلاج الاكيد وشكرا,semantic_retrieval,entity,2,2,1.0,1.0,1.0
trial_query_100,عندى بقع بنية على جانبى الوجة وانا اعانى من انيميا 10 وكان عندى حصوات بالمرارة وعملت العملية ولا زالت البقع موجودة ما العلاج الاكيد وشكرا,semantic_retrieval,evidence,23,5,0.217391,1.0,1.0
trial_query_100,عندى بقع بنية على جانبى الوجة وانا اعانى من انيميا 10 وكان عندى حصوات بالمرارة وعملت العملية ولا زالت البقع موجودة ما العلاج الاكيد وشكرا,semantic_retrieval,qa,21,3,0.142857,1.0,0.566945
trial_query_101,ماهو البردقوش وهل يوجد باليمن وهل يزيد من عدد الحيوانات المنويه؟,semantic_retrieval,entity,2,2,1.0,1.0,1.0
trial_query_101,ماهو البردقوش وهل يوجد باليمن وهل يزيد من عدد الحيوانات المنويه؟,semantic_retrieval,evidence,5,3,0.6,1.0,0.722727
trial_query_101,ماهو البردقوش وهل يوجد باليمن وهل يزيد من عدد الحيوانات المنويه؟,semantic_retrieval,qa,3,1,0.333333,1.0,0.625705
trial_query_102,اعاني من حموضة وصعوبة في التنفس وصعوبة بلع والم في الجانب الايسر من الصدر مع تعب في الكتف اليسرى بعد ابذال مجهود فهل هذا خطر على القلب ام حموضة عادية,semantic_retrieval,entity,3,3,1.0,1.0,1.0
trial_query_102,اعاني من حموضة وصعوبة في التنفس وصعوبة بلع والم في الجانب الايسر من الصدر مع تعب في الكتف اليسرى بعد ابذال مجهود فهل هذا خطر على القلب ام حموضة عادية,semantic_retrieval,evidence,6,3,0.5,1.0,0.644824
trial_query_102,اعاني من حموضة وصعوبة في التنفس وصعوبة بلع والم في الجانب الايسر من الصدر مع تعب في الكتف اليسرى بعد ابذال مجهود فهل هذا خطر على القلب ام حموضة عادية,semantic_retrieval,qa,3,0,0.0,0.0,0.0
trial_query_103,ما هو ابسط علاج لمرض السكر بدون كيماويات؟,semantic_retrieval,entity,2,2,1.0,1.0,1.0
trial_query_103,ما هو ابسط علاج لمرض السكر بدون كيماويات؟,semantic_retrieval,evidence,13,5,0.384615,1.0,1.0
trial_query_103,ما هو ابسط علاج لمرض السكر بدون كيماويات؟,semantic_retrieval,qa,11,3,0.272727,1.0,0.586892
trial_query_104,انا عملت جراحة فى القلب وتم تغير الصمام المترالى بصمام ميكانيكى صناعى وباخد دواء واريفان ( لسيولة الدم ) 8 ملجرام ومصاب بالانفلوانزا ماالعلاج المناسب,semantic_retrieval,entity,2,2,1.0,1.0,1.0
trial_query_104,انا عملت جراحة فى القلب وتم تغير الصمام المترالى بصمام ميكانيكى صناعى وباخد دواء واريفان ( لسيولة الدم ) 8 ملجرام ومصاب بالانفلوانزا ماالعلاج المناسب,semantic_retrieval,evidence,5,3,0.6,1.0,0.722727
trial_query_104,انا عملت جراحة فى القلب وتم تغير الصمام المترالى بصمام ميكانيكى صناعى وباخد دواء واريفان ( لسيولة الدم ) 8 ملجرام ومصاب بالانفلوانزا ماالعلاج المناسب,semantic_retrieval,qa,3,2,0.666667,1.0,0.765361
trial_query_105,هل حبوب كريستور(rousovastatin) تؤثر على عضلة القلب ؟,semantic_retrieval,entity,1,1,1.0,1.0,1.0
trial_query_105,هل حبوب كريستور(rousovastatin) تؤثر على عضلة القلب ؟,semantic_retrieval,evidence,2,1,0.5,1.0,0.613147
trial_query_105,هل حبوب كريستور(rousovastatin) تؤثر على عضلة القلب ؟,semantic_retrieval,qa,1,1,1.0,1.0,1.0
trial_query_106,هل يوجد أعشاب طبية تساعد على الشفاء من حالة الاكتئاب و الشعور بالخوف ، علما بأنه يوجد لدي فقر دم (انيميا الفول ) و يتجدث حالات الاكتئاب هذه عند تناول...,semantic_retrieval,entity,5,5,1.0,1.0,1.0
trial_query_106,هل يوجد أعشاب طبية تساعد على الشفاء من حالة الاكتئاب و الشعور بالخوف ، علما بأنه يوجد لدي فقر دم (انيميا الفول ) و يتجدث حالات الاكتئاب هذه عند تناول...,semantic_retrieval,evidence,26,3,0.115385,1.0,0.820069
trial_query_106,هل يوجد أعشاب طبية تساعد على الشفاء من حالة الاكتئاب و الشعور بالخوف ، علما بأنه يوجد لدي فقر دم (انيميا الفول ) و يتجدث حالات الاكتئاب هذه عند تناول...,semantic_retrieval,qa,21,2,0.095238,1.0,0.646402
trial_query_107,"انا عندى 16 سنة وعندي ارتخاء بالصمام الميترالى والاعراض اللى عندي دوخة لما أقف و بتعب من أقل مجهود , وعند الاستيقاظ هناك ضيق بالتنفس,والدكتورظكاتبلى اندرال 20 جم بس مش...",semantic_retrieval,entity,4,4,1.0,1.0,1.0
trial_query_107,"انا عندى 16 سنة وعندي ارتخاء بالصمام الميترالى والاعراض اللى عندي دوخة لما أقف و بتعب من أقل مجهود , وعند الاستيقاظ هناك ضيق بالتنفس,والدكتورظكاتبلى اندرال 20 جم بس مش...",semantic_retrieval,evidence,10,5,0.5,1.0,0.72733
trial_query_107,"انا عندى 16 سنة وعندي ارتخاء بالصمام الميترالى والاعراض اللى عندي دوخة لما أقف و بتعب من أقل مجهود , وعند الاستيقاظ هناك ضيق بالتنفس,والدكتورظكاتبلى اندرال 20 جم بس مش...",semantic_retrieval,qa,6,0,0.0,0.111111,0.091092
trial_query_108,هل هناك اسباب للحساسية من الباراسيتمول وما الاغذية التى امتنع عنها وما هى الاغذية التى ااكلها,semantic_retrieval,entity,2,2,1.0,1.0,1.0
trial_query_108,هل هناك اسباب للحساسية من الباراسيتمول وما الاغذية التى امتنع عنها وما هى الاغذية التى ااكلها,semantic_retrieval,evidence,40,4,0.1,1.0,0.905212
trial_query_108,هل هناك اسباب للحساسية من الباراسيتمول وما الاغذية التى امتنع عنها وما هى الاغذية التى ااكلها,semantic_retrieval,qa,38,5,0.131579,1.0,0.790951
trial_query_109,كان لدي ارتفاع بسيط في الصفائح ٤٦١ وعندما ولدت بعد ٥٠ يوم التحليل طلع ٦٧٩ واشكو من عدم اكتمال النفس في بعض الاوقات وقال لي الطبيب لديك التهاب في الصدر...,semantic_retrieval,entity,2,2,1.0,1.0,1.0
trial_query_109,كان لدي ارتفاع بسيط في الصفائح ٤٦١ وعندما ولدت بعد ٥٠ يوم التحليل طلع ٦٧٩ واشكو من عدم اكتمال النفس في بعض الاوقات وقال لي الطبيب لديك التهاب في الصدر...,semantic_retrieval,evidence,8,5,0.625,1.0,0.835891
trial_query_109,كان لدي ارتفاع بسيط في الصفائح ٤٦١ وعندما ولدت بعد ٥٠ يوم التحليل طلع ٦٧٩ واشكو من عدم اكتمال النفس في بعض الاوقات وقال لي الطبيب لديك التهاب في الصدر...,semantic_retrieval,qa,6,1,0.166667,0.333333,0.151301
trial_query_110,عمري 18 سنة وأنا أعاني من صغر الثدي هل يوجد أي حل لتكبيره دون جراحة?,semantic_retrieval,entity,1,1,1.0,1.0,1.0
trial_query_110,عمري 18 سنة وأنا أعاني من صغر الثدي هل يوجد أي حل لتكبيره دون جراحة?,semantic_retrieval,evidence,2,1,0.5,1.0,0.613147
trial_query_110,عمري 18 سنة وأنا أعاني من صغر الثدي هل يوجد أي حل لتكبيره دون جراحة?,semantic_retrieval,qa,1,1,1.0,1.0,1.0
trial_query_111,عمري ٢٥سنة واعاني من نشاط زائد في الغده الدرقية وقمت بأخذ جرعه من اليود النووي المشع وعندي طفل عمره سنه فما المده الزمنيه المحدده اللتي سأتمكن بعدها,semantic_retrieval,entity,2,2,1.0,1.0,1.0
trial_query_111,عمري ٢٥سنة واعاني من نشاط زائد في الغده الدرقية وقمت بأخذ جرعه من اليود النووي المشع وعندي طفل عمره سنه فما المده الزمنيه المحدده اللتي سأتمكن بعدها,semantic_retrieval,evidence,6,2,0.333333,0.333333,0.484875
trial_query_111,عمري ٢٥سنة واعاني من نشاط زائد في الغده الدرقية وقمت بأخذ جرعه من اليود النووي المشع وعندي طفل عمره سنه فما المده الزمنيه المحدده اللتي سأتمكن بعدها,semantic_retrieval,qa,4,1,0.25,0.2,0.15102
trial_query_112,يشعر والدي بألم في منطقة الصدر علما ان والدي مصاب بجلطة قلبية ودماغية اليوم قد تناول بيزا وكانت دسمة،،،،،هل هذا الم قلب ام الام معدة,semantic_retrieval,entity,1,1,1.0,1.0,1.0
trial_query_112,يشعر والدي بألم في منطقة الصدر علما ان والدي مصاب بجلطة قلبية ودماغية اليوم قد تناول بيزا وكانت دسمة،،،،،هل هذا الم قلب ام الام معدة,semantic_retrieval,evidence,2,1,0.5,1.0,0.613147
trial_query_112,يشعر والدي بألم في منطقة الصدر علما ان والدي مصاب بجلطة قلبية ودماغية اليوم قد تناول بيزا وكانت دسمة،،،،،هل هذا الم قلب ام الام معدة,semantic_retrieval,qa,1,0,0.0,0.0,0.0
trial_query_113,هل يوجد تأثير على الجنين في حالة تعاطي أقراص ميزوتاك في بداية الحمل بغرض الإجهاض وأنا الآن اقتنعت باكمال الحمل ولكن قلق من تأثر الجنين بالمادة الفعالة لهذا الدواء؟,semantic_retrieval,entity,5,5,1.0,1.0,1.0
trial_query_113,هل يوجد تأثير على الجنين في حالة تعاطي أقراص ميزوتاك في بداية الحمل بغرض الإجهاض وأنا الآن اقتنعت باكمال الحمل ولكن قلق من تأثر الجنين بالمادة الفعالة لهذا الدواء؟,semantic_retrieval,evidence,45,4,0.088889,1.0,0.861138
trial_query_113,هل يوجد تأثير على الجنين في حالة تعاطي أقراص ميزوتاك في بداية الحمل بغرض الإجهاض وأنا الآن اقتنعت باكمال الحمل ولكن قلق من تأثر الجنين بالمادة الفعالة لهذا الدواء؟,semantic_retrieval,qa,40,2,0.05,1.0,0.538411
trial_query_114,حموضة في فمي واحساس برائحة تفاح متعفن مع كدمات زرقاء غامقة في قدماي واحساس بغبوش في الرؤية,semantic_retrieval,entity,1,1,1.0,1.0,1.0
trial_query_114,حموضة في فمي واحساس برائحة تفاح متعفن مع كدمات زرقاء غامقة في قدماي واحساس بغبوش في الرؤية,semantic_retrieval,evidence,2,1,0.5,1.0,0.613147
trial_query_114,حموضة في فمي واحساس برائحة تفاح متعفن مع كدمات زرقاء غامقة في قدماي واحساس بغبوش في الرؤية,semantic_retrieval,qa,1,1,1.0,1.0,1.0
trial_query_115,قمت بعمل اشعة بالصبغة على الاورطى والشرايين الطرفية وجت انتفاخ بالوجه ووجع بالجسم ارجو الافادة,semantic_retrieval,entity,3,3,1.0,1.0,1.0
trial_query_115,قمت بعمل اشعة بالصبغة على الاورطى والشرايين الطرفية وجت انتفاخ بالوجه ووجع بالجسم ارجو الافادة,semantic_retrieval,evidence,15,3,0.2,1.0,0.751092
trial_query_115,قمت بعمل اشعة بالصبغة على الاورطى والشرايين الطرفية وجت انتفاخ بالوجه ووجع بالجسم ارجو الافادة,semantic_retrieval,qa,12,1,0.083333,1.0,0.220092
trial_query_116,ماهي أضرارشجرة القات وماهي منافعها إذا لها فوائد وهل صحيح أنها علاج لمرضى السكر,semantic_retrieval,entity,3,3,1.0,1.0,1.0
trial_query_116,ماهي أضرارشجرة القات وماهي منافعها إذا لها فوائد وهل صحيح أنها علاج لمرضى السكر,semantic_retrieval,evidence,14,5,0.357143,1.0,0.930569
trial_query_116,ماهي أضرارشجرة القات وماهي منافعها إذا لها فوائد وهل صحيح أنها علاج لمرضى السكر,semantic_retrieval,qa,11,2,0.181818,1.0,0.425208
trial_query_117,أعاني من حرقان بكامل بجسمي والتهاب المسالك البوليه وارتفاع الكلسترول والدهون الثلاثيه مال الحل جزاكم الله خير وما قد يكون المسبب,semantic_retrieval,entity,2,2,1.0,1.0,1.0
trial_query_117,أعاني من حرقان بكامل بجسمي والتهاب المسالك البوليه وارتفاع الكلسترول والدهون الثلاثيه مال الحل جزاكم الله خير وما قد يكون المسبب,semantic_retrieval,evidence,4,2,0.5,1.0,0.636682
trial_query_117,أعاني من حرقان بكامل بجسمي والتهاب المسالك البوليه وارتفاع الكلسترول والدهون الثلاثيه مال الحل جزاكم الله خير وما قد يكون المسبب,semantic_retrieval,qa,2,2,1.0,1.0,1.0
trial_query_118,ماهي علاجات حمى التهاب باطن القدم وباطن اليد وماهي الفحوصات للتاكد من اسباب هذا المرض؟,semantic_retrieval,entity,2,2,1.0,1.0,1.0
trial_query_118,ماهي علاجات حمى التهاب باطن القدم وباطن اليد وماهي الفحوصات للتاكد من اسباب هذا المرض؟,semantic_retrieval,evidence,16,5,0.3125,1.0,1.0
trial_query_118,ماهي علاجات حمى التهاب باطن القدم وباطن اليد وماهي الفحوصات للتاكد من اسباب هذا المرض؟,semantic_retrieval,qa,14,1,0.071429,1.0,0.293456
trial_query_119,والدي وقع من الدرج قبل ثلالث ايام نلاحظ هناك زغللة في عينه اليمنى مع حول فيها تم قياسة مستوى السكر اليوم 200 اتمنى افادتي بهذا الامر هل له علاقة بالحلطة...,semantic_retrieval,entity,2,2,1.0,1.0,1.0
trial_query_119,والدي وقع من الدرج قبل ثلالث ايام نلاحظ هناك زغللة في عينه اليمنى مع حول فيها تم قياسة مستوى السكر اليوم 200 اتمنى افادتي بهذا الامر هل له علاقة بالحلطة...,semantic_retrieval,evidence,13,5,0.384615,1.0,0.933746
trial_query_119,والدي وقع من الدرج قبل ثلالث ايام نلاحظ هناك زغللة في عينه اليمنى مع حول فيها تم قياسة مستوى السكر اليوم 200 اتمنى افادتي بهذا الامر هل له علاقة بالحلطة...,semantic_retrieval,qa,11,2,0.181818,0.5,0.302404
trial_query_120,ماهي الاهمية الطبية للجلوكوز والفركتوز والجالكتوز؟,semantic_retrieval,entity,3,3,1.0,1.0,1.0
trial_query_120,ماهي الاهمية الطبية للجلوكوز والفركتوز والجالكتوز؟,semantic_retrieval,evidence,4,1,0.25,1.0,0.39038
trial_query_120,ماهي الاهمية الطبية للجلوكوز والفركتوز والجالكتوز؟,semantic_retrieval,qa,1,1,1.0,1.0,1.0
trial_query_121,متى يلجأ الدكتور الي نزع عَصّب السن او الضرس,semantic_retrieval,entity,1,1,1.0,1.0,1.0
trial_query_121,متى يلجأ الدكتور الي نزع عَصّب السن او الضرس,semantic_retrieval,evidence,6,5,0.833333,1.0,0.892211
trial_query_121,متى يلجأ الدكتور الي نزع عَصّب السن او الضرس,semantic_retrieval,qa,5,1,0.2,0.333333,0.16958
trial_query_122,سلام لقد اجريت فحص الهرمون B-HCG ،و نتائج التحاليل كما يللي 3-4 اسبوع 9-130 4-5 اسبوع 75-2600 5-6 اسبوع 850-20800 7-8 اسبوع 4000-100200 7-12 اسبوع 11500-289000 12-16 اسبوع 18300-137000 و...,semantic_retrieval,entity,2,2,1.0,1.0,1.0
trial_query_122,سلام لقد اجريت فحص الهرمون B-HCG ،و نتائج التحاليل كما يللي 3-4 اسبوع 9-130 4-5 اسبوع 75-2600 5-6 اسبوع 850-20800 7-8 اسبوع 4000-100200 7-12 اسبوع 11500-289000 12-16 اسبوع 18300-137000 و...,semantic_retrieval,evidence,5,3,0.6,0.5,0.529635
trial_query_122,سلام لقد اجريت فحص الهرمون B-HCG ،و نتائج التحاليل كما يللي 3-4 اسبوع 9-130 4-5 اسبوع 75-2600 5-6 اسبوع 850-20800 7-8 اسبوع 4000-100200 7-12 اسبوع 11500-289000 12-16 اسبوع 18300-137000 و...,semantic_retrieval,qa,3,0,0.0,0.0,0.0
trial_query_123,لسلام عليكم ممكن تساعدوني ابني عملتله تطعيم سنة ونص اليوم هو يعاني من ارتفاع الحرارة ومايقدر يحرك رجلو وحتى يوقف وهو كتير البكاء كيف اتعامل معاه كيف اخفف من الم...,semantic_retrieval,entity,1,1,1.0,1.0,1.0
trial_query_123,لسلام عليكم ممكن تساعدوني ابني عملتله تطعيم سنة ونص اليوم هو يعاني من ارتفاع الحرارة ومايقدر يحرك رجلو وحتى يوقف وهو كتير البكاء كيف اتعامل معاه كيف اخفف من الم...,semantic_retrieval,evidence,2,1,0.5,1.0,0.613147
trial_query_123,لسلام عليكم ممكن تساعدوني ابني عملتله تطعيم سنة ونص اليوم هو يعاني من ارتفاع الحرارة ومايقدر يحرك رجلو وحتى يوقف وهو كتير البكاء كيف اتعامل معاه كيف اخفف من الم...,semantic_retrieval,qa,1,1,1.0,1.0,1.0
trial_query_124,هل زيت نبات الميرمية له آثار جانبية عند تناوله بشكل 3 كبسولات قبل الطعام للتخلص من افراز البرولاكتين المفرز والناتج عن ورم حميد في الغدة النخامية . .,semantic_retrieval,entity,5,4,0.8,1.0,0.868795
trial_query_124,هل زيت نبات الميرمية له آثار جانبية عند تناوله بشكل 3 كبسولات قبل الطعام للتخلص من افراز البرولاكتين المفرز والناتج عن ورم حميد في الغدة النخامية . .,semantic_retrieval,evidence,13,4,0.307692,1.0,0.706584
trial_query_124,هل زيت نبات الميرمية له آثار جانبية عند تناوله بشكل 3 كبسولات قبل الطعام للتخلص من افراز البرولاكتين المفرز والناتج عن ورم حميد في الغدة النخامية . .,semantic_retrieval,qa,8,2,0.25,1.0,0.361879
trial_query_125,عندي الم في منطقه البطن مع الم بصدر جهه اليمين الى الرقبه وماقدرت اعرف تفسير الالم ذا من ايش او سببه مع وجود احيان ضيق بالتنفس ،،،، افيدوني,semantic_retrieval,entity,1,1,1.0,1.0,1.0
trial_query_125,عندي الم في منطقه البطن مع الم بصدر جهه اليمين الى الرقبه وماقدرت اعرف تفسير الالم ذا من ايش او سببه مع وجود احيان ضيق بالتنفس ،،،، افيدوني,semantic_retrieval,evidence,2,1,0.5,1.0,0.613147
trial_query_125,عندي الم في منطقه البطن مع الم بصدر جهه اليمين الى الرقبه وماقدرت اعرف تفسير الالم ذا من ايش او سببه مع وجود احيان ضيق بالتنفس ،،،، افيدوني,semantic_retrieval,qa,1,0,0.0,0.066667,0.0
