query_id,query,query_group,reference_answer,category,ahd_row_index,sampling_seed,annotation_status
unseen100_001,كيف يمكن الدراسة طب الاعشاب؟وماهي المستوي المطلوب؟وهل هنك امكانية للدرسة عن طريق المراسلة,unseen_random_stratified_100,لا أعرف أن هناك جامعة عربية تدرس طب الأعشاب، وأرجو تصحيحي إذا كنت مخطئا. ولكنها ضمن دراسة جامعية في الصيدلة، وربما في علم النبات.,أعشاب طبية,804117,20260728,source_answer_reference_not_human_adjudicated
unseen100_002,ماهو لون الدم في الاوعية الدموية الشعرية نقي ام غير نقي ؟؟,unseen_random_stratified_100,المقصود بالدم النقي هو المؤكسد، ويكون الدم الشرياي عادة مؤكسد وعندما يدخا في الشعيرات يكون مؤكسد، ويبدأ بتلقي الدم غير المؤكسد في الشعيرات الوريدية، ويتحول لونه بالتدريج إلى اللون القاتم غير المؤكسد.,علم الأحياء,772295,20260728,source_answer_reference_not_human_adjudicated
unseen100_003,"عندي سؤال
هل توجدعملية غشاء البكاره الدائمه
وكم تدوم فتره طويله
وكم تستغرق من الوقت لآجرائهااا",unseen_random_stratified_100,لا يوجد غشاء بكارة دائم، وقد لجأت بعض الشعوب الأفريقية إلى إغلاق فتحة المهبل نهائياً بتخييط طرفي الفتحة، وترك فتحة صعيرة لخروج الدم ، واخترع الصينيين عشاء بكارة مؤقت يمكن وضعه في الليله الأولى لفضه وتمثيل وجود غشاء للبكارة،أما إعادة غشاء البكارة فيعتمد على المدة بعد تمزقه ووجود بقايا يمكن الاستفادة منها لعملية التخييط.,جراحة نسائية,797877,20260728,source_answer_reference_not_human_adjudicated
unseen100_004,هل ادوية تخفيف الوزن يؤثر على عملية التبويض و تمنع الحمل؟,unseen_random_stratified_100,ممكن فقدان الوزن بشكل كبير يؤدي لعدم الاباضه و تأخر الدوره,الحمل والولادة,717587,20260728,source_answer_reference_not_human_adjudicated
unseen100_005,اعانى ف وقت النوم بالذات بإنتصاب العضو لمده طويله حتى انام وعندما استيقظ نفس الموضوع مع العلم اننى لا اشعر بالراحه الا بالنوم على بطنى بدون ان اثير نفسى جنسيا...,unseen_random_stratified_100,هذا عادي في عمرك، مارس الرياضة ، وهوايات أخرى مثل المطالعة، وقلل التفكير في الجنس.,الأمراض الجنسية,756669,20260728,source_answer_reference_not_human_adjudicated
unseen100_006,والدى عمل تحليل الالفا فيتو بروتين ونسبته طلعت اعلى من هل ده معناه وجود سرطان 300,unseen_random_stratified_100,لا ينحصر ارتفاع البروتين الجنيني ألفا ( ألفا فيتوبروتين ) بالاصابة بالأورام الخبيثة اذ يرتبط بعوامل مرضية غير سرطانية كتشمع الكبد أو التهاب الكبد وغيرها . ننصح باستشارة الطبيب اتلمختص لتشخيص الحالة,مختبر,736860,20260728,source_answer_reference_not_human_adjudicated
unseen100_007,لدي بشرة دهنية و انا اعاني من النقاط السوداء خاصة علي الانف مالعمل,unseen_random_stratified_100,عليك مراجعة اخصائي جلدية من اجل عمل جلسات تنظيف بشرة وتقشير ووصف العلاج لهذه الحالة,علاج طبيعي,745659,20260728,source_answer_reference_not_human_adjudicated
unseen100_008,السلام عليكم انا بدي اتجوز بنت خالي والكن علمن انو املااض الوراثا موجودى عنا بالعيلا علمن انو اخوي حامل مرض فنير كتنوريى عشان ابوي ماخد لنت عمو وكمان عنا اطفال...,unseen_random_stratified_100,في وجود هذه الأمراض العائلية، ابعد عن الشر وغنيله. ولكن يمكن عمل خريطة جينية للزوجين لإوية احتمال انتقال الأمراض.,علم الوراثة,767485,20260728,source_answer_reference_not_human_adjudicated
unseen100_009,"كيف يمكن اعادة الانف الى حجمة الطبيعي قبل الحمل والولاده بدون عمليات تجميل
وما هو السبب في كبر الانف في هذه المرحله",unseen_random_stratified_100,ان الانف لايكبر قبل الحمل وانما فى فتره الحمل و الرضاعه يحدش تغيير فشيولوجى,علم الأنسجة,773125,20260728,source_answer_reference_not_human_adjudicated
unseen100_010,ولد لي طفل ولديه أصبع سادسه عظميه في كفه الايمن هل لهذا أثار مستقبليه؟,unseen_random_stratified_100,هذه حالة نادرة، ويمكن علاجها بسهولة واستئصال الإصبع السادسة من قبل الجراح، راجع جراح عظام.,تشوهات خلقية,779116,20260728,source_answer_reference_not_human_adjudicated
unseen100_011,هل يوجد ضرر من استخدامي فيتامينات برايورين لتقوية الشعر ومنع التساقط وانا مرضعة علماً بان عمر طفلي ستة اشهر ونص,unseen_random_stratified_100,لم تجري ابحاث معتمدة حتى الان عن امكانية استعماله خلال الحمل او الارضاع وهذا يعني انه يفضل تجنبه لان تاثيره غير معروف. يجب استشارة الطبيب او الصيدلاني قبل اخذ المكملات على اية حال,فيتامينات و معادن,673136,20260728,source_answer_reference_not_human_adjudicated
unseen100_012,أشعر بما يشبه الحكة على الشفرتين من الخارج .. تظهر وتختفي علما أنني أغسل وأجفف المنطقة يوميا.. ماذا أفعل,unseen_random_stratified_100,غالبا التهابات فطريه تحتاجين للذهاب لطبيب للفحص واعطاءك علاج مناسب,أمراض نسائية,277196,20260728,source_answer_reference_not_human_adjudicated
unseen100_013,انا عندي التهاب بضرسي والدكتوره وصفت لي كلافوس625ملجم وانا عندي التهاب كبدي سي بس خامل هل استخدم المضاد الحيوي ولا اوقفه؟,unseen_random_stratified_100,"يحتوي دواء كلافوس على المادة الفعالة أموكسيسيللين و كلافولانيك أسيد الذي يعتبر أحد المضادات الحيوية والذي ينتمي إلى عائلة البنسيللين. ومن الجدير بالذكر أنه يتم طرح الدواء خارج الجسم بالبول عن طريق الكلى، إلا أنه يؤدي في حالات نادرة إلى خلل في وظائف الكبد مثل اليرقان أو التهاب الكبد خاصة للمرضى الذين يعانون من مشاكل في الكبد مثل التهاب الكبد سي في حالتك. وتشير الدراسات أنه يمكن استخدامه بحذر تحت إشراف الطبيب المختص فقط مع ضرورة مراقبة وظائف الكبد قبل وخلال تناول الدواء على فترات منتظمة.
كما يجب العلم أنه يوجد بعض الحالات التي تعتبر من موانع الاستخدام لهذا الدواء مثل وجود تاريخ لليرقان أو اختلال وظائف الكبد مع العلاج بهذا الدواء. يفضل الرجوع للطبيب بعد عمل الفحوصات الخاصة بوظائف الكبد من أجل اتخاذ قرار باستخدام الدواء أو الاستعاضة عنه ببديل آخر أكثر أماناً.
للمزيد:

التهاب الكبد الوبائي الفيروسي والاسنان

المرجع:

Amoxicillin and Clavulanate
Amoxicillin-clavulanic acid–induced hepatitis",الامراض المعدية,709963,20260728,source_answer_reference_not_human_adjudicated
unseen100_014,ما هي فوائد فول الصويا ، وكيف نستعمله,unseen_random_stratified_100,"فول الصويا هو أحد أنواع البقوليات الشائعة في منطقة شرق آسيا. يتكون فول الصويا من البروتين بنسبة 36 % , 30 % من الكربوهيدرات ومحتوى جيد من المعادن , الفيتامينات , الألياف الغذائية اضافة الى الزيت بنسبة 20 % . أشارت الدراسات الحديثة الى دور فول الصويا في التقليل من خطر الاصابة بأمراض القلب والشرايين وسرطان البروستات , القولون والثدي , كما يُعد عاملاً للوقاية من الاصابة بهشاشة العظام المرافقة لانقطاع الطمث عند السيدات ويُخفف من حدة الهبات الساخنة المرافقة لهذه المرحلة .",علم النبات,784335,20260728,source_answer_reference_not_human_adjudicated
unseen100_015,ما معني كلمة sympathatic,unseen_random_stratified_100,معناها : تعاطفي، ودي,علم الأمراض,807386,20260728,source_answer_reference_not_human_adjudicated
unseen100_016,للاشخاص الي ليدهم حساسية الصدر من الغبار والرطوبة ما هو افضل علاج يمكن اخدة عند تهيج الصدر وضيق التنفس ...,unseen_random_stratified_100,العلاج يكون عن طريق طبيب,أرجية حساسية,373645,20260728,source_answer_reference_not_human_adjudicated
unseen100_017,السلام عليكم .. انا شاب في 20 من عمري كنت اعاني من ضعف في النمو الا اني في الاونه الاخيره نميت بشكل لا بأس به ولكني اعاني قصرا في الطول...,unseen_random_stratified_100,طولك يعتبر ضمن الطبيعي وبإمكانك استشارة طبيب غدد صم,جراحة العظام,606300,20260728,source_answer_reference_not_human_adjudicated
unseen100_018,تظهر في جسدي مرات بقع دموية لا تالم و تختفي بعد يوم وانا لا اعاني من حمى او اي الم او دوخة و لا ارهاق و انا ام مرضع ما...,unseen_random_stratified_100,ان كانت متكررة يجب الذهاب الي الطبيب لرؤية هذه البقع الدموية و شكلها و لونها ، من المحتمل ان تكون هناك مشكلة في الصفائح الدموية او في سيولة الدم,الطب العام,205477,20260728,source_answer_reference_not_human_adjudicated
unseen100_019,ما هو مرض الجدري وماهو العلاج وهل ممكن الوقايه منه,unseen_random_stratified_100,مرض معد خطير مع حويصلات، وهناك نوعان الجدري الكبير والجدري الصغير، أوالنبخ وهما متشابهان سريرياً، ولكن نسبة وفيات الجدري الكبير تزيد عن 30%، بينما لا تتجاوز النسبة في الصغير 1% ، وهو أخف تطوراً، ويتسبب عن عدوى بحمة خاصة. وتظهر أعراضه بعد فترة حضانة من 12 يوماً، وتبدأ برعشة وارتفاع فجائي في درجة الحرارة، مع ألم شديد في القطن، وتستمر هذه الحال حتى اليوم الرابع عشر من بدء المرض، حيث تهبط الحرارة فجأة، ويشعر المريض بالراحة لزوال آلام القطن. وبزوال الحمى والآلام يظهر، الطفح المميز للمرض على الوجه في شكل درنات صغيرة تسمى حليمات، ثم ينتشر من أعلى إلى أسفل حتى يغطي الساقين في مدى24 ساعة. ثم تبدأ تغييرات في وحدا ت الطفح فتتحول من حليمات إلى أكياس صغيرة بداخلها سائل رائق وتسمى حينئذ حويصلات، ثم يتعكر السائل الموجود داخل الحويصلات وحينئذ تسمى بالبثرات التي تجف وتتقشر. وبعد التقشر يترك الطفح آثاره على الجلد في شكل ندب (حفر) صغيرة تبقى مشوهة لصاحبها طول حياته. وقد يظهر الطفح كذلك على الأغشية المخاطية المبطنة للحنك وللزور وعلى ملتحمة العين فيفقدها البصر، والإصابة بالمرض تكسب صاحبها حصانة تقيه في الأغلب من المرض ثانية. تنتقل العدوى بواسط الرذاذ المتناثر من مسالك المريض، كما تنتقل بملامسته وملامسة الأدوات التي يستعملها. للوقاية من هذا المرض يطعم الأطفال في الأشهر الستة الأولى من عمرهم ويكرر التطعيم في حوالي السنة الخامسة، وفي حوالي سن البلوغ يطعم جميع السكان دورياً كل أربع سنوات. لا يوجد لعلاج المرض أي صادة، أو مادة كيماوية تؤثر على حمة الجدري، ولكن المداواة تخفف من الأعراض. كان الجدري من أول الأمراض التي حظيت باهتمام من منظمة الصحة العالمية ببرنامج عشري بدأ عام 1966، ويعتبر المرض الوحيد الذي تم استئصاله عالمياً.راجع جدري في القاموس.,خدمات طبية,776358,20260728,source_answer_reference_not_human_adjudicated
unseen100_020,ماهو علاج حريق جسم الانسان,unseen_random_stratified_100,"يختلف العلاج على حسب درجة الحريق
ولكن كاسعاف اولى فى البيت يجب ان يكون عندك مرهم مضاد الحروق",إسعاف أولي,518497,20260728,source_answer_reference_not_human_adjudicated
unseen100_021,متى يتم اكتمال مخ الجنين حيث اننى عملت اشعة رباعية الابعاد ولوحظ ان جنين لايوجدفى مخه مايربط بين الفص الايمن والفص الايسر وهو الان فى الشهر الثامن ماذا افعل وهل...,unseen_random_stratified_100,يستمر نمو دماغ الجنين من ناحيه الحجم واكتمال واتصال الاعصاب حتى الشهر التاسع. ولكن بالنسبه الى ما وصفتيه يبدو انه تشوه خلقي وعليك استشاره جراح اطفال اعصاب . ولكن للتاكد من التشخيص الرجاء ارسال التشخيص العلمي لما شُخص من قبل طبيب الاشعه والاستفسار منه عن طرق العلاج.,علم الأجنة,789209,20260728,source_answer_reference_not_human_adjudicated
unseen100_022,السلام عليكم يا دكتور اريد ان اسالك هل يناسب ان اضع التقويم لاسناني شبه زينة وكم يكلف ذلك ارجوا الرد سريعا لوسمحت,unseen_random_stratified_100,ممكن على يد اخصائي كي يحسن او على اﻻقل ﻻ يسئ الى اﻻسنان ويوجد بريسز باشكال والوان مختلفة والسعر يختلف من بلد ﻻخر ومن طبيب ﻻخر,صحة الأسنان,648551,20260728,source_answer_reference_not_human_adjudicated
unseen100_023,"أعاني من ألم حاد بالضرس الأيمن في الفك العلوي ( قبل ضرس العقل )
تم عمل صورة أشعة و لم يظهر تسوس
أصبح الالم يمتد الى العين حاليا
تناولت ايروبروفين400مجم...",unseen_random_stratified_100,"مراجعة الطبيب كبداية
اخذ مضاد حيوي مع مسكن الم
يمكن تصوير الفم شعاعيا للتأكد من التسوس بين الأسنان.",طب الأسنان,287243,20260728,source_answer_reference_not_human_adjudicated
unseen100_024,انا بعاني للاسف من مشاكل كتير اولها بشرتي جافة جدا بيها بقع سوداء نتيجة حبوب قشرتها زمان والبقع مبتطلعش وجلد وزة في رجلي واكواعي وركبي سوداء واظافري بتتكسر بسهولة واصابع...,unseen_random_stratified_100,السلام عليكم بالنسبه لجلد الوزة استخدمي كريم acretin و كريم carbamide يوميا مع بعض قبل النوم واحد هيقشر و الكريم التاني هيرطب و الكريمين دول لجلد الوزة فقط يعني ممنوع نحطه علي الوجه. بالنسبه للبقع لو مستعجله ممكن تعملي تقشير بارد في العياده او تستخدمي غسول Depiderm white mousse مع كريم neotone serum مرة قبل النوم بالنسبه للشعر لازم الاول تحليل 25-OH vitamin d Serum ferritin,الأمراض الجلدية,77417,20260728,source_answer_reference_not_human_adjudicated
unseen100_025,أتناول فيتامينات ب كلها وب 12 واميغا من فترة طويلة حدث لي تنميل أصبح في كل جسمي سكر بدم قريب جدا من طبيعي أشك أن فيتامينات سبب تنميل هل هناك...,unseen_random_stratified_100,طبعا له فحص والاجدر ان تاخذ الفيتامين بعد الفحص اذا تبين نقص ..عليك مراجعة طبيب اعصاب للفحص السريري واجراء اللازم,أمراض العضلات والعظام و المفاصل,341177,20260728,source_answer_reference_not_human_adjudicated
unseen100_026,هل رائق الجير او رائق الكلس (كربونات الكالسيوم) ضار بصحة الانسان؟بمعني ان في بعض الدول العربية يستعملونه في نقع بعض الفاكهة لعمل مربي او بما يسمي المعقود فتنقع الفاكهة مدة...,unseen_random_stratified_100,ليس هناك اي اضرار من تناول مادة كربونات الكالسيوم إذا ام تتجاوز الحد الطبيعي المسموح به وهو 2500مغم يوميا,كيمياء,805368,20260728,source_answer_reference_not_human_adjudicated
unseen100_027,هل تؤثر عشبة الزعتر على الأنثى و عند شرابها لعشبة الزعتر فهل تؤثر على صحتها ؟,unseen_random_stratified_100,اﻻفراط في تناول اﻻدوية واﻻعشاب الطبية له تاتيرات سلبية على صحة اﻻنسان عموما .وننصح باستشارة اﻻخصائين في الحاﻻت المرضية.,أمراض الأطفال,656314,20260728,source_answer_reference_not_human_adjudicated
unseen100_028,اعاني الربو والحساسية الانفية واستعمل منذ سنوات حبوب الكيتوتفين هل تؤثر علي للمستقبل وهل لها اضرار و اعاني من ظهور بقع حمراء على شكل اكزيما في الوجه من وقت لآخر...,unseen_random_stratified_100,ولماذا فقط ما ذكرتم من الادوية هناك الكثير من الادوية الاكثر كفائة,أمراض الجهاز التنفسي,536013,20260728,source_answer_reference_not_human_adjudicated
unseen100_029,لماذا لم تنخفض حرارة ابني مع اني اعطيته تحاميل ديجلوجيسيك 12،5,unseen_random_stratified_100,لم تنخفض لانك لم تأخذ ابنك للطبيب لمعرفة سبب الحرارة وعلاج السبب الاساسي للحرارة.,صحة الطفل,469045,20260728,source_answer_reference_not_human_adjudicated
unseen100_030,"يشكو طفلي من عينه بعد تلقي ضربة عليها حينما كان يلعب
يوجد احمرار حول العين وعندما يرمش العدسه تاتي من الزاويه اليسرى العلويه للعين وتستقر في الوسط ويشكو من الالم",unseen_random_stratified_100,يلزمه فحص عند طبيب العيون لتقييم الوضع,امراض العيون,377905,20260728,source_answer_reference_not_human_adjudicated
unseen100_031,كم المده المتوقعه لظهور ماده الحشيش في البول علمنا بان الشخص منقطع عن التعاطي لمده اكثر من شهرين وهو متعاطي على خفيف يعني أسبوعين سجاره او سجارتين وله تقريبا في...,unseen_random_stratified_100,اسبوعين...ولكن الان ظهرت اجهزه حديثه تقيس اقل نسبة فى الدم,علم السموم,681986,20260728,source_answer_reference_not_human_adjudicated
unseen100_032,"اجريت عملية شفط دهون وشد للبطن
واشعر بتجمع مياة حول بطني مع العلم اني أرتدي المشد",unseen_random_stratified_100,ممارسة بعض التمارين الرياضيه الخفيفه و وضع المشد مع ضرورة مراجعة الطبيب المسوول للكشف السريري و اعطاء العلاج اللازم,جراحة تجميل,324867,20260728,source_answer_reference_not_human_adjudicated
unseen100_033,كيف يتم علاج ثقب في القلب لطفل حديث الولادة ؟ وكيف تتعامل الأم مع طفلها في هذه الحاله؟,unseen_random_stratified_100,التشخيص بعمل الايكو للقلب بواسطة متخصص قلب اطفال + الجراحة أو التدخل بالقسطرة بعد التشخيص نوع الثقب وطوله.,جراحة القلب والشرايين,524836,20260728,source_answer_reference_not_human_adjudicated
unseen100_034,ما هيا الأدوية التي تساعد على معالجة الصرع او اي شئ يساعد في الشفاء من هذا المرض,unseen_random_stratified_100,"هناك العديد من الادوية تستخدم مثل carbamazepine (Carbatrol or Tegretol),phenytoin(Dilantin), valproate, and valproic acid
لكن يجب اشراف الطبيب و لا تستطيع اختيار دواء بدون استشارته
لانه توجد أنواع عديدة للصرع و هناك عدة عوامل تؤثر على اختيار الدواء
يقوم الطبيب بتشخيص الحالة و صرف الدواء المناسب",علم الصيدلة,324580,20260728,source_answer_reference_not_human_adjudicated
unseen100_035,"السلام عليكم ....
الالم اسفل البطن من الجهة اليمن قصاد السرة ياتي الالم من وقت الا اخر عبارة عن طعنات",unseen_random_stratified_100,يرجى عمل اشعه تلفزيونيه على البطن وتحاليل البول والبراز وعرضها على الطبيب المختص لتقييم الحاله ووصف العلاج المناسب,أمراض باطنية,515991,20260728,source_answer_reference_not_human_adjudicated
unseen100_036,طريقه علاج الورم الدموي عند الاطفال حديثي الولاده حيث ان مكان الورم تحت الاذن اليسرى قريب جدا من عصب الوجه,unseen_random_stratified_100,يوجه السؤال لاختصاصي جراحة اطفال.,جراحة الأطفال,554822,20260728,source_answer_reference_not_human_adjudicated
unseen100_037,عندي احتقان بين الانف و الحلق من جوا لا اعلم كيف اوصف المكان لكن المهم احس بحكة في الحلق كل شوي تجيني و شعور مزعج رغم ان لا يوجد بلغم...,unseen_random_stratified_100,"هذا غالباً سببه الحساسية
خد مضاد تحسس مثل اللوراتيدين او راجع طبيب",أنف، أذن وحنجرة,570276,20260728,source_answer_reference_not_human_adjudicated
unseen100_038,لإمراة لديها 6 اطفال .. الشعور بالحاجة للتبول كل ساعة تقريبا وخصوصا في فترة الليل .. علما انها لا يوجد لديها التهاب او حصى .. ممكن ان يكون هبوط بالرحم...,unseen_random_stratified_100,"على الاغلب -بما انه لديها ستة اطفال- انها تعاني من هبوط الرحم او المثانه.....
ان كان الهبوط بسيطا فان العلاج الدوائي يعطي نتيجة جيده والا فان العمليه الجراحيه هي الحل
لا بد لها ان تراجع اختصاصي النسائيه اولا",جراحة المسالك البولية,760198,20260728,source_answer_reference_not_human_adjudicated
unseen100_039,كيف يكون الطفل اجسام مضاده ضد فصائل الدم الاخرى؟,unseen_random_stratified_100,"السؤال بصيغته الحالية غير صحيح اذ ان الطفل يستلم اجسام مضادة في مرحلته الاولى اذا كان هناك اختلاف في العامل الريصي ( RH) وسأشرح لك الموضوع
** فصائل الدم في الأم والجنين :
توجد أربع فصائل مُحَدِّدِة للدم هي: A أ، B ب، AB أ ب، O و، وكل نوع من هذه الفصائل الأربع يقسّم إلى سالب وموجب، حسب وجود أجسام معينة على جدار كرات الدم الحمراء تسمى العامل الريصي Rh factor. وتوجد هذه الأجسام في حوالي 85% من الأشخاص، ويطلق عليهم اسم ""موجب"" ، أما نسبة الـ 15%، فلا توجد لديهم هذه الأجسام، ويطلق عليهم أسم ""سالب"". فالشخص الذي فصيلة دمه ""أ A"" قد يكون ""أ موجب "" أو"" أ سالب"" حسب وجود العامل الريصي في كرات دمه الحمراء.
أ. اختلاف العامل الريصي Rh factor، بين الأم والجنين:
في الحمل الأول للأم، التي فصيلة دمها ""سالب"" وتحمل جنيناً فصيلة دمه ""موجب""، لا يؤثر هذا الجنين في الأم، إلاّ في لحظة الولادة، وذلك بوصول جزء من دمه الموجب، إلى دم الأم السالب، ما يحفز جهاز المناعة لدى الأم، إلى تكوين أجسام مضادة لهذا العامل الريصي.
وفي الحمل الثاني تنتقل هذه الأجسام المضادة من الأم عبر المشيمة، وتؤثر على الجنين، وذلك في صورة إجهاض، أو تكسير كرات الدم الحمراء للجنين. وتحدث من ثم حالة أنيميا ""فقر دم"" وارتفاع في نسبة الصفراء بالدم، ما يستوجب علاجاً فورياً بعد الولادة، مثل تغيير دم الطفل ، أو العلاج الضوئي.
ويمكن الوقاية من حدوث هذه المضاعفات للجنين، من طريق حقن الأم بأجسام مضادة خلال 24 ساعة من الولادة. وتقضي هذه الأجسام على كرات الدم الحمراء، التي تحمل العامل الريصي وتصل دم الأم من الطفل، ومن ثم لا تتكون أجسام مضادة في دم الأم، تؤذي الجنين القادم.
ب. اختلاف فصائل الدم بين الأم والجنين:
عندما تكون فصيلة دم الأم O، وفصيلة الجنين A أو B، ويدخل جزء من دم الجنين أثناء الولادة إلى الأم، فإنه تتكون أجسام مضادة في دم الأم من نوع IgG. وفي الحمل الثاني تعبر هذه الأجسام المضادة لكرات الدم الحمراء"" A "" أو كرات الدم الحمراء"" B "" المشيمة، وتصل إلى الجنين، وتسبب تكسيراً في كرات دمه الحمراء وأنيميا وارتفاع في نسبة الصفراء لدى الطفل، تماماً مثل حالات العامل الريصى. أما إذا كانت فصيلة دم الأم هي"" A "" أو"" B "" فأن الأجسام المضادة لفصيلة دم الطفل"" O ""، مثلاً، تكون من النوع IgM وهذا النوع لا يستطيع ـ لكبر حجمه ـ أن يعبر المشيمة، ولذلك لا يحدث أي تكسير أو تأثر في كرات دم الجنين.",علم المناعة,766309,20260728,source_answer_reference_not_human_adjudicated
unseen100_040,"مـا هو الموضوع الملائم لبحث تخرج طبي..؟؟
على ان يكون المرض معروف ومصادره موجوده..",unseen_random_stratified_100,اسمح لي أن أقترح موضوعاً كان مهماً في التاريخ، وهو فحص البول وأثره في التشخيص؟؟. والمصادر موجودة في جميع الكتب لطبية القديمة : القانون في الطب، أو الحاوي أو أي من الكتب القديمة .وفقك الله.,تاريخ الطب,768683,20260728,source_answer_reference_not_human_adjudicated
unseen100_041,هل مرض أنيميا الفوليه من الأمراض الوراثيه والمعتمده في تحليل الزواج؟,unseen_random_stratified_100,فحوصات الزواج المعتمدة تختلف من دولة لاخرى لكن فحص الدم لمرض الثلاسيميا هو اهم فحص للمقبلين على الزواج من ناحية امراض الدم,الامراض الوراثية,801211,20260728,source_answer_reference_not_human_adjudicated
unseen100_042,عايز طريقة علاج لتعديل بروز الاسنان الامامية بدون تقويم,unseen_random_stratified_100,التتويج هو الخيار الثاني بعد التقويم في حال عدم الرغبة بإجراء تقويم,جراحة الفك والأسنان,446168,20260728,source_answer_reference_not_human_adjudicated
unseen100_043,ما هي الماكولات التي تسبب في زيادة ضهور حب الشباب ؟,unseen_random_stratified_100,"الأطعمة المقلية والزيوت وعادة ما تكون دهنية وغير صحي للبشرة. هذا لا تدل على أنه يزيد من منتج للنفط في جلدنا ، إلا أنها يمكن أن تسبب الجلد غير الصحية التي تصبح أكثر عرضة للتنمية حب الشباب. الأطعمة الغنية بالدهون وكذلك نوع واحد من الطعام الذي ينبغي تجنبه.
المشروبات الغازية وكذلك القهوة غير صحي جدا للبشرة. بدلا من المشروبات المستهلكة نسبة عالية من السكر والكافيين ، يجب أن تستهلك المياه بكميات وافرة. يمكن ترطيب نفسك مع الماء يوميا يساعد الجسم على وظيفة في وسعها زائد يساعد في القضاء على النفايات السامة داخل الجسم. وبالتالي ، يمكن أن يساعد هذا في منع انتاج الجلد حب الشباب المعرضة لل.
الآيس كريم والشوكولاته هي الأطعمة التي هي غير صحية ليس فقط لبشرتك ولكن أيضا على وزنك. مرة أخرى ، وهذه الأطعمة على نسبة عالية من السكر والتي يمكن أن تؤدي إلى تفاقم أو حتى مشكلة حب الشباب. وبالتالي يجب أن تؤخذ هذه الأطعمة على كمية ضئيلة أو لا شيء على الإطلاق.
الأطعمة المذكورة أعلاه هي من بين بعض الأطعمة التي يجب أن نراه أو تجنب لأنها يمكن أن تؤدي إلى هروب حب الشباب. لا تزال هناك غيرها من الأمور التي يجب القيام بها لتحقيق صحة الجلد وظهور حب الشباب ممارسة حرة والتدابير الصحية.",البشرة والجمال,770385,20260728,source_answer_reference_not_human_adjudicated
unseen100_044,عملت تحليل سائل منوي وطلع العدد41مليون والسرعة في الساعة الاولى 25٪وفي الساعة الثانية 10٪هل يوجد مشاكل,unseen_random_stratified_100,لا يوجد مشاكل والعدد ممتاز.,صحة الرجل,545583,20260728,source_answer_reference_not_human_adjudicated
unseen100_045,هل لقاح الانفلوزا له اي اثار جانبيه,unseen_random_stratified_100,"مطعوم الانفلونزا بشكل عام أمن وليس خطيرا , قد يحدث احمرار أو حكة مكان الحقن ليوم أو يومين",مطاعيم و لقاحات,741104,20260728,source_answer_reference_not_human_adjudicated
unseen100_046,السلام عليكم .. انا كنت اشرب و تركت الموضوع الحمدلله .. هل يظهر بتحليل الدم او البول ؟ مع العلم انني لم اشرب من ما يقارب 4 اسابيع و كم...,unseen_random_stratified_100,تعاطي الكحول يختلف عن تعاطي المخدرات المخدرات تبقي في الدم والبول لفترة طويلة اما تعاطي الكحول يخرج من الجسم خلال يومين من تعاطية كونه نوع من انواع السوائل وفحصه يتم في الحال عن طريق النفخ في جهاز او المشي كما يحدث مع سيارت الشرطة ليلا اما ادمان الكحول يظهر عند فحص انزيم في الكبد GGTوهدا الفحص ينفي ولايؤكد,صحة عامة,506130,20260728,source_answer_reference_not_human_adjudicated
unseen100_047,هل خلط الزنجبيل مع القرفة من اجل تحفيز الجسم على على الحرق ينتج عنه مواد ضارة خطيرة؟,unseen_random_stratified_100,الطب البديل وطب الأعشاب ليست مدروسة بشكل علمي في بلادنا، ولكن بشكل عام لا يعتقد أنها تحمل أي أضرار.,الصحة و الرياضة,741203,20260728,source_answer_reference_not_human_adjudicated
unseen100_048,"لدي عطش دائم. اشرب في النهار 5-7 لترات من الماء
مع العلم انه ليس لدي سكري
فما هو العلاج؟ وشكرا",unseen_random_stratified_100,"يرجى مراجعة طبيب امراض الباطنة و لكن اليك هذه المعلومات.
أعدت المكتبة الوطنية الأمريكية للطب هذه الأسباب المحتملة للشعور بالعطش المفرط:
1.أن يكون المريض مصابا بالسكر.
2.أكل وجبة طعام كثيرة التوابل أو مالحة جدا.
3.النزيف الذي يسبب فقدان كمية كبيرة من الدم.
4.أخذ بعض الأدوية.
5.خسارة الماء والأملاح أكثر من اللازم، الذي يمكن أن ينتج عن القيئ، الإسهال أو عدم شرب كمية كافية من الماء.
6.الإصابة بعدوى أو حرق جلدي.
7.الإصابة بحالة فشل كلوي أو كبدي أو قلبي.",أمراض الفم,441061,20260728,source_answer_reference_not_human_adjudicated
unseen100_049,هل يمكن ان اعرف ان هرمون اللبن مرتفع لدى بدون تحاليل,unseen_random_stratified_100,فقط باجراء تحليل لنسبه هرمون الحليب بالدم,هرمونات,797295,20260728,source_answer_reference_not_human_adjudicated
unseen100_050,"هل يمكن للرجل انجاب أولاد بدون ما أن يتوفر على الحيونات المنوية؟
وهل يمكن علاجه حتى يتوفر على حيوانات منوية؟ويتمكن من الاحساس بالأبوية مثله ومثلا الآخرين؟
أو سيبقى بدون أبناء...",unseen_random_stratified_100,يمكنك مراجع طبيب العقم لفحص إمكانية وجود منويات في الخصية، بأخذ خزعة من الخصية،وفي حال وجد ولو عدد قليل من المنويا فيمكن عمل تخصيب اصطناعي، لعلك تستمتع بالخلفة وإن شتء الله يكون خير.,العقم,804496,20260728,source_answer_reference_not_human_adjudicated
unseen100_051,من 3 الى 4 اشهر احسست بشيء غير مريح تحت الابط فوجدت عضمة ضاهرة عند اللمس لم تكن موجودة مؤلمة قليلاممتدة من الابط الأيسر الى الأسفل مع العلم توجد فقط...,unseen_random_stratified_100,يجب الفحص بواسطه جراح لتقيم الحاله و وصف العلاج المناسب أو الفحوصات المناسبة لسن,الأورام الخبيثة والحميدة,141116,20260728,source_answer_reference_not_human_adjudicated
unseen100_052,ادرس تخصص هندس بيوطبية ولا اعرف معلومات كثيرة عن هده التخصصات اتمنى ان تفيدوني بمعلومات عنها,unseen_random_stratified_100,"الهندسة الطبية الحيوية وتعرف باسم هندسة التقنيات الطبية, وهو العلم الذي يشمل تعليم طرق بحث وتطوير اليات هندسية مع الطب ومع البيولوجيا والتكنولوجيا ويعتبر حلقة وصل بين علم الطب وعلوم الهندسة (فمهندس الطب الحيوي ينبغي أن يعرف جسم الكائن الحي لكي يصمم ما يتوافق معه من طرف صناعي أو عضو أو جهاز طبي ) . و يعتبر هذا العلم من العلوم الحديثة حيث تطور الطب و أصبح يعتمد على استخدام أجهزة مختلفة للتشخيص و العلاج ، و نظرا للحاجة لشخص يفهم في الية عمل هذه الأجهزة و لديه معرفة أيضاً بالعلوم الطبية من تشريح و فيسيولوجيا الجسم البشري وغير ذلك لفهم آلية عمل كل نظام فيه",تجهيزات طبية,777824,20260728,source_answer_reference_not_human_adjudicated
unseen100_053,السلام عليكم انامتزوجه و مركبه اللولب لي سنتين لن هذا الشهر جأتني الدورة مرتين فهل هذا من تأثير اللولب ام إظطربات للدوره؟,unseen_random_stratified_100,يجب عمل فحص باب سمير لعنق الرحم والنزيف المتكرر بحاجه لزيارة الطبيب,صحة المرأة,753509,20260728,source_answer_reference_not_human_adjudicated
unseen100_054,كابوتن 25 يعطى نتيجه جيده فى علاج الضغط المرتفع .هل يمكن الاعتماد عليه بإستمرار مع خالص الشكر,unseen_random_stratified_100,ليس الخيار الأفضل بسبب قصر نصف عمره والحاجة الى أخذ جرعات متعددة يوميا لكنه خيار جيد في الحالات الإسعافية,ارتفاع ضغط الدم,518018,20260728,source_answer_reference_not_human_adjudicated
unseen100_055,"عمري 46 سنة ’لم انجب من قبل,لا زلت أحيض,ممكن أحمل في هذه السن حملا طبيعيا؟ شكرا",unseen_random_stratified_100,ما دامت الدورة منتظمة وعادية فاحتمال الحمل وارد إلا إذا كان هناك أسباب أخرى لعدم الحمل,حمل الأنابيب,748288,20260728,source_answer_reference_not_human_adjudicated
unseen100_056,السلام عليكم اعاني من حالة لا اعرف اهي فريدة ام ان اطباء المنطقة لا يستطيعون تشخيصها الحالة انه وبعد ان استريح ولو ل لدقيقة واهم بالوقوف او عمل اي حركة...,unseen_random_stratified_100,في الغالب شد عضلي ناتج عن حركة خاطئة,تشخيص,780571,20260728,source_answer_reference_not_human_adjudicated
unseen100_057,ما هي اعراض خمول الغدة الدرقية ؟,unseen_random_stratified_100,كثيرة أهمها الكسل والشعور الزائد بالبرد و زيادة الوزن وتساقط الشعر,أمراض الغدد الصماء,598032,20260728,source_answer_reference_not_human_adjudicated
unseen100_058,حبوب اندرال ، هل لها اعراض جانبيه ؟,unseen_random_stratified_100,إذا hخذ بجرعة كبيرة يمكن أن يؤدي إلى تقليل ضربات القلب والإندرال يمنع استعماله للذين يعانون من مرض الربو الشديد، لأنه قد يؤدي إلى المزيد من الضيق في الشعب الهوائية الإندرال أيضا بالنسبة لمرضى السكر إذا تم تناوله بجرعة كبيرة قد لا يكون مستحسنا، لأنه قد يؤدي إلى شيء من عدم الانتظام في مستوى السكر في الدم,أمراض القلب و الشرايين,490859,20260728,source_answer_reference_not_human_adjudicated
unseen100_059,ما هو افضل علاج للوسواس القهري غير الادوية ؟؟,unseen_random_stratified_100,العلاج السلوكي المعرفي,أمراض نفسية,543030,20260728,source_answer_reference_not_human_adjudicated
unseen100_060,اكره حياتي ساعات اتمنى بالموت اتمنى اني اختفي واحس العالم كله ضدي وخصيصا عائلتي احسهم مو معي ودايمًا اخواني الصح وانا الخطأ حتى صديقاتي دايمًا يذكرون عيوبي ودايمًا يخلوني اسكت,unseen_random_stratified_100,انت بحاجه لمراجعة الطبيب النفساني,الصحة النفسية,361069,20260728,source_answer_reference_not_human_adjudicated
unseen100_061,انا عمري 22وذهبت لتركيب تقويم لان اسناني الاماميه غير مرتبه فركب لي الدكتور التقويم بدون خلع وقال سيضع لي موسعة الفك هل عادي تركيب الموسعة والتقويم بنفس الوقت!!,unseen_random_stratified_100,حسب رؤية الطبيب للحاله .....ولكن الأجهزه الموسعه للفك يتم تركيبها فى السن الصغيره قبل اكتمال النمو,أمراض الأسنان,186020,20260728,source_answer_reference_not_human_adjudicated
unseen100_062,"كيف ياتوم ممارسة الرياضة في رمضان ؟
قبل أم بعد الفطور؟ الرجاء التوضيح",unseen_random_stratified_100,"تعد التمارين البسيطة أو المعتدلة آمنة بشكل عام، ولكن قد تؤدي التمارين عالية الكثافة أثناء فترة الصيام إلى تثبيط المناعة، وزيادة خطر الإصابة بالجفاف، وبالتالي يجب استشارة الطبيب قبل ممارسة التمارين أثناء الصيام في حالة عدم ممارسة الرياضة من قبل، أو الشعور بالتعب، أو الحمل، أو الإصابة بأمراض مزمنة مثل مرض السكري، وأمراض القلب، وارتفاع ضغط الدم.
تعتمد كمية التمارين في رمضان على الحالة البدنية، فإن كنت غير نشيط بدنياً، فيمكن:

البدء ببطء وتدريجياً.
محاولة البقاء نشيطاً بدنياً كل يوم.
محاولة دمج المزيد من الأنشطة البدنية في روتين الحياة اليومي مثل المشي بدلاً من القيادة، ولكن مع مراعاة المشي مسافة مناسبة غير طويلة، وفي غير أوقات الذروة.

وفي حالة ممارسة الرياضة بانتظام، فلا ينصح بزيادة شدة أو وقت التمرين أثناء الصيام، وأن يكون الهدف هو الحفاظ على ممارسة الرياضة بانتظام. أما عن وقت التمرين فهناك 3 أوقات متاحة:

قبل وجبة السحور مباشرة، ولكن قد يكون من الصعب العودة مجدداً للنوم؛ إذ أن الرياضة ترفع مستويات هرمون الكورتيزول.
قبل وجبة الإفطار مباشرة، يمكن أن يكون من الصعب التكيف معه في البداية، ولكنه وقت جيد إذ يمكن تعويض الجسم بعد الرياضة، ويفضل فيه ممارسة التمارين البسيطة مثل الركض، أو ركوب الدراجات، أو اليوجا لمدة تتراوح من 20 إلى 45 دقيقة.
بعد وجبة الإفطار، يعد هذا الوقت مناسباً جداً؛ إذ يمكن تعويض الجسم قبل وبعد التمرين، ولكن تجنب ممارسة الرياضة قبل موعد النوم بفترة تتراوح من 1 إلى 2 ساعة.

ومن الجدير بالذكر الحرص الدائم على شرب ما لا يقل عن 8 إلى 12 أكواب من الماء والسوائل الخالية من الكافيين أثناء وبعد التمرين، كما يفضل تناول الكربوهيدرات الصحية قبل التمرين، والبروتينات الخالية من الدهون والكربوهيدرات الصحية بعده.
للمزيد:

كيف تستغل رمضان لإنقاص الوزن؟
الرياضة في حياتنا",رمضان,778336,20260728,source_answer_reference_not_human_adjudicated
unseen100_063,عندى انسداد فى وريد رجلى اليسرى و الان تحت مراقبة طبيب القلب و اتناول دواء عدم تخثر الدم و لكن الام شديدة برجلى,unseen_random_stratified_100,لا تزال المشكلة قائمة اي ان التجلط لم يتم السيطرة بالكامل يجب متابعة تميع الدم عن طريق فحص البروثرومبن تايم انا متأكد انك لم تزل دون المستوى المطلوب للتميع او ان التشخيص في خطأ,أمراض الدم,745212,20260728,source_answer_reference_not_human_adjudicated
unseen100_064,ما هو علاج الإسهال الحاد؟,unseen_random_stratified_100,"عليك آولا تغيير طعامك والاقتصار على الشوربة والماء
تناول بعض المواد والخضروات القابضة مثل الحمص والتفاح والجزر والشاي
تناول أدوية يكتبها لك الطبيب مثل مترونيدازول أو غيره",فيزيولوجيا,804354,20260728,source_answer_reference_not_human_adjudicated
unseen100_065,انا كنت تعبانة من موضوع اوى وكان الموضوع زاد سوء اضطريت اروح لدكتور وقالى عندك شرخ شرجى مزمن وادالى علاج وقالى لو مخفش هنعمل عملية هو صح ممكن يلجا ليه,unseen_random_stratified_100,إذا لم يجد العلاج التقليدي في العلاج يمكن إجراء جراحة للشق الشرجي.,جراحة عامة,737350,20260728,source_answer_reference_not_human_adjudicated
unseen100_066,كثرة استخدام الكحول( الجل ) معقم على الايدي هل له اثار على ضعف المناعة,unseen_random_stratified_100,كلا ، فأثره خارجي فقط كمطهر .,الطب الوقائي,773429,20260728,source_answer_reference_not_human_adjudicated
unseen100_067,السلام عيكم هل احنقان البروستاتا يسبب الامساك؟ و ان كان كذلك ما علاج ذلك ؟,unseen_random_stratified_100,للامساك اسباب كثيره ومتعدده........لا علاقه لاحتقان البروستات بها,أمراض المسالك البولية والتناسلية,458844,20260728,source_answer_reference_not_human_adjudicated
unseen100_068,"لماذا يموت الانسان عندما يلتمس بالكهرباء وما علاقته بالبروتين الموجود في الجسم
ولماذا احيانا هنالك اشخاص لايتأثرون بالتيار الكهربائي؟",unseen_random_stratified_100,"الصدمة الكهربائية وتتجلى بالضرر الذى يصيب انسجة الجسم نتيجة تأثير التيار او القوس الكهربائى وغالبا ما يكون الضرر سطحيأ اى يتضرر الجلد واحيانأ الانسجة الرخوة مع الاربطة والعظام حيث تتعلق خطورة الصدمة وصعوبة معالجتها بنوع ومميزات ودرجة الانسجة ورد فعل الاعضاء واذا ما كانت الحروق شديدة يموت الانسان ليس بسبب التكهرب ولكن نتيجة الصدمة الكهربائية ومن مظاهرها.
الحروق الكهربائية وهى اكثر انواع الصدمات الكهربائية انتشارا وتقسم الحروق حسب شروط حدوثها كالتالى :
1. الحروق التيارى او التلامسى عند مرور تيار مباشر عبر جسم الانسان عند ملامستة للاجزاء الموصلة للتيار الكهربائى ذات توتر اقل من 1 كيلو فولت ويتمثل باحتراق الجلد السطح الخارجى من الجسم .
2. الحرق القوسى نتيجة مرور التيار وثأثير القوس الكهربائى ولكن دون مرور التيارمن خلال جسمه وذلك فى المنشأت ذات التوتر المنخفض 220- 380 فولت .
3. الحروق المختلطة نتيجة مرور التيار وتأثير القوس الكهربائى بين الاجزاء الحاملة للتيار الكهربائى اذ يؤدى التيار المار بجسم الانسان ( بضع امبيرات ) الى وفاة المصاب .
4. الندبات الكهربائية وهى بقع جلدية صغيرة لونها اما اصفر او فضى ولها شكل دائرى او قطاعى وذات لون غامق فى مركزها او بنفس لون المكان الذى لمسة المصاب وهذه الندبات ليست ضارة وتشفى مع مرور الوقت تمعدن الجلد وذلك نتيجة احتراق الجلد من قبل ذرات المعدن المنصهر والمتطاير عند القوس الكهربائى ويظهر احمرار فى الجلد نتيجة الحرارة التى ينقلها المعدن المنصهر الى الجلد محدث الم شديد ويشفى الجلد بمجرد سقوطة اما عند اصابة العين تفقد البصر .
الاضرار الفيزيائية وذلك نتيجة التقلص الحاد وغير الارادى للعضلات تحت تأثير التيار المار بجسم الانسان وظهور تشققات فى الجلد وانفجار الشرايين وتمزق الاعصاب وكسور العظام .
يحدث الموت للمصاب بتوقف التنفس والدورة الدموية اذ ان الانسان يبدأ بالشعور بصعوبة التنفس عندما يبلغ التيار المار بجسمه شدة 20- 25 ميلى امبير عند تردد 50 هرتز وتزداد الصعوبة مع زيادة شدة التيار يمكن ان يظهر الاختناق نتيجة نقص الاكسجين وزيادة كما ان التأثير القوى والقاتل عند مرور التيار فى منطقة القلب مما يؤدى الى توقفة عن العمل كمضخة للدم .
اغاثة المصاب بالتيار الكهربائى يجب ان يتم باسرع ما يمكن تخليص المصاب من التماس الذى سبب الحادث وذلك بابعاده عن منطقة الاصابة بعد فصل التيار واسعافة حتى ولو ظهرت عليه علامات الموت اذ غالبا ما يكو ن ظاهريأ .
تخليص المصاب مع مراعاة الا يتعرض المنقذ للخطر :
قطع التيار الكهربائى فورأ واذا تعذر ذلك توضع النواقل فى دارة قصر للحصول على نفس النتيجة واذا لم يتمكن يقوم المنقذ بعزل نفسه من جهة التيار ومن جهة الارض فى ان واحد ويستعمل الادوات التى لها مقابض عازلة ويقف على سطح عازل او بساط مطاطى او اخشاب جافة ويبعد المصاب عن تماس الكهرباء ويستدعى الطبيب او المسعف للتعامل مع المصاب .",كيمياء حيوية,792334,20260728,source_answer_reference_not_human_adjudicated
unseen100_069,بابا عنده ٤٧ سنة و لديه بقع سوداء في قدمه و يده و بعد الكشف الطبي اتضح أنه يعاني من انفجار الشعيرات الدموية نتيجة لعدم تحمله الحرارة و قام الدكتور...,unseen_random_stratified_100,السلام عليكم عليكم الذهاب الى الطبيب للفحص الاكلينيكي و عمل تحليل صورة الدم و الكشف هل توجد دوالي الساقين لدي والدك.,جراحة الأوعية الدموية,14154,20260728,source_answer_reference_not_human_adjudicated
unseen100_070,لو سمحت يا دكتور انا حامل فى اول السادس عندى تنميل خدران فى صوابع ايدي الشمال 15 يوم والتنميل دة مبيرحش ابدا باستمرار دة يكون سببة اية ؟ارجو الرد,unseen_random_stratified_100,"في الغالب هو من اثار الانتفاخات التي يسببها الحمل
ويزول مع نهاية الحمل ان شاء الله",الأمراض العصبية,449273,20260728,source_answer_reference_not_human_adjudicated
unseen100_071,هل تم التوصل لعلاج جذري و فعال لمرض السكري من الدرجة الاولى؟و,unseen_random_stratified_100,"ليس هنالك شفاء لداء السكري من النوعين الأول أو الثاني، لكن طريقة معالجة هذا الداء تتمحور حول السيطرة على مستويات السكر في الدم والسيطرة على الأعراض التي قد تنتج عنه وعن مضاعفاته كالتنميل والخدر وغيرها.
بعض أنواع السكري الأخرى كسكّر الحمل تشفى بانتهاء الحمل، وبعض أنواع السكري من النوع الثاني التي يكون سببها السمنة المرضية المفرطة قد تختفي باختفاء السمنة.",مرض السكري,750022,20260728,source_answer_reference_not_human_adjudicated
unseen100_072,ما أسباب الإنتفاخ في البطن وارتفاع درجة الحرارة؟ا,unseen_random_stratified_100,الأسباب كثيرة من التهاب المعدة والأمعاء إلى الأورام والرشح العادي أو التهاب الغدد اللمفية وغيرها عليك مراجعة طبيبك لعمل التشخيص اللازم وفحص الدم والبراز ، ثم يأتي العلاج.,فيزياء,796942,20260728,source_answer_reference_not_human_adjudicated
unseen100_073,صداع وضيق تنفس والام في الصدر .بداية الاعراض كانت الصداع .,unseen_random_stratified_100,انصح بفحص ضغط الدم... و غيرها ان لم يكن مرتفعا,أمراض الجهاز الهضمي,419453,20260728,source_answer_reference_not_human_adjudicated
unseen100_074,ما هى أكبر عضلة فى جسم الأنسان,unseen_random_stratified_100,آكبر عضلة في جسم لانسان هي العضلة الإلوية.,علم التشريح,804024,20260728,source_answer_reference_not_human_adjudicated
unseen100_075,اعاني صداع شديد يصاحبه دائما شعور بالقئ ياتينى حوالي 3 او4 مرات في الشهر كنت استطيع تحمله بدون مسكنات والان لاتحمله الابالكيتوفان ومن اسبوعين جائني صداع خفيف لما صحيت الفجر...,unseen_random_stratified_100,"عادة مثل هذه الاعراض تدل على الاصابة بصداع الشقيقة لكن يجب التاكد منذ متى بدات وهل هي في زيادة
عادة الشقيقة تبدا بالاصابة بصداع مزمن والاستفراغ وعدم القدرة على تحمل الضوء الساطع والاصوات العالية والدوخة وتنتهي هذه النوبات في الغالب بعد 24 ساعة
للعلاج يوجد نوعان من الادوية النوع الاول لازالة الاصابة الحادة ومن ثم التحكم في النوبات يرجى مراجعة الطبيب المعالج",جراحة الأعصاب,784566,20260728,source_answer_reference_not_human_adjudicated
unseen100_076,السلام عليكم .. هل تناول ملعقة يوميا من زيت الحلبة على الريق يزيد من حجم الثدي بجانب التمارين ..؟؟ و ما المدة التى يمكن الاستمرار عليها فى تناول الزيت؟ و...,unseen_random_stratified_100,اشربى من الحلبة كتير اما بالنسبة لزيت الحلبة ضعي منه معلقة على صدرك وادهنى صدرك بزيت الحلبة بالليل وبزيت الزيتون الصبح، وافركي الثديين بشكل دائري ومن أسفل لأعلى ولكنه يحتاج استمرار وصبر لمدة بضع شهور بدون ملل ولا يأس,الطب البديل,773149,20260728,source_answer_reference_not_human_adjudicated
unseen100_077,والدي وقع من الدرج قبل ثلالث ايام نلاحظ هناك زغللة في عينه اليمنى مع حول فيها تم قياسة مستوى السكر اليوم 200 اتمنى افادتي بهذا الامر هل له علاقة بالحلطة...,unseen_random_stratified_100,السكري مرتفع يا بنتي! خذيه رلى طبيب الأمراض الباظنة أو السكري فوراً.,صحة المسنين,762759,20260728,source_answer_reference_not_human_adjudicated
unseen100_078,السلام عليكم ورحمه الله وبركاته كيفيه التخلص من الاكل الزائد ساعة الاكتئاب ؟,unseen_random_stratified_100,انصحك بمراجعة اخصائي طب نفسي لمعالجة الحاله دوائيا,علم النفس,755459,20260728,source_answer_reference_not_human_adjudicated
unseen100_079,"السلام عليكم
كيف يمكن التمييز بين السكري نوع 1 والسكري نوع 2 من خلال اعراض المريض ؟",unseen_random_stratified_100,"في المرضى الذين يعانون من مرض السكري من النوع الاول يتم اكتشافه عند الاطفال عند اصابته بغيبوبة ناتجة عن ارتفاع نسبة السكر في الدم والتي قد تسبقها الام في البطن
اما بالنسبة للنوع الثاني فالاعراض تختلف من شخص لاخر لكن من اهمها شرب كميات كبيرة من المياه والتبول المتكرر والاصابة بالدوخة او التعرق في بعض الحالات النادرة يصاب المريض بالغيبوبة ذاتها الناتجة عن ارتفاع نسبة السكر في الدم لكنها من لحالات النادرة",أمراض الاستقلاب,783879,20260728,source_answer_reference_not_human_adjudicated
unseen100_080,انا اعمل فيزياوي في مستشفى وانا مصاب بمرض هبوط الدرقيه منذ سبع سنين فهل تعرضي للاشعاع بحكم عملي ولوكان الاشعاع المتسرب قليلا وضمن الحد المسموح يضر الغده الدرقيه الهابطه,unseen_random_stratified_100,يجب اتخاذ الاجراءات الوقائية كافة للحد من اي تسريب طبيعة عملك قد تكون السبب في قصور الدرق,علم الأشعة,785496,20260728,source_answer_reference_not_human_adjudicated
unseen100_081,مامضاعفات التخديرلمرضى الربووماالاحتياطات اللازمه التي يجب اتخاذهادرءالهذه المضاعفات,unseen_random_stratified_100,"اهم مضاعفات التخدير لمرضى الربو هي تضيق القصبات الهوائية اثناء عملية التخدير وتجمع السوائل داخل نسيج الرئة بعد انتهاء العملية الجراحية
لكن مع اكتشاف الانواع الجديدة من المواد المخدرة اصبحت نسبة هذه المضعفات قليلة نسبيا
من اهم الاحتياطات
-علاج نوبات الربو والتحكم بها سواءا بالادوية او البخاخات بشكل ممتاز قبل العملية
- التاكد من مستويات الاملاح والسكر في الدم مع التاكد من ضغط الدم قبل العملية
- علاج اي التهاب في المجاري التنفسية قبل موعد العملية
-استعمال مواد مخدرة موسعة للقصبات والشعب الهوائية اثناء العملية
-البدء بالعلاج الفيزيائي بعد العملية مباشرة لاخراج اي افرازات تكون قد تجمعت داخل الرئة اثناء العملية",تخدير,783721,20260728,source_answer_reference_not_human_adjudicated
unseen100_082,دواء لتاخير القذف . ومرهم لتوسيع المهبل,unseen_random_stratified_100,زيلوكايين ١٪. ولكن جرب إطالة المداعبة وتأخير الايلاج وعدم الايلاج إلا بالتوافق.,الصحة الجنسية,511639,20260728,source_answer_reference_not_human_adjudicated
unseen100_083,"1_ لماذا يرتجف الانسان الذي يحس بالبرد شتاءا ??
2_ هل يستطيع الانسان العيش من دون التعرق ?? ولمـــاذا ؟؟
3_ ماذا يحدث لجسم الانسان اذا كانت درجة حرارته تتغير...",unseen_random_stratified_100,"التعرق يعتبر حالة طبيعية لتنظيم درجة حرارة الجسم والعرق ينتج من الغدد العرقية المنتشرة في الجسم ويتحكم فيها الجهاز السمبتاوي
الارتجاف هو نتيجة تغيير بين حرارة الجسم وحرارة الجو المحيط ، لا نستطيع الافتراض في موضوع حرارة الجسم لان ذلك يغير نظام حياة الكون كله فتغيير حرارة الجسم يضر بكثير من الانسجة فمثلا ارتفاع الحرارة الى اكثر من 42 يسبب تخثر برتينات الجسم ابتداء من الدم الى ما لا نهاية
كلية الانسان تعمل بشكل مستمر ،",علم الأحياء الدقيقة,772271,20260728,source_answer_reference_not_human_adjudicated
unseen100_084,هل زيادة ماء على البول يفسد المخدرات,unseen_random_stratified_100,الفحوصات ]دقيقة بحيث تكشف نوع السائل المفحوص,إدمان,186915,20260728,source_answer_reference_not_human_adjudicated
unseen100_085,ما هو تنكس الماء الزجاجي في العين,unseen_random_stratified_100,"بسم الله
تنكس تعني اعتلال وتعني ذوبان وتحلل
اما عن الماء الزجاجي فهذا يحدث عند معظم الناس فوق سن 40 وكذالك الذين بعانون من السكري والذين يعانون من قصر النظر العالي و و و و
ليس له اهمية عالية ولكن مراجعة طبيب العيون واجبة",بصريات,768794,20260728,source_answer_reference_not_human_adjudicated
unseen100_086,اعاني من احتقان دائم في الانف هل من علاج؟,unseen_random_stratified_100,البخاخات الطبيعيه مثل ماء البحر وتجنب الاماكن الملوثه وخاصة الدخان,الأمراض الرثويه,794394,20260728,source_answer_reference_not_human_adjudicated
unseen100_087,طول 184ووزنى 103 المفروض يكون وزنى كم لو سمحتوا,unseen_random_stratified_100,85.5كغ و يتحمل الجسم اكثر ب 5 كيلو تقريبا (89كغ),تغذية,700058,20260728,source_answer_reference_not_human_adjudicated
unseen100_088,اريد دواء يقضي علي الديدان بالنسبه لشخص بالغ,unseen_random_stratified_100,ينصح باستشارة طبيب لمعرفة نوع هذه الديدان ، ومتوفر ادوية في الصيدليات تقوم بقتل هذه الديدان,أعشاب طبية,690019,20260728,source_answer_reference_not_human_adjudicated
unseen100_089,ايهما الاكثر ضررا للانسان الفايروسات ام البكتيريا ؟ واماذا ؟؟,unseen_random_stratified_100,لكل منهما ضرر وذلك حسب البكتيريا وحسب الفيروس,علم الأحياء,773314,20260728,source_answer_reference_not_human_adjudicated
unseen100_090,من سنين ادخلت اصبعي وانا جالسه وعندما وقفت ومسحت وجدت دم ذهبت من ايام للدكتورة نساء وتوليد وقلت لها اني وقعت ونزل مني دم وأريد ان اكشف وكشفت وقالت لي...,unseen_random_stratified_100,لا تقلقى حتى لو كان مره واحده لن يظهر,جراحة نسائية,413802,20260728,source_answer_reference_not_human_adjudicated
unseen100_091,انا حامل في نصف الرابع تقريباً ولكن بطني لم يكبر بشكل كبير هل هذا دليل على شئ ام شئ طبيعي ؟,unseen_random_stratified_100,لسة بدري.سيكبر بعد الرابع,الحمل والولادة,669201,20260728,source_answer_reference_not_human_adjudicated
unseen100_092,"يوجد سرعه قذف بعد الإيلاج بوقت لا يزيد عن دقيقه و حتى بعد طول فترة المداعبه ....
هل يوجد حل سريع لهذه المشكله سببت لي كثير من المشكلات",unseen_random_stratified_100,"- العلاج الدوائي بمُضادات الاكتئاب او الكريمات الموضعية المخدرة .
- العلاج النفسي أو السلوكي .
- تمارين كيغل، عندما يقترب الرجل المنخرط في الجماع مع شريك حياته إلى نقطة اللاعودة ، بعد أن يصل إلى مرحلة لا يعود قادراً على منع القذف، يتم شد عضلات قاع الحوض المدربة بوعي ، ثم إرخائها،. من خلال هذه الحركة يتوقف مؤقتا تدفق الإثارة ويتم تأخير القذف.
الأدوية المتعلقة ب سرعة القذف سرعة القذف
(Dapoxetine) دابوكستين",الأمراض الجنسية,586948,20260728,source_answer_reference_not_human_adjudicated
unseen100_093,نتائج تحاليل الدم wbc=4.38-10 lym=1.84 mon=0.21 gra2.33-10 lym%42.10 mon%4.70 gra%53.20 rbc5.11+10 hgb13.40 hct44.98% mcv88 fi mch 26.10 pg mchc 29.70,unseen_random_stratified_100,يرجى ارسال وحدات النتائج المخبرية,مختبر,731082,20260728,source_answer_reference_not_human_adjudicated
unseen100_094,اعاني من التهاب العصب السابع منذ قرابه الشهرين فكم من الوقت يلزمني حتى ارجع الى الحاله الطبيعيه وشكا,unseen_random_stratified_100,العودة للحالة الطبيعية او ما هو قريب من ذلك يتفاوت من مريض الى اخر ويعتمد على شدة الاصابة والعلاج,علاج طبيعي,759416,20260728,source_answer_reference_not_human_adjudicated
unseen100_095,"لدي أكثر من سؤال عن زواج الأقارب:
1. اذا كان الزواج من بنت العم أو بنت الخال يزيد من احتمال الأصابة بالأمراض الوراثية فكيف الحال أذا كانت ابنة عمي و...",unseen_random_stratified_100,"١- ليس بالضرورة أن يؤدي زواج الأقارب لولادة أطفال معاقين، بل يعتمد ذلك على وجود الجينات المرضية عند كلا الزوجين، وهو يزيد احتمالات الإصابة بالأمراض الوراثية
٢- هناك فحوصات جينية تجرى لكلا الزوجين لمعرفة وجود جينات مرضية مشتركة قد تنبئ باحتمال حدوث الخلل.",علم الوراثة,785698,20260728,source_answer_reference_not_human_adjudicated
unseen100_096,"هل يوجدعلاج شاف لمرض كثره المنسجات x
وكيف مستقبل المرض",unseen_random_stratified_100,"المعالجة:
بالرغم من أن هذا المرض لَيس سرطاناً، إلّا أنّ أكثر المرضى الذين شّخّصوا به يُعالجون في عيادات السرطانِ. وذلك لسببين هما:
• من الناحية التاريخية، قام إختِصَاصيو السَرَطان بمعالجته قبل معرفة السبب.
• تَتطلّب المعالجة إستعمالَ الأدويّة النموذجيّة لمُعَالَجَة السرطان",علم الأنسجة,781343,20260728,source_answer_reference_not_human_adjudicated
unseen100_097,هل الكحول بالنسبة للمرأة الحامل تزيد من نسبة أصابة الجنين بتشوهات خلقية؟ و ماهي الادوية التي يحظر على المرأة الحامل تعاطيهالأنها قد تؤدي ألى حدوث بعض التشوهات الخلقية؟,unseen_random_stratified_100,نعم الكحول مضر بالوليد ولا ينصح به أثناء الحمل. كما أن هناك أدوية أخرى مضرة أثناء الحمل مثل مضادات الصرع، ويجب التأكد قبل تناول الدواء واستشارة طبيب النسائية المشرف على الحمل.,تشوهات خلقية,776305,20260728,source_answer_reference_not_human_adjudicated
unseen100_098,لقد بأت منذ فتره بشرب دواء اسمه (سفن سليم)وهو لسد الشهيه والحمد لله لم اعد اشعر بالجوع ولكني اعاني من تعب في جسمي واشعر احيانا بالدوار هل استطيع تناول فيتامينات...,unseen_random_stratified_100,"نعم وبدون شك يمكنك تناول فيتامينات للتعويض عن نقص التغذية ،هنك حبوب "" سنتروم"" أو "" سوبرادايْن"" أو أي مالتي فيتامين",فيتامينات و معادن,785877,20260728,source_answer_reference_not_human_adjudicated
unseen100_099,السلام عليكم انا حامل في شهر الثاني لاحظت منذ اسبوع وجود كتلة صلبة بجهة اليسار قد تبدو واضحة لشدة نحافتي علما اني قمت بسونار الحمل ولم يخبرني الطبيب باي ورم...,unseen_random_stratified_100,اذا كانت بدون الم فلا تقلقي بها وربما بسبب النحافة,أمراض نسائية,339355,20260728,source_answer_reference_not_human_adjudicated
unseen100_100,هل بصق الدم بعد الاستيقاظ له علاقة بلايدز ؟,unseen_random_stratified_100,يجب فحص الفم واللثة والاسنان اولا عند طبيب الاسنان للبدء بالبحث عن سبب الدم ، من ناحية الوسواس ، ما هو سببه ؟ اذا كان هناك سبب وجيه يخيفك فمن الافضل اجراء فحص الايدز حتى لا تعيش بهذا القلق دائما ، اذا ان ما تعاني منه ليس له علاقة بالايدز لكن لا يجب اهماله والبحث عن السبب,الامراض المعدية,710143,20260728,source_answer_reference_not_human_adjudicated
