relation_id,chunk_id,qa_id,candidate_relation_type,validated_relation_type,keep,source_entity_id,source_name,source_type,target_entity_id,target_name,target_type,evidence,confidence,reason,provider,model,edge_id,original_relation_id,graph_relation_type,edge_direction
supp_rel_normal_bp,supp_chunk_normal_range_001,ahd5k_00085,HAS_NORMAL_RANGE,HAS_NORMAL_RANGE,true,supp_ent_measurement_bp,ضغط الدم,Measurement,supp_ent_range_bp,140-80 إذا لا توجد أمراض مصاحبة,Range,حسب عوامل الخطورة الأخرى كالسكري والكلى؛ إذا لا توجد أمراض مصاحبة فالقيمة المذكورة 140-80.,0.99,dataset-derived supplemental fact from ahd5k_00085,dataset_derived,ahd_qa_source,supp_rel_normal_bp,supp_rel_normal_bp,HAS_NORMAL_RANGE,direct
supp_rel_normal_hr,supp_chunk_normal_range_002,ahd5k_00085,HAS_NORMAL_RANGE,HAS_NORMAL_RANGE,true,supp_ent_measurement_hr,نبض القلب,Measurement,supp_ent_range_hr,65-85 تقريبا وقد يقبل أقل أو أكثر,Range,ضربات القلب تقريبا من 65-85، ويمكن قبول أقل أو أكثر حسب الحالة.,0.99,dataset-derived supplemental fact from ahd5k_00085,dataset_derived,ahd_qa_source,supp_rel_normal_hr,supp_rel_normal_hr,HAS_NORMAL_RANGE,direct
supp_rel_diclofenac_side_effect,supp_chunk_drug_001,ahd5k_00065,HAS_ADVERSE_EFFECT,HAS_ADVERSE_EFFECT,true,supp_ent_drug_diclofenac,ديكلوفيناك,Drug,supp_ent_side_effect_gi,تهيج المعدة ومشاكل هضمية,SideEffect,الأولفين هو نفس فولتارين ويحتويان على ديكلوفيناك، ولهم نفس الأعراض الجانبية، وينصح بأخذه بعد الأكل لتقليل تهيج الجهاز الهضمي.,0.99,dataset-derived supplemental fact from ahd5k_00065,dataset_derived,ahd_qa_source,supp_rel_diclofenac_side_effect,supp_rel_diclofenac_side_effect,HAS_ADVERSE_EFFECT,direct
supp_rel_diclofenac_supervision,supp_chunk_drug_001,ahd5k_00065,REQUIRES_MEDICAL_SUPERVISION_FOR,REQUIRES_MEDICAL_SUPERVISION_FOR,true,supp_ent_drug_diclofenac,ديكلوفيناك,Drug,supp_ent_migraine,الصداع الشقيقة,Symptom,في حال الشقيقة الشديدة توجد أدوية أخرى ويذكر المصدر إمكانية استشارة الطبيب لذلك.,0.99,dataset-derived supplemental fact from ahd5k_00065,dataset_derived,ahd_qa_source,supp_rel_diclofenac_supervision,supp_rel_diclofenac_supervision,REQUIRES_MEDICAL_SUPERVISION_FOR,direct
supp_rel_primolut_pregnancy,supp_chunk_drug_002,ahd5k_00439,REQUIRES_MEDICAL_SUPERVISION_FOR,REQUIRES_MEDICAL_SUPERVISION_FOR,true,supp_ent_drug_primolut,بريمولوت ن,Drug,supp_ent_state_pregnancy,إيقاف الدواء ومراجعة الطبيب أثناء الحمل,Condition,إذا كانت المريضة حاملا وتستعمل بريمولوت ن فيجب إيقافه؛ يذكر المصدر دراسات عن احتمال تشوهات في القلب والأوعية والأنبوب العصبي والدماغ.,0.99,dataset-derived supplemental fact from ahd5k_00439,dataset_derived,ahd_qa_source,supp_rel_primolut_pregnancy,supp_rel_primolut_pregnancy,REQUIRES_MEDICAL_SUPERVISION_FOR,direct
supp_rel_dental_aftercare,supp_chunk_dental_001,ahd5k_00315,HAS_AFTERCARE_INSTRUCTION,HAS_AFTERCARE_INSTRUCTION,true,supp_ent_procedure_dental_cleaning,تنظيف الأسنان,Procedure,supp_ent_aftercare_coffee,يمكن شرب القهوة والشاي مع المحافظة على تنظيف الأسنان,AftercareInstruction,إجابة المصدر تقول: اشربي قهوتك وشايك على راحتك مع المحافظة على تنظيف الأسنان.,0.99,dataset-derived supplemental fact from ahd5k_00315,dataset_derived,ahd_qa_source,supp_rel_dental_aftercare,supp_rel_dental_aftercare,HAS_AFTERCARE_INSTRUCTION,direct
supp_rel_tsh_interprets,supp_chunk_test_001,ahd5k_02685,INTERPRETS,INTERPRETS,true,supp_ent_test_tsh,تحليل TSH,DiagnosticTest,supp_ent_thyroid,الغدة الدرقية,DiseaseCondition,قيمة TSH بعد الولادة ترتبط باضطراب نشاط الغدة الدرقية، ويذكر المصدر ضرورة المتابعة تحت إشراف أخصائي الغدد الصم.,0.99,dataset-derived supplemental fact from ahd5k_02685,dataset_derived,ahd_qa_source,supp_rel_tsh_interprets,supp_rel_tsh_interprets,INTERPRETS,direct
supp_rel_cholesterol_lifestyle,supp_chunk_lifestyle_001,ahd5k_00171,MANAGED_BY,MANAGED_BY,true,supp_ent_condition_cholesterol,ارتفاع الكوليسترول,DiseaseCondition,supp_ent_lifestyle_cholesterol,تقليل الدهون والرياضة,LifestyleRecommendation,طرق تخفيض الكوليسترول بدون دواء تعتمد على الجهد والتمارين خاصة المشي والحمية وتجنب الدهون الحيوانية والمقليات.,0.99,dataset-derived supplemental fact from ahd5k_00171,dataset_derived,ahd_qa_source,supp_rel_cholesterol_lifestyle,supp_rel_cholesterol_lifestyle,MANAGED_BY,direct
supp_rel_kidney_stones_management,supp_chunk_kidney_001,ahd5k_00012,TREATED_BY,TREATED_BY,true,supp_ent_condition_kidney_stones,حصى الكلى,DiseaseCondition,supp_ent_kidney_stones_management,الإكثار من السوائل والتقييم الطبي,Treatment,التخلص من الحصى يبدأ بدراستها لمعرفة مكانها وحجمها وطبيعتها ثم يقرر الطبيب كيفية التخلص منها.,0.99,dataset-derived supplemental fact from ahd5k_00012,dataset_derived,ahd_qa_source,supp_rel_kidney_stones_management,supp_rel_kidney_stones_management,TREATED_BY,direct
supp_rel_ibs_management,supp_chunk_ibs_001,ahd5k_01998,MANAGED_BY,MANAGED_BY,true,supp_ent_condition_ibs,القولون العصبي,DiseaseCondition,supp_ent_ibs_lifestyle,تنظيم الغذاء وتقليل المهيجات,LifestyleRecommendation,تبدو الأعراض كقولون عصبي؛ يذكر المصدر تجنب التفكير والقلق والنرفزة وتغيير أنماط تناول الطعام ونوعية الأطعمة.,0.99,dataset-derived supplemental fact from ahd5k_01998,dataset_derived,ahd_qa_source,supp_rel_ibs_management,supp_rel_ibs_management,MANAGED_BY,direct
supp_rel_fetal_bones_timeline,supp_chunk_fetal_001,ahd5k_00230,DEVELOPS_DURING,DEVELOPS_DURING,true,supp_ent_fetal_bones,عظام الجنين,BodyPart,supp_ent_pregnancy_second_month,نهاية الأسبوع السادس تقريبا,TimePeriod,في نهاية الأسبوع السادس يبدأ الجنين بتكوين العمود الفقري ويكون صغيرا جدا.,0.99,dataset-derived supplemental fact from ahd5k_00230,dataset_derived,ahd_qa_source,supp_rel_fetal_bones_timeline,supp_rel_fetal_bones_timeline,DEVELOPS_DURING,direct
supp_rel_mouth_fungus_treated,supp_chunk_mouth_001,ahd5k_00142,TREATED_BY,TREATED_BY,true,supp_ent_mouth_fungus,فطريات الفم,DiseaseCondition,supp_ent_mouth_fungus_eval,مراجعة طبيب اختصاصي لتأكيد التشخيص,Treatment,يوصي المصدر بالذهاب إلى طبيب اختصاصي لمعرفة التشخيص الحقيقي: هل هو فطريات أو نقص فيتامينات أو سبب آخر.,0.99,dataset-derived supplemental fact from ahd5k_00142,dataset_derived,ahd_qa_source,supp_rel_mouth_fungus_treated,supp_rel_mouth_fungus_treated,TREATED_BY,direct
focus_rel_dental_filling_no_dimple_relation,focus_chunk_ahd5k_00484,ahd5k_00484,NOT_ASSOCIATED_WITH,NOT_ASSOCIATED_WITH,true,focus_ent_dental_filling,حشو الأسنان,Treatment,focus_ent_face_dimple,غمازة الوجه,BodyFeature,لا توجد علاقة مرتبطة بين حشو الأسنان وغمازة الوجه حسب مصدر AHD.,0.97,focused dataset-derived expansion from ahd5k_00484,focused_dataset_extraction,ahd_qa_source,focus_rel_dental_filling_no_dimple_relation,focus_rel_dental_filling_no_dimple_relation,NOT_ASSOCIATED_WITH,direct
focus_rel_dental_anesthesia_temporary_dimple,focus_chunk_ahd5k_00484,ahd5k_00484,MAY_TEMPORARILY_AFFECT,MAY_TEMPORARILY_AFFECT,true,focus_ent_strong_local_anesthesia,تخدير موضعي قوي,Treatment,focus_ent_face_dimple,غمازة الوجه,BodyFeature,إذا تم تخدير منطقة الغمازة بمخدر قوي وكمية كبيرة فقد تزول الحالة خلال 24-48 ساعة.,0.97,focused dataset-derived expansion from ahd5k_00484,focused_dataset_extraction,ahd_qa_source,focus_rel_dental_anesthesia_temporary_dimple,focus_rel_dental_anesthesia_temporary_dimple,MAY_TEMPORARILY_AFFECT,direct
focus_rel_hemorrhoid_surgery_urinary_pain_review,focus_chunk_ahd5k_00530,ahd5k_00530,REQUIRES_MEDICAL_REVIEW_FOR,REQUIRES_MEDICAL_REVIEW_FOR,true,focus_ent_hemorrhoid_surgery,عملية البواسير,Procedure,focus_ent_postop_urinary_pain_16_days,استمرار صعوبة البول والألم بعد 16 يوم,Symptom,استمرار الألم والمعاناة لمدة 16 يوما بعد عملية البواسير يبدو غير عادي ويستدعي مراجعة الجراح.,0.97,focused dataset-derived expansion from ahd5k_00530,focused_dataset_extraction,ahd_qa_source,focus_rel_hemorrhoid_surgery_urinary_pain_review,focus_rel_hemorrhoid_surgery_urinary_pain_review,REQUIRES_MEDICAL_REVIEW_FOR,direct
focus_rel_anemia_managed_by_iron_rich_food,focus_chunk_ahd5k_00594,ahd5k_00594,MANAGED_BY,MANAGED_BY,true,focus_ent_anemia,فقر الدم,DiseaseCondition,focus_ent_iron_rich_foods,أغذية غنية بالحديد والفولات وفيتامين ب12,DietaryRecommendation,يمكن دعم فقر الدم بنظام غذائي غني بعناصر مثل الحديد وحمض الفوليك وفيتامين ب-12، مع بقاء العلاج حسب نوع فقر الدم تحت إشراف الطبيب.,0.97,focused dataset-derived expansion from ahd5k_00594,focused_dataset_extraction,ahd_qa_source,focus_rel_anemia_managed_by_iron_rich_food,focus_rel_anemia_managed_by_iron_rich_food,MANAGED_BY,direct
focus_rel_iron_absorption_improved_by_vitamin_c,focus_chunk_ahd5k_00594,ahd5k_00594,ABSORPTION_IMPROVED_BY,ABSORPTION_IMPROVED_BY,true,focus_ent_iron_rich_foods,أغذية غنية بالحديد والفولات وفيتامين ب12,DietaryRecommendation,focus_ent_vitamin_c_foods,أطعمة غنية بفيتامين ج,DietaryRecommendation,تناول الأطعمة الغنية بالحديد مع أطعمة غنية بفيتامين ج مثل البرتقال والطماطم والفراولة قد يحسن الامتصاص.,0.97,focused dataset-derived expansion from ahd5k_00594,focused_dataset_extraction,ahd_qa_source,focus_rel_iron_absorption_improved_by_vitamin_c,focus_rel_iron_absorption_improved_by_vitamin_c,ABSORPTION_IMPROVED_BY,direct
focus_rel_iron_absorption_reduced_by_tea_coffee,focus_chunk_ahd5k_00594,ahd5k_00594,ABSORPTION_REDUCED_BY,ABSORPTION_REDUCED_BY,true,focus_ent_iron_rich_foods,أغذية غنية بالحديد والفولات وفيتامين ب12,DietaryRecommendation,focus_ent_tea_coffee_calcium,الشاي والقهوة والكالسيوم مع الحديد,DietaryCaution,ينصح بتجنب تناول الأطعمة الغنية بالحديد مع القهوة أو الشاي أو الأطعمة الغنية بالكالسيوم لأنها قد تمنع امتصاص الحديد.,0.97,focused dataset-derived expansion from ahd5k_00594,focused_dataset_extraction,ahd_qa_source,focus_rel_iron_absorption_reduced_by_tea_coffee,focus_rel_iron_absorption_reduced_by_tea_coffee,ABSORPTION_REDUCED_BY,direct
focus_rel_iron_injections_determined_by_hb,focus_chunk_ahd5k_01162,ahd5k_01162,DOSE_DETERMINED_BY,DOSE_DETERMINED_BY,true,focus_ent_iron_injections,إبر الحديد,Treatment,focus_ent_hb_and_iron_type,نسبة الهيموغلوبين ونوع علاج الحديد,ClinicalFactor,تحديد طريقة وكمية علاج الحديد يعتمد على نسبة الهيموغلوبين ونوعية علاج الحديد.,0.97,focused dataset-derived expansion from ahd5k_01162,focused_dataset_extraction,ahd_qa_source,focus_rel_iron_injections_determined_by_hb,focus_rel_iron_injections_determined_by_hb,DOSE_DETERMINED_BY,direct
focus_rel_tooth_filing_risk_sensitivity,focus_chunk_ahd5k_00828,ahd5k_00828,HAS_RISK,HAS_RISK,true,focus_ent_tooth_filing,برد الأسنان,Procedure,focus_ent_tooth_sensitivity,حساسية الأسنان,Symptom,كثرة برد الأسنان قد تؤثر على الأسنان وتجعلها حساسة.,0.97,focused dataset-derived expansion from ahd5k_00828,focused_dataset_extraction,ahd_qa_source,focus_rel_tooth_filing_risk_sensitivity,focus_rel_tooth_filing_risk_sensitivity,HAS_RISK,direct
focus_rel_tooth_filing_duration,focus_chunk_ahd5k_00828,ahd5k_00828,PROCEDURE_DURATION,PROCEDURE_DURATION,true,focus_ent_tooth_filing,برد الأسنان,Procedure,focus_ent_one_two_sessions,جلسة واحدة أو جلستان,ProcedureDuration,برد الأسنان للتصغير قد يتم في جلسة واحدة، أما للتركيب وعمل أسنان صناعية فقد يحتاج جلسة أو جلستين.,0.97,focused dataset-derived expansion from ahd5k_00828,focused_dataset_extraction,ahd_qa_source,focus_rel_tooth_filing_duration,focus_rel_tooth_filing_duration,PROCEDURE_DURATION,direct
focus_rel_dyspnea_fatigue_possible_causes,focus_chunk_ahd5k_00855,ahd5k_00855,MAY_BE_ASSOCIATED_WITH,MAY_BE_ASSOCIATED_WITH,true,focus_ent_dyspnea_fatigue,صعوبة التنفس والإرهاق,Symptom,focus_ent_respiratory_anemia_circulation,التهاب تنفسي أو فقر دم أو اضطراب دموي أو دوراني,PossibleCondition,صعوبة التنفس والإرهاق قد تكون ناجمة عن التهاب في الجهاز التنفسي أو فقر الدم أو اضطرابات دموية أو متعلقة بجهاز الدورة الدموية.,0.97,focused dataset-derived expansion from ahd5k_00855,focused_dataset_extraction,ahd_qa_source,focus_rel_dyspnea_fatigue_possible_causes,focus_rel_dyspnea_fatigue_possible_causes,MAY_BE_ASSOCIATED_WITH,direct
focus_rel_dyspnea_fatigue_investigated_by_exam,focus_chunk_ahd5k_00855,ahd5k_00855,INVESTIGATED_BY,INVESTIGATED_BY,true,focus_ent_dyspnea_fatigue,صعوبة التنفس والإرهاق,Symptom,focus_ent_history_physical_exam,التاريخ المرضي والفحص السريري,DiagnosticProcedure,ينبغي معرفة التاريخ المرضي وإجراء فحص للكشف عن علامات سريرية تساعد في تحديد طبيعة الحالة.,0.97,focused dataset-derived expansion from ahd5k_00855,focused_dataset_extraction,ahd_qa_source,focus_rel_dyspnea_fatigue_investigated_by_exam,focus_rel_dyspnea_fatigue_investigated_by_exam,INVESTIGATED_BY,direct
focus_rel_ovulation_stimulation_no_harm,focus_chunk_ahd5k_01770,ahd5k_01770,HAS_SAFETY_NOTE,HAS_SAFETY_NOTE,true,focus_ent_ovulation_stimulation_hormones,تنشيط المبايض,Treatment,focus_ent_no_reported_harm_ivf,لا يوجد تأثير مضر مذكور قبل الحقن المجهري,SafetyFinding,حسب الخبرات والدراسات في مصدر AHD لا يوجد تأثير مضر للهرمونات المستخدمة في تنشيط الإباضة قبل الحقن المجهري.,0.97,focused dataset-derived expansion from ahd5k_01770,focused_dataset_extraction,ahd_qa_source,focus_rel_ovulation_stimulation_no_harm,focus_rel_ovulation_stimulation_no_harm,HAS_SAFETY_NOTE,direct
focus_rel_crp_wbc_may_indicate_inflammation,focus_chunk_ahd5k_02627,ahd5k_02627,MAY_INDICATE,MAY_INDICATE,true,focus_ent_high_crp_wbc,ارتفاع CRP وكريات الدم البيضاء,LabFinding,focus_ent_inflammation,التهاب,DiseaseCondition,ارتفاع CRP وكذلك كريات الدم البيضاء قد يدل على وجود التهاب مثل الإنفلونزا أو التهاب اللثة وغيرها.,0.97,focused dataset-derived expansion from ahd5k_02627,focused_dataset_extraction,ahd_qa_source,focus_rel_crp_wbc_may_indicate_inflammation,focus_rel_crp_wbc_may_indicate_inflammation,MAY_INDICATE,direct
focus_rel_wbc_pregnancy_normal_range,focus_chunk_ahd5k_02627,ahd5k_02627,HAS_NORMAL_RANGE,HAS_NORMAL_RANGE,true,focus_ent_wbc_pregnancy,كريات الدم البيضاء أثناء الحمل,LabFinding,focus_ent_wbc_16000_pregnancy,حتى 16000 أثناء الحمل وقد تصل 20000 أثناء الولادة,Range,ارتفاع كريات الدم البيضاء حتى 16000 قد يعتبر طبيعيا أثناء الحمل وقد يصل أثناء الولادة إلى 20000 حسب مصدر AHD.,0.97,focused dataset-derived expansion from ahd5k_02627,focused_dataset_extraction,ahd_qa_source,focus_rel_wbc_pregnancy_normal_range,focus_rel_wbc_pregnancy_normal_range,HAS_NORMAL_RANGE,direct
target_rel_thyroid_pregnancy_fetal_growth,targeted_chunk_ahd5k_00048,ahd5k_00048,IMPORTANT_FOR,IMPORTANT_FOR,true,target_ent_thyroid_hormone_pregnancy,هرمون الثيروكسين أثناء الحمل,Hormone,target_ent_fetal_mental_physical_growth,نمو الجنين العقلي والجسدي,DevelopmentProcess,هرمون الثيروكسين مهم لنمو الجنين العقلي والجسدي أثناء الحمل.,0.98,targeted dataset-derived expansion from ahd5k_00048,targeted_dataset_review,ahd_qa_source,target_rel_thyroid_pregnancy_fetal_growth,target_rel_thyroid_pregnancy_fetal_growth,IMPORTANT_FOR,direct
target_rel_hypothyroidism_pregnancy_birth_defects,targeted_chunk_ahd5k_00048,ahd5k_00048,MAY_CAUSE_IF_UNTREATED,MAY_CAUSE_IF_UNTREATED,true,target_ent_untreated_hypothyroidism_pregnancy,خمول الغدة الدرقية غير المعالج أثناء الحمل,DiseaseCondition,target_ent_fetal_congenital_effects,تشوهات خلقية أو تقزم الجنين,Risk,نقص إفراز هرمون الغدة الدرقية إذا لم يعالج لمدة طويلة أثناء الحمل، خاصة في الثلث الثاني والثالث، قد يؤدي إلى تشوهات خلقية وحالات تقزم.,0.98,targeted dataset-derived expansion from ahd5k_00048,targeted_dataset_review,ahd_qa_source,target_rel_hypothyroidism_pregnancy_birth_defects,target_rel_hypothyroidism_pregnancy_birth_defects,MAY_CAUSE_IF_UNTREATED,direct
target_rel_hemorrhoid_surgery_urinary_symptoms_review,targeted_chunk_ahd5k_00530,ahd5k_00530,REQUIRES_MEDICAL_REVIEW_FOR,REQUIRES_MEDICAL_REVIEW_FOR,true,target_ent_post_hemorrhoid_surgery,بعد عملية البواسير,ProcedureContext,target_ent_persistent_urinary_pain_16_days,استمرار صعوبة البول والألم بعد 16 يوما,Symptom,استمرار الألم والمعاناة لمدة 16 يوما بعد عملية البواسير يبدو غير عادي ويستدعي مراجعة الجراح الذي أجرى العملية.,0.98,targeted dataset-derived expansion from ahd5k_00530,targeted_dataset_review,ahd_qa_source,target_rel_hemorrhoid_surgery_urinary_symptoms_review,target_rel_hemorrhoid_surgery_urinary_symptoms_review,REQUIRES_MEDICAL_REVIEW_FOR,direct
target_rel_anemia_foods_iron_folate_b12,targeted_chunk_ahd5k_00594,ahd5k_00594,MANAGED_BY,MANAGED_BY,true,target_ent_anemia_nutrition,فقر الدم,DiseaseCondition,target_ent_iron_folate_b12_foods,غذاء غني بالحديد والفولات وفيتامين ب12,DietaryRecommendation,يمكن دعم فقر الدم باتباع نظام غذائي غني بالعناصر اللازمة لتعويض النقص مثل الحديد وحمض الفوليك وفيتامين ب-12، مع تحديد العلاج حسب نوع فقر الدم.,0.98,targeted dataset-derived expansion from ahd5k_00594,targeted_dataset_review,ahd_qa_source,target_rel_anemia_foods_iron_folate_b12,target_rel_anemia_foods_iron_folate_b12,MANAGED_BY,direct
target_rel_open_heart_postop_weakness_needs_doctor,targeted_chunk_ahd5k_01704,ahd5k_01704,REQUIRES_SPECIALIST_ASSESSMENT_FOR,REQUIRES_SPECIALIST_ASSESSMENT_FOR,true,target_ent_open_heart_surgery,عملية القلب المفتوح,Procedure,target_ent_postop_weakness_after_cardiac_surgery,الضعف بعد جراحة القلب,Symptom,تقدير الحالة بعد عملية القلب المفتوح يحتاج إلى الطبيب المطلع على تفاصيل الحالة.,0.98,targeted dataset-derived expansion from ahd5k_01704,targeted_dataset_review,ahd_qa_source,target_rel_open_heart_postop_weakness_needs_doctor,target_rel_open_heart_postop_weakness_needs_doctor,REQUIRES_SPECIALIST_ASSESSMENT_FOR,direct
target_rel_cardiac_surgery_decision_depends_on_function,targeted_chunk_ahd5k_04912,ahd5k_04912,ASSESSMENT_DEPENDS_ON,ASSESSMENT_DEPENDS_ON,true,target_ent_coronary_stenosis_weak_heart,ضعف عضلة القلب وضيق الشرايين,DiseaseCondition,target_ent_cardiac_team_assessment,تقييم الفريق الطبي ووظائف الأعضاء,ClinicalAssessment,تحديد العلاج أو الجراحة في ضعف عضلة القلب وضيق الشرايين يتطلب معرفة نسبة الضعف والتضيق والحالة الوظيفية لباقي أعضاء الجسم، ثم تقييم الفريق الطبي.,0.98,targeted dataset-derived expansion from ahd5k_04912,targeted_dataset_review,ahd_qa_source,target_rel_cardiac_surgery_decision_depends_on_function,target_rel_cardiac_surgery_decision_depends_on_function,ASSESSMENT_DEPENDS_ON,direct
target_rel_cephadar_tooth_pain_needs_analgesic,targeted_chunk_ahd5k_00625,ahd5k_00625,USED_WITH_FOR_TOOTH_PAIN,USED_WITH_FOR_TOOTH_PAIN,true,target_ent_cephadar_forte,Cephadar forte,Drug,target_ent_tooth_pain_analgesic,مسكن ألم الأسنان,Treatment,في مصدر AHD، يمكن أخذ Cephadar forte لألم الأسنان، لكن الحالة تحتاج أيضا إلى مسكن ألم مثل Brufen.,0.98,targeted dataset-derived expansion from ahd5k_00625,targeted_dataset_review,ahd_qa_source,target_rel_cephadar_tooth_pain_needs_analgesic,target_rel_cephadar_tooth_pain_needs_analgesic,USED_WITH_FOR_TOOTH_PAIN,direct
target_rel_dyspnea_fatigue_possible_causes,targeted_chunk_ahd5k_00855,ahd5k_00855,MAY_BE_ASSOCIATED_WITH,MAY_BE_ASSOCIATED_WITH,true,target_ent_dyspnea_fatigue,صعوبة التنفس والإرهاق,Symptom,target_ent_respiratory_anemia_circulation_causes,التهاب تنفسي أو فقر دم أو اضطراب دموي أو دوراني,PossibleCondition,صعوبة التنفس والإرهاق قد تكون ناجمة عن التهاب في الجهاز التنفسي، أو فقر الدم، أو اضطرابات دموية، أو مشكلة متعلقة بجهاز الدورة الدموية.,0.98,targeted dataset-derived expansion from ahd5k_00855,targeted_dataset_review,ahd_qa_source,target_rel_dyspnea_fatigue_possible_causes,target_rel_dyspnea_fatigue_possible_causes,MAY_BE_ASSOCIATED_WITH,direct
target_rel_dyspnea_fatigue_investigated_by_exam,targeted_chunk_ahd5k_00855,ahd5k_00855,INVESTIGATED_BY,INVESTIGATED_BY,true,target_ent_dyspnea_fatigue,صعوبة التنفس والإرهاق,Symptom,target_ent_history_physical_exam,التاريخ المرضي والفحص السريري,DiagnosticProcedure,ينبغي معرفة التاريخ المرضي وإجراء فحص للكشف عن علامات سريرية تساعد في تحديد طبيعة الحالة.,0.98,targeted dataset-derived expansion from ahd5k_00855,targeted_dataset_review,ahd_qa_source,target_rel_dyspnea_fatigue_investigated_by_exam,target_rel_dyspnea_fatigue_investigated_by_exam,INVESTIGATED_BY,direct
target_rel_ectopic_beats_causes_thyroid_anemia,targeted_chunk_ahd5k_00189,ahd5k_00189,MAY_BE_ASSOCIATED_WITH,MAY_BE_ASSOCIATED_WITH,true,target_ent_ectopic_heart_beats,الضربات الهاجرة في القلب,Symptom,target_ent_thyroid_anemia_multiple_causes,اضطراب الغدة الدرقية أو فقر الدم أو أسباب متعددة,PossibleCondition,أسباب الضربات الهاجرة كثيرة، وقد تكون عرضا ثانويا لاضطراب يتعلق بالغدة الدرقية أو فقر الدم أو أسباب أخرى متعددة.,0.98,targeted dataset-derived expansion from ahd5k_00189,targeted_dataset_review,ahd_qa_source,target_rel_ectopic_beats_causes_thyroid_anemia,target_rel_ectopic_beats_causes_thyroid_anemia,MAY_BE_ASSOCIATED_WITH,direct
target_rel_ectopic_beats_treatment_depends_diagnosis,targeted_chunk_ahd5k_00189,ahd5k_00189,TREATMENT_DEPENDS_ON,TREATMENT_DEPENDS_ON,true,target_ent_ectopic_heart_beats,الضربات الهاجرة في القلب,Symptom,target_ent_precise_arrhythmia_diagnosis,التشخيص الدقيق لنوع اضطراب النظم,ClinicalAssessment,علاج الضربات الهاجرة مرتبط بالتشخيص الدقيق لفئتها بعد تقييم السبب.,0.98,targeted dataset-derived expansion from ahd5k_00189,targeted_dataset_review,ahd_qa_source,target_rel_ectopic_beats_treatment_depends_diagnosis,target_rel_ectopic_beats_treatment_depends_diagnosis,TREATMENT_DEPENDS_ON,direct
target_rel_ovulation_stimulation_no_reported_harm,targeted_chunk_ahd5k_01770,ahd5k_01770,HAS_SAFETY_NOTE,HAS_SAFETY_NOTE,true,target_ent_ovulation_stimulation_before_ivf,تنشيط المبايض قبل الحقن المجهري,Treatment,target_ent_no_harm_ovulation_hormones,لا يوجد تأثير مضر مذكور للهرمونات,SafetyFinding,حسب الخبرات والدراسات المذكورة في مصدر AHD، لا يوجد تأثير مضر للهرمونات المستخدمة في تنشيط الإباضة قبل الحقن المجهري.,0.98,targeted dataset-derived expansion from ahd5k_01770,targeted_dataset_review,ahd_qa_source,target_rel_ovulation_stimulation_no_reported_harm,target_rel_ovulation_stimulation_no_reported_harm,HAS_SAFETY_NOTE,direct
target_rel_impacted_wisdom_tooth_head_eye_ear,targeted_chunk_ahd5k_00507,ahd5k_00507,MAY_REQUIRE,MAY_REQUIRE,true,target_ent_impacted_wisdom_tooth,ضرس العقل المطمور,DiseaseCondition,target_ent_oral_maxillofacial_dentist,طبيب أسنان أو جراح وجه وفكين,Specialist,إذا وجد ضرس عقل مطمور، فمن الأفضل إزالته لدى طبيب أسنان متمرس أو طبيب جراح وجه وفكين.,0.98,targeted dataset-derived expansion from ahd5k_00507,targeted_dataset_review,ahd_qa_source,target_rel_impacted_wisdom_tooth_head_eye_ear,target_rel_impacted_wisdom_tooth_head_eye_ear,MAY_REQUIRE,direct
target_rel_left_chest_pain_not_always_heart,targeted_chunk_ahd5k_04975,ahd5k_04975,NOT_ALWAYS_INDICATES,NOT_ALWAYS_INDICATES,true,target_ent_left_chest_back_pain,نغزات الجهة اليسرى من الصدر والظهر,Symptom,target_ent_heart_source,مصدر قلبي,PossibleCondition,ليس كل ألم في هذه المنطقة يعني أن مصدره القلب؛ فقد تسبب الأنسجة الجلدية أو العضلية أو الهيكلية ألما مشابها، ويلزم فحص سريري لمعرفة السبب.,0.98,targeted dataset-derived expansion from ahd5k_04975,targeted_dataset_review,ahd_qa_source,target_rel_left_chest_pain_not_always_heart,target_rel_left_chest_pain_not_always_heart,NOT_ALWAYS_INDICATES,direct
target_rel_cholesterol_needs_lipid_profile,targeted_chunk_ahd5k_00171,ahd5k_00171,INVESTIGATED_BY,INVESTIGATED_BY,true,target_ent_high_cholesterol,ارتفاع الكوليسترول,DiseaseCondition,target_ent_lipid_profile_weight_chronic_disease,فحص الدهون وتقييم الوزن والأمراض المزمنة,ClinicalAssessment,تخفيض الكوليسترول يتطلب أولا معرفة نوع الارتفاع والدهون الثلاثية والكوليسترول الحميد، إضافة إلى تقييم الوزن والأمراض المزمنة.,0.98,targeted dataset-derived expansion from ahd5k_00171,targeted_dataset_review,ahd_qa_source,target_rel_cholesterol_needs_lipid_profile,target_rel_cholesterol_needs_lipid_profile,INVESTIGATED_BY,direct
exact_rel_trial_query_003_source_answer,exact_source_chunk_ahd5k_00020,ahd5k_00020,ANSWERED_BY_SOURCE_QA,ANSWERED_BY_SOURCE_QA,true,exact_ent_trial_query_003_topic,بنتي سنتين ونصف عندها حساسيه حليب البقر وتاخذ,QuestionTopic,exact_ent_trial_query_003_source_answer,إجابة مصدر AHD ahd5k_00020,SourceAnswer,اعطيها حليب مكسر بروتين الحليب بالكامل او حليب رز,0.99,exact AHD source answer for previously insufficient query trial_query_003,exact_source_answer_expansion,ahd_qa_source,exact_rel_trial_query_003_source_answer,exact_rel_trial_query_003_source_answer,ANSWERED_BY_SOURCE_QA,direct
exact_rel_trial_query_009_source_answer,exact_source_chunk_ahd5k_00088,ahd5k_00088,ANSWERED_BY_SOURCE_QA,ANSWERED_BY_SOURCE_QA,true,exact_ent_trial_query_009_topic,دوائي طبيعي لعلاج انفراص بالفاصل العجزي القطني,QuestionTopic,exact_ent_trial_query_009_source_answer,إجابة مصدر AHD ahd5k_00088,SourceAnswer,اذا كان هذا الانقراص غير مسبب لضغط على الجذور العصبية يمكن العلاج من خلال جلسات علاج فيزيائي ام اذا كان ضاغطا فالجراحة هي الحل كذل في حال تضيق قناة النخاع المصاحبة لانزلاق غضروفي,0.99,exact AHD source answer for previously insufficient query trial_query_009,exact_source_answer_expansion,ahd_qa_source,exact_rel_trial_query_009_source_answer,exact_rel_trial_query_009_source_answer,ANSWERED_BY_SOURCE_QA,direct
exact_rel_trial_query_010_source_answer,exact_source_chunk_ahd5k_00140,ahd5k_00140,ANSWERED_BY_SOURCE_QA,ANSWERED_BY_SOURCE_QA,true,exact_ent_trial_query_010_topic,ان تحس المراه بوجع طفيف علي مستوي الثدي,QuestionTopic,exact_ent_trial_query_010_source_answer,إجابة مصدر AHD ahd5k_00140,SourceAnswer,"يمكن ان يحدث هذا قبل او اثناء الدوره الشهريه نتيجه التغييرات الهرمونيه التي تحدث في هذه الاثناء, ولكن يختفي هذا الالم بعد انتهاء الدوره. لذلك اذا استمر الالم انصحك بمراجعه طبيبك للفحص.",0.99,exact AHD source answer for previously insufficient query trial_query_010,exact_source_answer_expansion,ahd_qa_source,exact_rel_trial_query_010_source_answer,exact_rel_trial_query_010_source_answer,ANSWERED_BY_SOURCE_QA,direct
exact_rel_trial_query_017_source_answer,exact_source_chunk_ahd5k_00237,ahd5k_00237,ANSWERED_BY_SOURCE_QA,ANSWERED_BY_SOURCE_QA,true,exact_ent_trial_query_017_topic,عليكم، هو الفرق بين ضغط الدم الخاص بالجسم,QuestionTopic,exact_ent_trial_query_017_source_answer,إجابة مصدر AHD ahd5k_00237,SourceAnswer,لايوجد علاقة إجمالا,0.99,exact AHD source answer for previously insufficient query trial_query_017,exact_source_answer_expansion,ahd_qa_source,exact_rel_trial_query_017_source_answer,exact_rel_trial_query_017_source_answer,ANSWERED_BY_SOURCE_QA,direct
exact_rel_trial_query_020_source_answer,exact_source_chunk_ahd5k_00291,ahd5k_00291,ANSWERED_BY_SOURCE_QA,ANSWERED_BY_SOURCE_QA,true,exact_ent_trial_query_020_topic,مالمقصود باللمف,QuestionTopic,exact_ent_trial_query_020_source_answer,إجابة مصدر AHD ahd5k_00291,SourceAnswer,اللمف سائل شفاف، يميل لونه إلى الصفرة يشبه في تركيبه تركيب الدم إلا أنّه لا يحتوي على كرات دم حمراء بل كرات دم بيضاء. يتكون من بقايا السائل النسيجي وجزيئات البروتين والكريات البيضاء وبعض مكونات الجهاز المناعي الأخرى يساهم في نقل الدسم من المعي الدقيق إلى القلب.,0.99,exact AHD source answer for previously insufficient query trial_query_020,exact_source_answer_expansion,ahd_qa_source,exact_rel_trial_query_020_source_answer,exact_rel_trial_query_020_source_answer,ANSWERED_BY_SOURCE_QA,direct
exact_rel_trial_query_021_source_answer,exact_source_chunk_ahd5k_00313,ahd5k_00313,ANSWERED_BY_SOURCE_QA,ANSWERED_BY_SOURCE_QA,true,exact_ent_trial_query_021_topic,علاقه بين انخفاض الصفيحات الدمويه 122 وارتفاع خضاب,QuestionTopic,exact_ent_trial_query_021_source_answer,إجابة مصدر AHD ahd5k_00313,SourceAnswer,يجب التأكد من blood smear فلم صورة الدم للتأكد من نقص الصفيحات بهذه الافتراض يجب اجراء فحص نخاع العظم,0.99,exact AHD source answer for previously insufficient query trial_query_021,exact_source_answer_expansion,ahd_qa_source,exact_rel_trial_query_021_source_answer,exact_rel_trial_query_021_source_answer,ANSWERED_BY_SOURCE_QA,direct
exact_rel_trial_query_023_source_answer,exact_source_chunk_ahd5k_00372,ahd5k_00372,ANSWERED_BY_SOURCE_QA,ANSWERED_BY_SOURCE_QA,true,exact_ent_trial_query_023_topic,حد بقدر يساعدني امي عملت فحص tah وهاي,QuestionTopic,exact_ent_trial_query_023_source_answer,إجابة مصدر AHD ahd5k_00372,SourceAnswer,التحليل طبيعي . إذا كانت تأخد تيروكسين عليها أن تستمر بنفس الجرعة . وإذا لم تكن تأخذ فالغدة طبيعية ولاتحتاج لشيء,0.99,exact AHD source answer for previously insufficient query trial_query_023,exact_source_answer_expansion,ahd_qa_source,exact_rel_trial_query_023_source_answer,exact_rel_trial_query_023_source_answer,ANSWERED_BY_SOURCE_QA,direct
exact_rel_trial_query_025_source_answer,exact_source_chunk_ahd5k_00436,ahd5k_00436,ANSWERED_BY_SOURCE_QA,ANSWERED_BY_SOURCE_QA,true,exact_ent_trial_query_025_topic,ضغط والم وشعور بعدم الراحه منتصف الصدر يزداد,QuestionTopic,exact_ent_trial_query_025_source_answer,إجابة مصدر AHD ahd5k_00436,SourceAnswer,لا بد من فحص طبي سريري لاستبعاد فتق في الحجاب الحاجز,0.99,exact AHD source answer for previously insufficient query trial_query_025,exact_source_answer_expansion,ahd_qa_source,exact_rel_trial_query_025_source_answer,exact_rel_trial_query_025_source_answer,ANSWERED_BY_SOURCE_QA,direct
exact_rel_trial_query_027_source_answer,exact_source_chunk_ahd5k_00480,ahd5k_00480,ANSWERED_BY_SOURCE_QA,ANSWERED_BY_SOURCE_QA,true,exact_ent_trial_query_027_topic,مصاب بفيروس س4 واخذتعﻻج بيغاسي ولم اشفي جري,QuestionTopic,exact_ent_trial_query_027_source_answer,إجابة مصدر AHD ahd5k_00480,SourceAnswer,"عليكم السلام يمكنك اخذ دواء من فصيلة ايزومبرازول مثل النيكسيام 40 مج لمدة شهر على الاقل و ايضا يجب عمل فحص PT, PTT, INR لفحص سيولة",0.99,exact AHD source answer for previously insufficient query trial_query_027,exact_source_answer_expansion,ahd_qa_source,exact_rel_trial_query_027_source_answer,exact_rel_trial_query_027_source_answer,ANSWERED_BY_SOURCE_QA,direct
exact_rel_trial_query_030_source_answer,exact_source_chunk_ahd5k_00507,ahd5k_00507,ANSWERED_BY_SOURCE_QA,ANSWERED_BY_SOURCE_QA,true,exact_ent_trial_query_030_topic,الاعراض التاليه لها علاقه بالاسنان وهي صداع الراس,QuestionTopic,exact_ent_trial_query_030_source_answer,إجابة مصدر AHD ahd5k_00507,SourceAnswer,من الافضل والاجدى اذا وجد ضرس غقل او اكثر مطمور ان تبادرى لازالتهم وذلك لدى طبيب اسنان متمرس او لدى طبيب جراح وجه وفكين خيث يندرج هذا التخصص من ضمن تخصصه,0.99,exact AHD source answer for previously insufficient query trial_query_030,exact_source_answer_expansion,ahd_qa_source,exact_rel_trial_query_030_source_answer,exact_rel_trial_query_030_source_answer,ANSWERED_BY_SOURCE_QA,direct
exact_rel_trial_query_031_source_answer,exact_source_chunk_ahd5k_00510,ahd5k_00510,ANSWERED_BY_SOURCE_QA,ANSWERED_BY_SOURCE_QA,true,exact_ent_trial_query_031_topic,تؤخر علاجات الحساسيه والربو عمليه الحمل,QuestionTopic,exact_ent_trial_query_031_source_answer,إجابة مصدر AHD ahd5k_00510,SourceAnswer,سؤال جدا شيق ومهم . حقيقة من مضاعفات استعمال بعض انواع مضادات الهيستامين على المدى الطويل قد تؤثر على الخصوبة لدى الرجال عن طريق تقليل كمية انتاج الحيوانات المنوية . اما لدى النساء فإن لمضادات الهيستامين اثرا على تجفيف بعض سوائل الجسم ومن بينها مخاط عنق الرحم والذي يلعب دورا مهما في الابقاء على الحيوانات المنوية حية لمدة تصل الى ٣ ايام مما يزيد من فرص الحمل، وتجفيف ذلك المخاط سيقلل من بقاء تلك الحيوانات حية لتلك الفترة وبالتالي تقليل فرص الحمل . والله أعلم انصح ك بالتقليل او ايقاف تناول حبوب مضاد الهيستامين اذا كانت هي العائق الوحيد في تأخر الحمل لديكي حاليا ام امكن . بالتوفيق ان شاء الله,0.99,exact AHD source answer for previously insufficient query trial_query_031,exact_source_answer_expansion,ahd_qa_source,exact_rel_trial_query_031_source_answer,exact_rel_trial_query_031_source_answer,ANSWERED_BY_SOURCE_QA,direct
exact_rel_trial_query_033_source_answer,exact_source_chunk_ahd5k_00543,ahd5k_00543,ANSWERED_BY_SOURCE_QA,ANSWERED_BY_SOURCE_QA,true,exact_ent_trial_query_033_topic,اختي عملت تحاليل ماقبل الزواج وهي وخطيبها طلعوا,QuestionTopic,exact_ent_trial_query_033_source_answer,إجابة مصدر AHD ahd5k_00543,SourceAnswer,الزواج سيؤدى إلى وجود اوﻻد يعانون من المرض وتحطم كرات الدم باستمرار معاناة,0.99,exact AHD source answer for previously insufficient query trial_query_033,exact_source_answer_expansion,ahd_qa_source,exact_rel_trial_query_033_source_answer,exact_rel_trial_query_033_source_answer,ANSWERED_BY_SOURCE_QA,direct
exact_rel_trial_query_038_source_answer,exact_source_chunk_ahd5k_00604,ahd5k_00604,ANSWERED_BY_SOURCE_QA,ANSWERED_BY_SOURCE_QA,true,exact_ent_trial_query_038_topic,زوجتي حامل نهايه شهرها السابع وتبين صور الاشعه,QuestionTopic,exact_ent_trial_query_038_source_answer,إجابة مصدر AHD ahd5k_00604,SourceAnswer,نعم هنالك عدد من اختصاصي جراحة الاكفاء في عمان الرجاء الاتصال بنا لدى حضوركم وسوف نقوم بالاتمام شخصيا لانتقاء افضل اطباء جراحي الاطفال لاجراء العمليه. د.سليمان ضبيط مدير وحدة الاخصاب والوراثة +962-6-4647217 +962-6-4644281 +692-79-5544688,0.99,exact AHD source answer for previously insufficient query trial_query_038,exact_source_answer_expansion,ahd_qa_source,exact_rel_trial_query_038_source_answer,exact_rel_trial_query_038_source_answer,ANSWERED_BY_SOURCE_QA,direct
exact_rel_trial_query_039_source_answer,exact_source_chunk_ahd5k_00614,ahd5k_00614,ANSWERED_BY_SOURCE_QA,ANSWERED_BY_SOURCE_QA,true,exact_ent_trial_query_039_topic,عشبه الزعرور تتعارض مميعات الدم كالاسبرين وتؤدي لنتيجه,QuestionTopic,exact_ent_trial_query_039_source_answer,إجابة مصدر AHD ahd5k_00614,SourceAnswer,وجد ان هذه العشبة تزيد من سيولة الدم في المرضى الذين يأخذون الاسبرين او البلافكس او الورفارين وهم الغالبية العظمى من مرضى القلب وبالتالي تزيد من سيولة الدم ، وكذلك تزيد من احتمالية تسمم الجسم بدواء ( DIGOXIN ) وذلك عند تفاعله مع هذه العشبة تزداد معدلاته في الدم بصورة عالية مما يسبب هبوط الدورة الدموية وتباطؤ نبضات القلب.,0.99,exact AHD source answer for previously insufficient query trial_query_039,exact_source_answer_expansion,ahd_qa_source,exact_rel_trial_query_039_source_answer,exact_rel_trial_query_039_source_answer,ANSWERED_BY_SOURCE_QA,direct
exact_rel_trial_query_040_source_answer,exact_source_chunk_ahd5k_00615,ahd5k_00615,ANSWERED_BY_SOURCE_QA,ANSWERED_BY_SOURCE_QA,true,exact_ent_trial_query_040_topic,حلمه ثديي الايمن لا بها فتحه اي انها,QuestionTopic,exact_ent_trial_query_040_source_answer,إجابة مصدر AHD ahd5k_00615,SourceAnswer,"يجب مراجعه اخصائي جراحه صدريه لفحص صدرك للتاكيد على فحصك، فاذا كنت فقط تعانين من وجود حلمه مسطحه فلا ضرر لها ،الا بعض الصعوبه عند الرضاعه ويمكن تصحيح هذا الشكل من الحلمات بعدة طرق ١.عمل بعض التمرينات لشد الحلمات إلى الخارج، وهي عبارة عن تمرينات تدليك لما حول منطقة الحلمة للمساعدة على بروزها، وقد تكون نتائجها ضعيفة جدا ٢. يمكن استخدام جهاز يسمى \""breast slell\"" دائري من البلاستيك يثبت على الثدي، ويوضع عادة تحت حمالات الثدي فيعمل على ترطيب المنطقة المحيطة بالحلمة ليساعدها على البروز, ويستخدم هذا الجهاز بانتظام 4 مرات في اليوم ولعدد من الساعات حسب إرشاد الطبيب، وقد يعطي نتائج جيدة. ٣. وكذلك هناك وسائل جراحية لإبراز الحلمة المقلوبة ونتائجها مضمونة في إظهار شكل الحلمة طبيعي، غير أنها لن تفيد في حل المشكلة الأكثر أهمية وهي قدرة الطفل على الرضاعة؛ نظرا لأن هذه الجراحة تؤثر على القنوات اللبنية في الثدي.",0.99,exact AHD source answer for previously insufficient query trial_query_040,exact_source_answer_expansion,ahd_qa_source,exact_rel_trial_query_040_source_answer,exact_rel_trial_query_040_source_answer,ANSWERED_BY_SOURCE_QA,direct
exact_rel_trial_query_042_source_answer,exact_source_chunk_ahd5k_00632,ahd5k_00632,ANSWERED_BY_SOURCE_QA,ANSWERED_BY_SOURCE_QA,true,exact_ent_trial_query_042_topic,عمله تحاليل مختبر للغده الدرقيه ولم اجد الطبيب,QuestionTopic,exact_ent_trial_query_042_source_answer,إجابة مصدر AHD ahd5k_00632,SourceAnswer,يوجد كسل أولى بالغده الدرقيه ونحتاج للعلاج يجب زياره طبيب الغدد للفحص السريرى والاحتياج لاكمال باقى الفحوصات المعمليه وموجات صوتيه على الغده الدرقيه,0.99,exact AHD source answer for previously insufficient query trial_query_042,exact_source_answer_expansion,ahd_qa_source,exact_rel_trial_query_042_source_answer,exact_rel_trial_query_042_source_answer,ANSWERED_BY_SOURCE_QA,direct
exact_rel_trial_query_044_source_answer,exact_source_chunk_ahd5k_00655,ahd5k_00655,ANSWERED_BY_SOURCE_QA,ANSWERED_BY_SOURCE_QA,true,exact_ent_trial_query_044_topic,مريضه بالسكر واستخدم فيرومن كبريتات الحديد لان فقر,QuestionTopic,exact_ent_trial_query_044_source_answer,إجابة مصدر AHD ahd5k_00655,SourceAnswer,من التاثيرات الجانبية لدواء فيرومين كبريتات الحديد ظهور مثل هذه الحبوب غيري العلاج,0.99,exact AHD source answer for previously insufficient query trial_query_044,exact_source_answer_expansion,ahd_qa_source,exact_rel_trial_query_044_source_answer,exact_rel_trial_query_044_source_answer,ANSWERED_BY_SOURCE_QA,direct
exact_rel_trial_query_045_source_answer,exact_source_chunk_ahd5k_00656,ahd5k_00656,ANSWERED_BY_SOURCE_QA,ANSWERED_BY_SOURCE_QA,true,exact_ent_trial_query_045_topic,العمر 47 لاول مره تعاني الم الصدر ويمتد,QuestionTopic,exact_ent_trial_query_045_source_answer,إجابة مصدر AHD ahd5k_00656,SourceAnswer,إذا كانت الفحوصات القلبية طبيعية فقد يكون السبب من العمود الفقري الرقبي أو الظهري,0.99,exact AHD source answer for previously insufficient query trial_query_045,exact_source_answer_expansion,ahd_qa_source,exact_rel_trial_query_045_source_answer,exact_rel_trial_query_045_source_answer,ANSWERED_BY_SOURCE_QA,direct
exact_rel_trial_query_047_source_answer,exact_source_chunk_ahd5k_00673,ahd5k_00673,ANSWERED_BY_SOURCE_QA,ANSWERED_BY_SOURCE_QA,true,exact_ent_trial_query_047_topic,لحالتي فانا اشعر بالام قويه مفصل الركبه الايسر,QuestionTopic,exact_ent_trial_query_047_source_answer,إجابة مصدر AHD ahd5k_00673,SourceAnswer,يبدوا من وصفك انكة مصاب بالتهاب مفصل الركبه والذي هو احد انواع التهابات المفاصل والذي يسمى بالعاميه سوفان مفصل الركبه والذي سببه تغيرات انحطاطيه تشمل كل من الغضروف وما تحتهخ وكذلك تكوين تكلسات طرفيه وتورم الانسجه ما حول المفصل مع تغيرات في محاور الحركه تسبب الاما شديده مع تحدد في الحركه ان مادة كلوكوز امين كوندروتين بطيئة المفعول وخصوصا كلما ازداد العمر وهي لوحدها لاتؤ دي الغرض حيث اتن التمالرين الرياضيه والعلاج الطبيعي - الادويه مضادة الالتهاب والغير الكورتيزونيه - تكييف الحركه ومفردات الحياة وبحسب العمر والفعاليات ونوعية العمل هي الحل الامثل,0.99,exact AHD source answer for previously insufficient query trial_query_047,exact_source_answer_expansion,ahd_qa_source,exact_rel_trial_query_047_source_answer,exact_rel_trial_query_047_source_answer,ANSWERED_BY_SOURCE_QA,direct
exact_rel_trial_query_048_source_answer,exact_source_chunk_ahd5k_00679,ahd5k_00679,ANSWERED_BY_SOURCE_QA,ANSWERED_BY_SOURCE_QA,true,exact_ent_trial_query_048_topic,بمعلويه زمن البروثرومبين كيف حساب تركيز البروثرومبين؟,QuestionTopic,exact_ent_trial_query_048_source_answer,إجابة مصدر AHD ahd5k_00679,SourceAnswer,إن زمن البروثرومبين وتركيز البروثرومبين في الدم يتم قياسه من خلال تحليل الدم. إن زمن التخثر هو مقياس للتسلسل التخثري للدم ويتكون من مجموعة من العوامل منها العامل 7، 2(البروثرومبين)، 5، 10، والفيبرينوجين. ويتم إجراء الاختبار عن طريق إضافة الكالسيوم والثرومبوبلاستين، وهو منشط لمسار التخثر، إلى عينة الدم ثم قياس الوقت (بالثواني) اللازم لتكوين الجلطة. وللحصول على نتيجة صحيحة يحب أخذ عينة الدم بالشكل الصحيح عن طريق ملء عينة الدم بالكامل (5 مل)، لأن الأنبوب المملوء بشكل غير كامل قد يؤدي إلى فترة تخثر طويلة بشكل خاطئ مع ضرورة إجراء التحليل خلال ساعتين في حال بقاء العينة في درجة حرارة الغرفة أو خلال 4 ساعات في حال الاحتفاظ بالعينة في الثلاجة. للمزيد: إرشادات غذائية للمرضى الذين يستخدمون مميعات الدم الفيتامينات ومرافقات الأنزيمات VITAMINS AND COENZYMES المرجع: Prothrombin Time,0.99,exact AHD source answer for previously insufficient query trial_query_048,exact_source_answer_expansion,ahd_qa_source,exact_rel_trial_query_048_source_answer,exact_rel_trial_query_048_source_answer,ANSWERED_BY_SOURCE_QA,direct
exact_rel_trial_query_050_source_answer,exact_source_chunk_ahd5k_00691,ahd5k_00691,ANSWERED_BY_SOURCE_QA,ANSWERED_BY_SOURCE_QA,true,exact_ent_trial_query_050_topic,نبضات القلب بطيئه فما العلاج,QuestionTopic,exact_ent_trial_query_050_source_answer,إجابة مصدر AHD ahd5k_00691,SourceAnswer,هذا يعتمد على حدة ونوع البطئ وعلى السبب,0.99,exact AHD source answer for previously insufficient query trial_query_050,exact_source_answer_expansion,ahd_qa_source,exact_rel_trial_query_050_source_answer,exact_rel_trial_query_050_source_answer,ANSWERED_BY_SOURCE_QA,direct
exact_rel_trial_query_052_source_answer,exact_source_chunk_ahd5k_00696,ahd5k_00696,ANSWERED_BY_SOURCE_QA,ANSWERED_BY_SOURCE_QA,true,exact_ent_trial_query_052_topic,مولود جديد بعد التحاليل ظهر الانيميا الفوليه الانيميا,QuestionTopic,exact_ent_trial_query_052_source_answer,إجابة مصدر AHD ahd5k_00696,SourceAnswer,الفوال أو التفول هو الاضطراب الخلقي الجيني الناجم عن نقص الأنزيم المسؤول عن الحفاظ على تركيز ببتيد الغلوتاثيون الذي يحمي خلايا الدم الحمراء من التلف بفعل الأكسدة وبالتالي التسبب في فقر الدم الانحلالي الغير مناعي وخاصة عند تناول المُصاب لكميات كبيرة من الفول أو التعرض لحبوب اللقاح الخاصة بالنبته المُثمرة للفول لا يمكن الوقاية من المرض لانه خلقي جيني,0.99,exact AHD source answer for previously insufficient query trial_query_052,exact_source_answer_expansion,ahd_qa_source,exact_rel_trial_query_052_source_answer,exact_rel_trial_query_052_source_answer,ANSWERED_BY_SOURCE_QA,direct
exact_rel_trial_query_054_source_answer,exact_source_chunk_ahd5k_00736,ahd5k_00736,ANSWERED_BY_SOURCE_QA,ANSWERED_BY_SOURCE_QA,true,exact_ent_trial_query_054_topic,تغير لون اللثه جزء وردي وجزء احمر ؟؟؟؟,QuestionTopic,exact_ent_trial_query_054_source_answer,إجابة مصدر AHD ahd5k_00736,SourceAnswer,الوردي هو اللون الطبيعي للثة السليمة و الاحمرار علامة التهاب ..... و التهاب اللثة في اغلب الاحيان يكمن السبب في اهمال الاعتناء بالنظافة الفمية ... الحل باجراء تنظيف للاسنان عند الطبيب و تفريش الاسنان بطريقة صحيحة و استعال مضمضة طبية و اتباع التعليمات الاضافية التي يمليها عليك الطبيب,0.99,exact AHD source answer for previously insufficient query trial_query_054,exact_source_answer_expansion,ahd_qa_source,exact_rel_trial_query_054_source_answer,exact_rel_trial_query_054_source_answer,ANSWERED_BY_SOURCE_QA,direct
exact_rel_trial_query_055_source_answer,exact_source_chunk_ahd5k_00754,ahd5k_00754,ANSWERED_BY_SOURCE_QA,ANSWERED_BY_SOURCE_QA,true,exact_ent_trial_query_055_topic,امراءه السبعين الام قويه تمتد الرقبه الي الكتف,QuestionTopic,exact_ent_trial_query_055_source_answer,إجابة مصدر AHD ahd5k_00754,SourceAnswer,الالام التي تعانين منها قد تكون نتيجة انزلاق غضروفي عنقي او خشونة عالية في الفقرات او التهاب اوتار . ينصح عمل صورة رنين مغناطيسي للعنق وفحص هشاشة عظام ومراجعة اخصائي جراحة اعصاب من اجل الفحص السريري,0.99,exact AHD source answer for previously insufficient query trial_query_055,exact_source_answer_expansion,ahd_qa_source,exact_rel_trial_query_055_source_answer,exact_rel_trial_query_055_source_answer,ANSWERED_BY_SOURCE_QA,direct
exact_rel_trial_query_058_source_answer,exact_source_chunk_ahd5k_00772,ahd5k_00772,ANSWERED_BY_SOURCE_QA,ANSWERED_BY_SOURCE_QA,true,exact_ent_trial_query_058_topic,سن32عازبه طول154 وزن86 سمنهوشعرانيهوكسل بسيط بالغدهالدرقيه ودورهغيرمنتظمهمن8سنوات بدات,QuestionTopic,exact_ent_trial_query_058_source_answer,إجابة مصدر AHD ahd5k_00772,SourceAnswer,بشكل عام نعم مناسب لعلاج تكيس المبايض وهذا مترافق مع زيادة الوزن ولذلك اهم شيء هو خفض الوزن,0.99,exact AHD source answer for previously insufficient query trial_query_058,exact_source_answer_expansion,ahd_qa_source,exact_rel_trial_query_058_source_answer,exact_rel_trial_query_058_source_answer,ANSWERED_BY_SOURCE_QA,direct
exact_rel_trial_query_059_source_answer,exact_source_chunk_ahd5k_00775,ahd5k_00775,ANSWERED_BY_SOURCE_QA,ANSWERED_BY_SOURCE_QA,true,exact_ent_trial_query_059_topic,سؤال ثاني الاجسام المضاده للغده الدرقيه مرتفعه بس,QuestionTopic,exact_ent_trial_query_059_source_answer,إجابة مصدر AHD ahd5k_00775,SourceAnswer,اهم شيء هو نسبة الهرمونات في الدم. اذا كانت طبيعية فلا تحتاجي الى أي علاج ولا يوجد تأثير على الحمل,0.99,exact AHD source answer for previously insufficient query trial_query_059,exact_source_answer_expansion,ahd_qa_source,exact_rel_trial_query_059_source_answer,exact_rel_trial_query_059_source_answer,ANSWERED_BY_SOURCE_QA,direct
exact_rel_trial_query_061_source_answer,exact_source_chunk_ahd5k_00791,ahd5k_00791,ANSWERED_BY_SOURCE_QA,ANSWERED_BY_SOURCE_QA,true,exact_ent_trial_query_061_topic,الممكن مريض الغده الدرقيه يشفي منها تماما بعد,QuestionTopic,exact_ent_trial_query_061_source_answer,إجابة مصدر AHD ahd5k_00791,SourceAnswer,عزيزتي غالباً عن استخدام هرمون الثايروكسين بالجرعة المطلوبة يتحسن النوم لدى الأغلبية ولذلك يجب التأكد ان الجرعة كافية عن طريق تحليل الدم لمستوى هرمون الغدة tsh والأمر الآخر يتطلب استقصاء الأسباب الاخرى لكثرة النوم او الخمول والكسل بشكل عام العضوية والنفسية,0.99,exact AHD source answer for previously insufficient query trial_query_061,exact_source_answer_expansion,ahd_qa_source,exact_rel_trial_query_061_source_answer,exact_rel_trial_query_061_source_answer,ANSWERED_BY_SOURCE_QA,direct
exact_rel_trial_query_062_source_answer,exact_source_chunk_ahd5k_00793,ahd5k_00793,ANSWERED_BY_SOURCE_QA,ANSWERED_BY_SOURCE_QA,true,exact_ent_trial_query_062_topic,ورحمه الله وبركاته حبيت اسال زيت اللوز المر,QuestionTopic,exact_ent_trial_query_062_source_answer,إجابة مصدر AHD ahd5k_00793,SourceAnswer,يوجد العديد من الفوائد لاستخدام زيت اللوز المر، منها التخلص من علامات التمدد ولكن هناك حاجة إلى مزيد من الدراسات قبل أن يتم إثبات فعالية زيت اللوز المر. ومن الجدير بالذكر أن زيت اللوز المر يحتوي على مركبات سامة مثل السيانيد بكميات معينة قد لا تكون آمنة خاصة عند الاستخدام أثناء الحمل لذا يفضل التوقف عن استخدامه خلال فترة الحمل لارتباطه ببعض الآثار الجانبية غير المرغوبة مثل: إصابة الجنين بالعيوب الخلقية نتيجة احتواء هذا الزيت على فيتامين أ الذي يحظر استخدامه خلال الحمل. زيادة خطر الولادة المبكرة. للمزيد: زيوت المساج الطبيعية لتدليك الجسم المرجع: What essential oils are good for preventing stretch marks? Is It Safe To Use Almond Oil During Pregnancy?,0.99,exact AHD source answer for previously insufficient query trial_query_062,exact_source_answer_expansion,ahd_qa_source,exact_rel_trial_query_062_source_answer,exact_rel_trial_query_062_source_answer,ANSWERED_BY_SOURCE_QA,direct
exact_rel_trial_query_063_source_answer,exact_source_chunk_ahd5k_00821,ahd5k_00821,ANSWERED_BY_SOURCE_QA,ANSWERED_BY_SOURCE_QA,true,exact_ent_trial_query_063_topic,سؤالي زراعه الاسنان الامريكيه نوع 3i مدي جودتها,QuestionTopic,exact_ent_trial_query_063_source_answer,إجابة مصدر AHD ahd5k_00821,SourceAnswer,كل انواع الزرعات غالبه ما يتم صنعها من مادة التيتانيوم ومثلها مثل باقى الزرعات العالميه,0.99,exact AHD source answer for previously insufficient query trial_query_063,exact_source_answer_expansion,ahd_qa_source,exact_rel_trial_query_063_source_answer,exact_rel_trial_query_063_source_answer,ANSWERED_BY_SOURCE_QA,direct
exact_rel_trial_query_068_source_answer,exact_source_chunk_ahd5k_00859,ahd5k_00859,ANSWERED_BY_SOURCE_QA,ANSWERED_BY_SOURCE_QA,true,exact_ent_trial_query_068_topic,بنت اخي لديها انتفاخ الغدد الليمفاويهمما جعل لها,QuestionTopic,exact_ent_trial_query_068_source_answer,إجابة مصدر AHD ahd5k_00859,SourceAnswer,العقد اللمفاوية موجودة بشكل طبيعي في الجسم خاصة الرقبة ولكنها تنتفخ (تكبر) كرة فعل على وجود التهاب في المنطقة كاللوزتين مثلاً وتصغر مع اعطاء ادوية الالتهاب اما اذا كان حجمها ثابتاً فيجب اجراء فحوصات مخبرية او خزعة,0.99,exact AHD source answer for previously insufficient query trial_query_068,exact_source_answer_expansion,ahd_qa_source,exact_rel_trial_query_068_source_answer,exact_rel_trial_query_068_source_answer,ANSWERED_BY_SOURCE_QA,direct
exact_rel_trial_query_069_source_answer,exact_source_chunk_ahd5k_00864,ahd5k_00864,ANSWERED_BY_SOURCE_QA,ANSWERED_BY_SOURCE_QA,true,exact_ent_trial_query_069_topic,ان زوجه 50 عمري انتفاخ الثدي الاييسر الشعور,QuestionTopic,exact_ent_trial_query_069_source_answer,إجابة مصدر AHD ahd5k_00864,SourceAnswer,عليك مراجعة استشارى أمراض النساء او طبيب اورام,0.99,exact AHD source answer for previously insufficient query trial_query_069,exact_source_answer_expansion,ahd_qa_source,exact_rel_trial_query_069_source_answer,exact_rel_trial_query_069_source_answer,ANSWERED_BY_SOURCE_QA,direct
exact_rel_trial_query_070_source_answer,exact_source_chunk_ahd5k_00876,ahd5k_00876,ANSWERED_BY_SOURCE_QA,ANSWERED_BY_SOURCE_QA,true,exact_ent_trial_query_070_topic,الان وصلت الي الاسبوع العشرين ومازال بطني فيه,QuestionTopic,exact_ent_trial_query_070_source_answer,إجابة مصدر AHD ahd5k_00876,SourceAnswer,من الطبيعي ان يكون البطن لين اثناء الحمل اما حركة الجنين التي تحت السرة فمكان الحركة يعتمد على وضع الجنين وقد تكون اسفل البطن او اعلاه المهم ان هناك حركة وعادة ما يصل الرحم الى مستوى السرة عند بداية الاسبوع 24 لذا لا ارى اي مشاكل لديك ولكني بالرغم من ذلك انصحك بعمل تصوير سونار للحمل للأطمئنان اكثر,0.99,exact AHD source answer for previously insufficient query trial_query_070,exact_source_answer_expansion,ahd_qa_source,exact_rel_trial_query_070_source_answer,exact_rel_trial_query_070_source_answer,ANSWERED_BY_SOURCE_QA,direct
exact_rel_trial_query_071_source_answer,exact_source_chunk_ahd5k_00891,ahd5k_00891,ANSWERED_BY_SOURCE_QA,ANSWERED_BY_SOURCE_QA,true,exact_ent_trial_query_071_topic,بنتي عمرها سنه ونصف وفي شعرها مناطق فهاش,QuestionTopic,exact_ent_trial_query_071_source_answer,إجابة مصدر AHD ahd5k_00891,SourceAnswer,لو مناطق محددة في فروة الرأس يجب عرضها على أخصائي جلدية. فربما تكون فطريات. أما سقوط الشعر فسببه نقص فيتامين أ وعﻻجه شراب فروتال 5 مل يوميا,0.99,exact AHD source answer for previously insufficient query trial_query_071,exact_source_answer_expansion,ahd_qa_source,exact_rel_trial_query_071_source_answer,exact_rel_trial_query_071_source_answer,ANSWERED_BY_SOURCE_QA,direct
exact_rel_trial_query_073_source_answer,exact_source_chunk_ahd5k_00931,ahd5k_00931,ANSWERED_BY_SOURCE_QA,ANSWERED_BY_SOURCE_QA,true,exact_ent_trial_query_073_topic,العلاج المستخدم تنشيط المبايض قبل الحقن المجهري له,QuestionTopic,exact_ent_trial_query_073_source_answer,إجابة مصدر AHD ahd5k_00931,SourceAnswer,لا تؤثر الابر الهرمونية على زيادة الوزن فقط في فترة اخذهم قد يتم تجمع بعض السوائل في الجسم ولكن في حال الانتهاء من الابر يعود الجسم لوضعه الطبيعي,0.99,exact AHD source answer for previously insufficient query trial_query_073,exact_source_answer_expansion,ahd_qa_source,exact_rel_trial_query_073_source_answer,exact_rel_trial_query_073_source_answer,ANSWERED_BY_SOURCE_QA,direct
exact_rel_trial_query_074_source_answer,exact_source_chunk_ahd5k_00941,ahd5k_00941,ANSWERED_BY_SOURCE_QA,ANSWERED_BY_SOURCE_QA,true,exact_ent_trial_query_074_topic,زوجتي حامل بدايه الشهر الخامس وونزل منها ماء,QuestionTopic,exact_ent_trial_query_074_source_answer,إجابة مصدر AHD ahd5k_00941,SourceAnswer,يجب مراجعه طبيبك في اقرب ، حيث ان هذا السائل يمكن ان يكون نتيجه ثقب في الكيس حول الجنين مما يؤدي الى نزول السائل الامينوسي حول الجنين ، او نتيجه لتوسع في عنق الرحم مما يؤدي الى نزول افرازات مهبليه تشبه الماء. وهذه قد تؤدي الى ولاده مبكره او التهابات قد تحتاج الى انهاء هذا الحمل . لذلك يجب مراجعه طبيبك لفحصك وتشخيص حالتك والتاكد من سلامه الحمل واعطائك العلاج المناسب,0.99,exact AHD source answer for previously insufficient query trial_query_074,exact_source_answer_expansion,ahd_qa_source,exact_rel_trial_query_074_source_answer,exact_rel_trial_query_074_source_answer,ANSWERED_BY_SOURCE_QA,direct
exact_rel_trial_query_077_source_answer,exact_source_chunk_ahd5k_00987,ahd5k_00987,ANSWERED_BY_SOURCE_QA,ANSWERED_BY_SOURCE_QA,true,exact_ent_trial_query_077_topic,كيف اعالج علامات الشيخوخه المبكره بالوجه؟,QuestionTopic,exact_ent_trial_query_077_source_answer,إجابة مصدر AHD ahd5k_00987,SourceAnswer,للتقليل من علامات الشيخوخة ننصحك بالتوقف عن التدخين، وشرب الكحول، وممارسة التمارين الرياضية بشكل مستمر وبانتظام، والمحافظة على الغذاء المتوازن الغني بالفيتامينات والمعادن.,0.99,exact AHD source answer for previously insufficient query trial_query_077,exact_source_answer_expansion,ahd_qa_source,exact_rel_trial_query_077_source_answer,exact_rel_trial_query_077_source_answer,ANSWERED_BY_SOURCE_QA,direct
exact_rel_trial_query_080_source_answer,exact_source_chunk_ahd5k_01005,ahd5k_01005,ANSWERED_BY_SOURCE_QA,ANSWERED_BY_SOURCE_QA,true,exact_ent_trial_query_080_topic,العلاج المناسب لتقليل نسبه الاملاح الدم النسبه الحاليه,QuestionTopic,exact_ent_trial_query_080_source_answer,إجابة مصدر AHD ahd5k_01005,SourceAnswer,فعادة لا نعالج ارتفاع حمض البول بحد ذاته إلا إذا كان عند المريض قصة سابقة لحصوة في الكلية أو مرض النقرس أو زيادة في طرح حمض البول في البول، وهذا نستطيع قياسه بتجميع البول لمدة أربع وعشرين ساعة. ويرتفع حمض البول عند من يتناولون أدوية الضغط التي تحتوي على المدرات، ومن يتناول حبوب الأسبرين لحماية القلب، ولا حاجة لأن تنشغل كثيرا إن لم يكن عندك النقرس أو حصوة في الكلية، وفقط قلل من اللحوم الحمراء والكلاوي والكبد - كما ذكرت - وهو لا يحتاج لعلاج.,0.99,exact AHD source answer for previously insufficient query trial_query_080,exact_source_answer_expansion,ahd_qa_source,exact_rel_trial_query_080_source_answer,exact_rel_trial_query_080_source_answer,ANSWERED_BY_SOURCE_QA,direct
exact_rel_trial_query_081_source_answer,exact_source_chunk_ahd5k_01058,ahd5k_01058,ANSWERED_BY_SOURCE_QA,ANSWERED_BY_SOURCE_QA,true,exact_ent_trial_query_081_topic,اشعر ببروده راسي وغذا اصبح ملمس راسي بارد,QuestionTopic,exact_ent_trial_query_081_source_answer,إجابة مصدر AHD ahd5k_01058,SourceAnswer,أنصحك بمراجعة أخصائي الأمراض الداخلية الذي قد يطلب صور شعاعية للرأس من ضمن فحوص أخرى تحياتي,0.99,exact AHD source answer for previously insufficient query trial_query_081,exact_source_answer_expansion,ahd_qa_source,exact_rel_trial_query_081_source_answer,exact_rel_trial_query_081_source_answer,ANSWERED_BY_SOURCE_QA,direct
exact_rel_trial_query_083_source_answer,exact_source_chunk_ahd5k_01094,ahd5k_01094,ANSWERED_BY_SOURCE_QA,ANSWERED_BY_SOURCE_QA,true,exact_ent_trial_query_083_topic,البديل لعمل كراون للضرس حال كان طول الضرس,QuestionTopic,exact_ent_trial_query_083_source_answer,إجابة مصدر AHD ahd5k_01094,SourceAnswer,فيه نوعيات من الطرابيش اسمها تليسكوبيك كراونtelescopic او الاون لاييonlay,0.99,exact AHD source answer for previously insufficient query trial_query_083,exact_source_answer_expansion,ahd_qa_source,exact_rel_trial_query_083_source_answer,exact_rel_trial_query_083_source_answer,ANSWERED_BY_SOURCE_QA,direct
exact_rel_trial_query_085_source_answer,exact_source_chunk_ahd5k_01140,ahd5k_01140,ANSWERED_BY_SOURCE_QA,ANSWERED_BY_SOURCE_QA,true,exact_ent_trial_query_085_topic,لمدا كلما انزعجت شخص اشعر بدوار ودقات سريعه,QuestionTopic,exact_ent_trial_query_085_source_answer,إجابة مصدر AHD ahd5k_01140,SourceAnswer,هذه حالة من التوتر الشديد حيث يرافقها أعراض جسدية عابرة، ويُمكن الحد منها من خلال التحول المباشر من التفكير في الموضوع المثير إلى أي نقطة اهتمام أخرى لحين السيطرة على النفس بطريقة أفضل، والرياضة اليومية وجلسات الاسترخاء تُساعد الشخص على تجاوزها، وفي حالة عدم القدرة على عمل ذلك ننصح بمعاودة أخصائي نفسية,0.99,exact AHD source answer for previously insufficient query trial_query_085,exact_source_answer_expansion,ahd_qa_source,exact_rel_trial_query_085_source_answer,exact_rel_trial_query_085_source_answer,ANSWERED_BY_SOURCE_QA,direct
exact_rel_trial_query_086_source_answer,exact_source_chunk_ahd5k_01162,ahd5k_01162,ANSWERED_BY_SOURCE_QA,ANSWERED_BY_SOURCE_QA,true,exact_ent_trial_query_086_topic,فقر دم وعملت التحاليل نقص فيتامين دال ونقص,QuestionTopic,exact_ent_trial_query_086_source_answer,إجابة مصدر AHD ahd5k_01162,SourceAnswer,يجب الاعتماد على نسبة الهيموكلوبين لتحديد طريقة العلاج و كمية العلاج نسبة مخزون الحديد في الجسم مقبولة نعم يوجد نقص في نسبة فيتامين د تركيز الحديد يختلف حسب نوعية العلاج العدد المذكور في رسالتك غير مستوجب وغير متوافق مع التحليل المرسل مع السؤال,0.99,exact AHD source answer for previously insufficient query trial_query_086,exact_source_answer_expansion,ahd_qa_source,exact_rel_trial_query_086_source_answer,exact_rel_trial_query_086_source_answer,ANSWERED_BY_SOURCE_QA,direct
exact_rel_trial_query_087_source_answer,exact_source_chunk_ahd5k_01181,ahd5k_01181,ANSWERED_BY_SOURCE_QA,ANSWERED_BY_SOURCE_QA,true,exact_ent_trial_query_087_topic,اود معرفه تدلي المستقيم؟وطرق العلاج؟,QuestionTopic,exact_ent_trial_query_087_source_answer,إجابة مصدر AHD ahd5k_01181,SourceAnswer,أسباب تدلي القولون هو ارتخاء في الآنسجة الضامة في الجسم، وربما يساعد كثرة الشد في البطن.,0.99,exact AHD source answer for previously insufficient query trial_query_087,exact_source_answer_expansion,ahd_qa_source,exact_rel_trial_query_087_source_answer,exact_rel_trial_query_087_source_answer,ANSWERED_BY_SOURCE_QA,direct
exact_rel_trial_query_089_source_answer,exact_source_chunk_ahd5k_01220,ahd5k_01220,ANSWERED_BY_SOURCE_QA,ANSWERED_BY_SOURCE_QA,true,exact_ent_trial_query_089_topic,عمري43 ارتفاع الصفراء الدم وصلت الي ويوجد تضخم,QuestionTopic,exact_ent_trial_query_089_source_answer,إجابة مصدر AHD ahd5k_01220,SourceAnswer,ماهي تحاليل وظائف الكبد وصوره الدم ونتيجه الاشعه التليفزيونيه,0.99,exact AHD source answer for previously insufficient query trial_query_089,exact_source_answer_expansion,ahd_qa_source,exact_rel_trial_query_089_source_answer,exact_rel_trial_query_089_source_answer,ANSWERED_BY_SOURCE_QA,direct
exact_rel_trial_query_092_source_answer,exact_source_chunk_ahd5k_01245,ahd5k_01245,ANSWERED_BY_SOURCE_QA,ANSWERED_BY_SOURCE_QA,true,exact_ent_trial_query_092_topic,اشعر بالصداع والنعاس وحساسيه وجهي والحكه بكل انحاء,QuestionTopic,exact_ent_trial_query_092_source_answer,إجابة مصدر AHD ahd5k_01245,SourceAnswer,معرفة سبب الحساسيه وتجنبه لتتجنب استخدام الادويه يتم ذلك عن طريق RAST Test,0.99,exact AHD source answer for previously insufficient query trial_query_092,exact_source_answer_expansion,ahd_qa_source,exact_rel_trial_query_092_source_answer,exact_rel_trial_query_092_source_answer,ANSWERED_BY_SOURCE_QA,direct
exact_rel_trial_query_093_source_answer,exact_source_chunk_ahd5k_01259,ahd5k_01259,ANSWERED_BY_SOURCE_QA,ANSWERED_BY_SOURCE_QA,true,exact_ent_trial_query_093_topic,لا استطبع النوم علي جانبي لا الايمن ولا,QuestionTopic,exact_ent_trial_query_093_source_answer,إجابة مصدر AHD ahd5k_01259,SourceAnswer,لا داعي للقلق لكن اسباب ذلك كثيرة وقد لا تكون متعلقة بحالتك السابقة وفي جميع الاحوال لا بد من فحص طبي سريري اولا لبيان خصائص الاعراض وللكشف عن العلامات المرافقة اولا,0.99,exact AHD source answer for previously insufficient query trial_query_093,exact_source_answer_expansion,ahd_qa_source,exact_rel_trial_query_093_source_answer,exact_rel_trial_query_093_source_answer,ANSWERED_BY_SOURCE_QA,direct
exact_rel_trial_query_094_source_answer,exact_source_chunk_ahd5k_01266,ahd5k_01266,ANSWERED_BY_SOURCE_QA,ANSWERED_BY_SOURCE_QA,true,exact_ent_trial_query_094_topic,هناك اخري محدده تؤدي الي ولاده دات شفه,QuestionTopic,exact_ent_trial_query_094_source_answer,إجابة مصدر AHD ahd5k_01266,SourceAnswer,الشفة الأرنبية تعتبر من التشوهات الخلقية الشائعة نسبيا اذ تصل نسبتها الى 1 في كل 700 ولادة وفي الغالب يكون السبب وراثي وقم تم تحديد الجين المسئول عن ذلك ولكنها قد تنتج عن استعمال بعض الأدوية بجرعات كبيرة نسبيا مثل الاسبرين والكورتيزون والتوبيراميت وادوية اخرى او التعرض للعدوى بواسطة بعض الفيروسات,0.99,exact AHD source answer for previously insufficient query trial_query_094,exact_source_answer_expansion,ahd_qa_source,exact_rel_trial_query_094_source_answer,exact_rel_trial_query_094_source_answer,ANSWERED_BY_SOURCE_QA,direct
exact_rel_trial_query_096_source_answer,exact_source_chunk_ahd5k_01292,ahd5k_01292,ANSWERED_BY_SOURCE_QA,ANSWERED_BY_SOURCE_QA,true,exact_ent_trial_query_096_topic,تناول ملعقه يوميا زيت الحلبه علي الريق يزيد,QuestionTopic,exact_ent_trial_query_096_source_answer,إجابة مصدر AHD ahd5k_01292,SourceAnswer,اشربى من الحلبة كتير اما بالنسبة لزيت الحلبة ضعي منه معلقة على صدرك وادهنى صدرك بزيت الحلبة بالليل وبزيت الزيتون الصبح، وافركي الثديين بشكل دائري ومن أسفل لأعلى ولكنه يحتاج استمرار وصبر لمدة بضع شهور بدون ملل ولا يأس,0.99,exact AHD source answer for previously insufficient query trial_query_096,exact_source_answer_expansion,ahd_qa_source,exact_rel_trial_query_096_source_answer,exact_rel_trial_query_096_source_answer,ANSWERED_BY_SOURCE_QA,direct
exact_rel_trial_query_100_source_answer,exact_source_chunk_ahd5k_01325,ahd5k_01325,ANSWERED_BY_SOURCE_QA,ANSWERED_BY_SOURCE_QA,true,exact_ent_trial_query_100_topic,بقع بنيه علي جانبي الوجه وانا انيميا 10,QuestionTopic,exact_ent_trial_query_100_source_answer,إجابة مصدر AHD ahd5k_01325,SourceAnswer,من الواضح انكب تعانين من تكسر مزمن في الدم أدى لظهور الحصى في المرارة لذا أنصحكم بمراجعة طبيب اختصاص دم لمعرفة نوعية التكسر والتي على الأغلب ان يكون العامل الوراثي له دور كبير,0.99,exact AHD source answer for previously insufficient query trial_query_100,exact_source_answer_expansion,ahd_qa_source,exact_rel_trial_query_100_source_answer,exact_rel_trial_query_100_source_answer,ANSWERED_BY_SOURCE_QA,direct
