relation_id,provenance_status,dataset_qa_id,source_question,source_answer,notes
supp_rel_normal_bp,dataset_derived,ahd5k_00085,ماهو المعدل الطبيعي لضغط الدم لرجل عمرة في 79 سنة وماهو هو عدد نبضات القلب المثالي بالنسبة له .,حسب عوامل الخطورة الاخرى كالسكري و الكلى. اذا لانوجد أمراض مصاحبة ١٤٠-٨٠ و ضربات القلب تقريبا من ٦٥-٨٥ لكن ممكن ان نقبل ضربات قلب اقل او اكثر,حسب عوامل الخطورة الأخرى كالسكري والكلى؛ إذا لا توجد أمراض مصاحبة فالقيمة المذكورة 140-80.
supp_rel_normal_hr,dataset_derived,ahd5k_00085,ماهو المعدل الطبيعي لضغط الدم لرجل عمرة في 79 سنة وماهو هو عدد نبضات القلب المثالي بالنسبة له .,حسب عوامل الخطورة الاخرى كالسكري و الكلى. اذا لانوجد أمراض مصاحبة ١٤٠-٨٠ و ضربات القلب تقريبا من ٦٥-٨٥ لكن ممكن ان نقبل ضربات قلب اقل او اكثر,ضربات القلب تقريبا من 65-85، ويمكن قبول أقل أو أكثر حسب الحالة.
supp_rel_diclofenac_side_effect,dataset_derived,ahd5k_00065,هل عقار اولفين المسكن له اثار جانبية مثل الفولتارين حيث اني مصاب بالصداع الشقيقه واحتاج مسكن قوي وشكرا,"الأولفين هو نفس الدواء فولتارين , فالاثنان يحتووا على نفس المادة الفعالة ديكلوفيناك , ولكن الاسم التجاري مختلف , ولهم نفس الأعراض الجانبية . فإذا كنت لا تعاني من ارتفاع في ضغط الدم. ولا من أي مشاكل , فإنك تستطيع أخذ الدواء , وخذه على معدة ممتلئة ( بعد الأكل ) لتقلل من تهيج الجهاز الهضمي. و في حال كانت الشقيقة شديدة فهناك أدوية تقلل من توسع الأوعية في الدماغ لان توسع الأوعية يسبب ألم الشقيقة , لذا يمكنك استشارة الطبيب في ذلك.",الأولفين هو نفس فولتارين ويحتويان على ديكلوفيناك، ولهم نفس الأعراض الجانبية، وينصح بأخذه بعد الأكل لتقليل تهيج الجهاز الهضمي.
supp_rel_diclofenac_supervision,dataset_derived,ahd5k_00065,هل عقار اولفين المسكن له اثار جانبية مثل الفولتارين حيث اني مصاب بالصداع الشقيقه واحتاج مسكن قوي وشكرا,"الأولفين هو نفس الدواء فولتارين , فالاثنان يحتووا على نفس المادة الفعالة ديكلوفيناك , ولكن الاسم التجاري مختلف , ولهم نفس الأعراض الجانبية . فإذا كنت لا تعاني من ارتفاع في ضغط الدم. ولا من أي مشاكل , فإنك تستطيع أخذ الدواء , وخذه على معدة ممتلئة ( بعد الأكل ) لتقلل من تهيج الجهاز الهضمي. و في حال كانت الشقيقة شديدة فهناك أدوية تقلل من توسع الأوعية في الدماغ لان توسع الأوعية يسبب ألم الشقيقة , لذا يمكنك استشارة الطبيب في ذلك.",في حال الشقيقة الشديدة توجد أدوية أخرى ويذكر المصدر إمكانية استشارة الطبيب لذلك.
supp_rel_primolut_pregnancy,dataset_derived,ahd5k_00439,ماهي التشوهات التي تسببها بريمولوت ن اثناء الحمل,اذا كنت حامل وما زلت تستعملين اقراص ال بريمولوت ن فيجب ايقافها ، فهناك دراسات اثبتتت انه يمكن ان تؤدي هذه الاقراص الى تشوهات في القلب والاوعيه الدمويه لدى الجنين ، كما انه يمكن ان تؤدي الى تشوهات في الانبوب العصبي والدماغ,إذا كانت المريضة حاملا وتستعمل بريمولوت ن فيجب إيقافه؛ يذكر المصدر دراسات عن احتمال تشوهات في القلب والأوعية والأنبوب العصبي والدماغ.
supp_rel_dental_aftercare,dataset_derived,ahd5k_00315,السلام عليكم انا فتحت التقويم والدكتور سوا لي تنظيف وقال لي لا تشربي القهوه او الشاي الا بعد مرور ٦ اشهر !! هل يمكنني اشرب القهوه واغسلها بالفور اسناني ام...,اشربي قهوتك و شايك على راحتك مع المحافظة على تنظيف الاسنان.,إجابة المصدر تقول: اشربي قهوتك وشايك على راحتك مع المحافظة على تنظيف الأسنان.
supp_rel_tsh_interprets,dataset_derived,ahd5k_02685,جاني بعد الوﻻده اتهاب بالغده الدرقيه زياده نشاط علما بانه بعد وﻻدتي السابقه حدث معي كذلك وزال بدون علاج ولكن هذه المره اشعر بان النشاط زاد وارهقني Tsh= 0.032 من...,عادة ما يتحول هذا الافراط في الافراز الى كسل ومن ثم يعود الى طبيعته وفي هذه المرحلة يحتاج الى علاج عرضي فقط ولكن يوجد لذلك استثناءات ولذلك يجب المتابعة تحت اشراف اخصائي امراض الغدد الصم,قيمة TSH بعد الولادة ترتبط باضطراب نشاط الغدة الدرقية، ويذكر المصدر ضرورة المتابعة تحت إشراف أخصائي الغدد الصم.
supp_rel_cholesterol_lifestyle,dataset_derived,ahd5k_00171,امرأة تريد طرقة للتخلص من الكوليسترول في الجسم - وعمرها 54 سنة,أولاً يتوجب معرفة نوع الكوليسترول المرتفع لديها وهل يصاحبه ارتفاع في الدهون الثلاثية أم لا وهل الكوليسترول الحميد منخفض ، جميع هذه المعلومات يمكن الحصول عليها بعد فحص الدهون لتحديد نوع الزيادة ومقدارها ، كذلك يتطلب معرفة ما اذا كان وزنها طبيعي أم لا ، وهل لديها أي مرض مزمن، أما بشكل عام فطرق تخفيضه بدون دواء تعتمد في الدرجة الأولى على الجهد والتمارين خاصة المشي وعلى الحمية وتجنب الدهن الجيواني والاألبان خاصة الجبن والطعام المقلي كذلك تجنب الأغذية التي تحتوي على أحشاء الحيونات والكبد والطحال، والاستعاضة عنها بالأسماك والخضرة والفواكه الطازجة وزيت الزيتون,طرق تخفيض الكوليسترول بدون دواء تعتمد على الجهد والتمارين خاصة المشي والحمية وتجنب الدهون الحيوانية والمقليات.
supp_rel_kidney_stones_management,dataset_derived,ahd5k_00012,السلام عليكم اناعمري 22 سنة واعاني من القولون العصبي ولدي توسع بالكليتين بسبب وجود الحصى كيف يمكنني التخلص من الحصى ومشاكل القولون,التخلص من الحصى يكون اولا بدراستها لمعرفة مكانها وخجمها وطبيعتها وبعد ذلك ممكن للطبيب ان يقرركيفية التخلص منها اما القولون العصبي فبأمكانك البحث في موقعنا الطبي عن ذلك وستجد كتابات عديدة وقيمة,التخلص من الحصى يبدأ بدراستها لمعرفة مكانها وحجمها وطبيعتها ثم يقرر الطبيب كيفية التخلص منها.
supp_rel_ibs_management,dataset_derived,ahd5k_01998,ما علاج قرقعة البطن مع انني لا اشرب الحليب ولا مشروبات غازيه ولا اكل بسرعه ولا اتوتر . اشعر بها فقط في قاعة محاضراتي.,ما تعاني منه يبدو القولون العصبي تجنب التفكير والقلق والنرفزة الراحة والاستجمام يجب تغير أنماطنا السريعة المتعجلة في تناول الطعام وفي عملية التبرز لا بد ان ندقق في نوعية الأطعمة التي نأكلها وفي موعد تناولها لا تشرب المشروبات الغازية ابتعد عن مضغ العلك ابتعد عن البقوليات ان كانت منتجات الحليب تؤذيك فتجنبها أيضاً البصل والملفوف المخللات الاكل المملوء بالبهارات والفلفل تناول الشوفان وبذر الكتان شاي الأعشاب مثل النعناع والبابونج مفيدة علاجات الغازات:ديسفلاتيل من المهم علاج الامساك بتناول الكثير من الالياف التي في الخضار والفاكهة ويجب تناول 8 اكواب ماء يوميا على الاقل,تبدو الأعراض كقولون عصبي؛ يذكر المصدر تجنب التفكير والقلق والنرفزة وتغيير أنماط تناول الطعام ونوعية الأطعمة.
supp_rel_fetal_bones_timeline,dataset_derived,ahd5k_00230,في أي شهر من أشهر الحمل يتم تكوين عظام الجنين,في نهاية الاسبوع السادس يبدأ الجنين بتكوين العمود الفقري ويكون صغير جدا لا يزيد طوله عن 2/1سم.,في نهاية الأسبوع السادس يبدأ الجنين بتكوين العمود الفقري ويكون صغيرا جدا.
supp_rel_mouth_fungus_treated,dataset_derived,ahd5k_00142,السلام عليكم .. أعاني ما يقارب السنتين من تعرجات ( فطريات ) واضحة في لساني من الجهة اليمنى واليسرى بجوار منطقة الطحن مما سببت لي إحراج أثناء حديثي مع الناس...,عليك بالذهاب الى طبيب اخصائي وليس الى مستةصف لمعرفة التشخيص الحقيقي هل هو فطريات او نقص فيتامبناتك او اي شرء آخر,يوصي المصدر بالذهاب إلى طبيب اختصاصي لمعرفة التشخيص الحقيقي: هل هو فطريات أو نقص فيتامينات أو سبب آخر.
focus_rel_dental_filling_no_dimple_relation,dataset_derived_focused,ahd5k_00484,كان عندي ضرس متسوس في أعلى الفم و الدكتور عمل لي حشوة و عالج التسوس و لكن لاحظت اختفاء غمازة وجهي بعدها مُباشرةً ، ما السبب و هل مُمكن ترجع...,لاتوجد أي علاقة مرتبطة بين حشو الأسنان وغمازة الوجه، وجه المقاربة قد يكون فقط في حال تم تخدير المنطقة نفسها الي تقع بها الغمازة بمخدر قوي وكمية كبيرة، وان كانت هذه الحالة فعندها تزول خلال ٢٤-٤٨ ساعة.,لا توجد علاقة مرتبطة بين حشو الأسنان وغمازة الوجه حسب مصدر AHD.
focus_rel_dental_anesthesia_temporary_dimple,dataset_derived_focused,ahd5k_00484,كان عندي ضرس متسوس في أعلى الفم و الدكتور عمل لي حشوة و عالج التسوس و لكن لاحظت اختفاء غمازة وجهي بعدها مُباشرةً ، ما السبب و هل مُمكن ترجع...,لاتوجد أي علاقة مرتبطة بين حشو الأسنان وغمازة الوجه، وجه المقاربة قد يكون فقط في حال تم تخدير المنطقة نفسها الي تقع بها الغمازة بمخدر قوي وكمية كبيرة، وان كانت هذه الحالة فعندها تزول خلال ٢٤-٤٨ ساعة.,إذا تم تخدير منطقة الغمازة بمخدر قوي وكمية كبيرة فقد تزول الحالة خلال 24-48 ساعة.
focus_rel_hemorrhoid_surgery_urinary_pain_review,dataset_derived_focused,ahd5k_00530,انا سويت عملية بواسير لي الان ١٦ يوم من اول يوم البول عندي صعب وغير مريح حتى اليوم.. لكن بالاضفه الى وجود الالم البسيط بالمثانه والخصيتان.. هل هو الم طبيعي؟؟؟,استمرار الألم والمعاناة لمدة 16 يوما يبدو أنه غير عادي، لذا عليك مراجعة الجراح الذى أجرى لك العملية.,استمرار الألم والمعاناة لمدة 16 يوما بعد عملية البواسير يبدو غير عادي ويستدعي مراجعة الجراح.
focus_rel_anemia_managed_by_iron_rich_food,dataset_derived_focused,ahd5k_00594,السلام عليكم دكتور انا عندي فقر دم اي هي اغدية المفيدة الي؟,يحدث فقر الدم عندما لا يحتوي جسمك على ما يكفي من خلايا الدم الحمراء نتيجة فقدان الدم أو عدم القدرة على تكوين خلايا دم حمراء كافية. ويوجد العديد من أنوع فقر الدم منها الذي يكون بسبب نقص الحديد أو حمض الفوليك أو فيتامين ب-12 وغيرها. ويمكن اتباع نظام غذائي غني بالعناصر اللازمة لتعويض النقص من خلال: الورقيات الخضراء: السبانخ/ الكرنب/ الهندباء/ الخبيزة. اللحوم والدواجن. كبدة الخروف. المأكولات البحرية: السردين/ التونا/ السلمون. عصير البرتقال المحصن. الحبوب المدعمة. بعض الحبوب: الفاصولياء/ الحمص/ فول الصويا/ البازلاء. بذور اليقطين/ الكاجو/ الفستق/ الصنوبر/ الجوز/ بذور عباد الشمس. تجنب تناول الأطعمة الغنية بالحديد مع الأطعمة أو المشروبات التي تمنع امتصاص الحديد مثل: القهوة أو الشاي /البيض/ الأطعمة الغنية بالكالسيوم مثل الحليب و الأجبان والبروكلي واللبن. تناول الأطعمة الغنية بالحديد مع الأطعمة الغنية بفيتامين ج (C) مثل: البرتقال /الطماطم /الفراولة لتحسين الامتصاص. تناول الأطعمة الغنية بالحديد مع الأطعمة التي تحتوي على بيتا كاروتين مثل المشمش والفلفل الأحمر والبنجر لتحسين الامتصاص. ومن الجدير بالذكر أن النظام الغذائي قد يمنع عملية ازدياد فقر الدم سوءاً وقد يعوض بعض النقص ولكن يجب أن يتم اتباع علاج دوائي معين حسب نوع فقر الدم الذي تعاني منه تحت إشراف الطبيب المختص. للمزيد: أهم عشرة أغذية لفقر الدم ابر الحديد اعراض فقر الدم فقر الدم وعلاجه المرجع: Best Diet Plan for Anemia,يمكن دعم فقر الدم بنظام غذائي غني بعناصر مثل الحديد وحمض الفوليك وفيتامين ب-12، مع بقاء العلاج حسب نوع فقر الدم تحت إشراف الطبيب.
focus_rel_iron_absorption_improved_by_vitamin_c,dataset_derived_focused,ahd5k_00594,السلام عليكم دكتور انا عندي فقر دم اي هي اغدية المفيدة الي؟,يحدث فقر الدم عندما لا يحتوي جسمك على ما يكفي من خلايا الدم الحمراء نتيجة فقدان الدم أو عدم القدرة على تكوين خلايا دم حمراء كافية. ويوجد العديد من أنوع فقر الدم منها الذي يكون بسبب نقص الحديد أو حمض الفوليك أو فيتامين ب-12 وغيرها. ويمكن اتباع نظام غذائي غني بالعناصر اللازمة لتعويض النقص من خلال: الورقيات الخضراء: السبانخ/ الكرنب/ الهندباء/ الخبيزة. اللحوم والدواجن. كبدة الخروف. المأكولات البحرية: السردين/ التونا/ السلمون. عصير البرتقال المحصن. الحبوب المدعمة. بعض الحبوب: الفاصولياء/ الحمص/ فول الصويا/ البازلاء. بذور اليقطين/ الكاجو/ الفستق/ الصنوبر/ الجوز/ بذور عباد الشمس. تجنب تناول الأطعمة الغنية بالحديد مع الأطعمة أو المشروبات التي تمنع امتصاص الحديد مثل: القهوة أو الشاي /البيض/ الأطعمة الغنية بالكالسيوم مثل الحليب و الأجبان والبروكلي واللبن. تناول الأطعمة الغنية بالحديد مع الأطعمة الغنية بفيتامين ج (C) مثل: البرتقال /الطماطم /الفراولة لتحسين الامتصاص. تناول الأطعمة الغنية بالحديد مع الأطعمة التي تحتوي على بيتا كاروتين مثل المشمش والفلفل الأحمر والبنجر لتحسين الامتصاص. ومن الجدير بالذكر أن النظام الغذائي قد يمنع عملية ازدياد فقر الدم سوءاً وقد يعوض بعض النقص ولكن يجب أن يتم اتباع علاج دوائي معين حسب نوع فقر الدم الذي تعاني منه تحت إشراف الطبيب المختص. للمزيد: أهم عشرة أغذية لفقر الدم ابر الحديد اعراض فقر الدم فقر الدم وعلاجه المرجع: Best Diet Plan for Anemia,تناول الأطعمة الغنية بالحديد مع أطعمة غنية بفيتامين ج مثل البرتقال والطماطم والفراولة قد يحسن الامتصاص.
focus_rel_iron_absorption_reduced_by_tea_coffee,dataset_derived_focused,ahd5k_00594,السلام عليكم دكتور انا عندي فقر دم اي هي اغدية المفيدة الي؟,يحدث فقر الدم عندما لا يحتوي جسمك على ما يكفي من خلايا الدم الحمراء نتيجة فقدان الدم أو عدم القدرة على تكوين خلايا دم حمراء كافية. ويوجد العديد من أنوع فقر الدم منها الذي يكون بسبب نقص الحديد أو حمض الفوليك أو فيتامين ب-12 وغيرها. ويمكن اتباع نظام غذائي غني بالعناصر اللازمة لتعويض النقص من خلال: الورقيات الخضراء: السبانخ/ الكرنب/ الهندباء/ الخبيزة. اللحوم والدواجن. كبدة الخروف. المأكولات البحرية: السردين/ التونا/ السلمون. عصير البرتقال المحصن. الحبوب المدعمة. بعض الحبوب: الفاصولياء/ الحمص/ فول الصويا/ البازلاء. بذور اليقطين/ الكاجو/ الفستق/ الصنوبر/ الجوز/ بذور عباد الشمس. تجنب تناول الأطعمة الغنية بالحديد مع الأطعمة أو المشروبات التي تمنع امتصاص الحديد مثل: القهوة أو الشاي /البيض/ الأطعمة الغنية بالكالسيوم مثل الحليب و الأجبان والبروكلي واللبن. تناول الأطعمة الغنية بالحديد مع الأطعمة الغنية بفيتامين ج (C) مثل: البرتقال /الطماطم /الفراولة لتحسين الامتصاص. تناول الأطعمة الغنية بالحديد مع الأطعمة التي تحتوي على بيتا كاروتين مثل المشمش والفلفل الأحمر والبنجر لتحسين الامتصاص. ومن الجدير بالذكر أن النظام الغذائي قد يمنع عملية ازدياد فقر الدم سوءاً وقد يعوض بعض النقص ولكن يجب أن يتم اتباع علاج دوائي معين حسب نوع فقر الدم الذي تعاني منه تحت إشراف الطبيب المختص. للمزيد: أهم عشرة أغذية لفقر الدم ابر الحديد اعراض فقر الدم فقر الدم وعلاجه المرجع: Best Diet Plan for Anemia,ينصح بتجنب تناول الأطعمة الغنية بالحديد مع القهوة أو الشاي أو الأطعمة الغنية بالكالسيوم لأنها قد تمنع امتصاص الحديد.
focus_rel_iron_injections_determined_by_hb,dataset_derived_focused,ahd5k_01162,عندي فقر دم وعملت التحاليل عندي نقص فيتامين دال ونقص حديد وصف لي الدكتور 20 ابرة حديد لمدة شهر هل اخذ هالكمية بهذه المدة آمن أم مضر للجسم ؟ وما...,يجب الاعتماد على نسبة الهيموكلوبين لتحديد طريقة العلاج و كمية العلاج نسبة مخزون الحديد في الجسم مقبولة نعم يوجد نقص في نسبة فيتامين د تركيز الحديد يختلف حسب نوعية العلاج العدد المذكور في رسالتك غير مستوجب وغير متوافق مع التحليل المرسل مع السؤال,تحديد طريقة وكمية علاج الحديد يعتمد على نسبة الهيموغلوبين ونوعية علاج الحديد.
focus_rel_tooth_filing_risk_sensitivity,dataset_derived_focused,ahd5k_00828,برد الاسنان الاماميه ما ضرره وكم جلسه يحتاج,برد لمجرد البرد والتصغير في جلسه واحدة ولكن احذر من كثرة البرد حتي يؤثر علي الاسنان وتكون حساسه. ام لو برد للتركيب وعمل اسنان صناعيه ممكن جلسه او جلستين,كثرة برد الأسنان قد تؤثر على الأسنان وتجعلها حساسة.
focus_rel_tooth_filing_duration,dataset_derived_focused,ahd5k_00828,برد الاسنان الاماميه ما ضرره وكم جلسه يحتاج,برد لمجرد البرد والتصغير في جلسه واحدة ولكن احذر من كثرة البرد حتي يؤثر علي الاسنان وتكون حساسه. ام لو برد للتركيب وعمل اسنان صناعيه ممكن جلسه او جلستين,برد الأسنان للتصغير قد يتم في جلسة واحدة، أما للتركيب وعمل أسنان صناعية فقد يحتاج جلسة أو جلستين.
focus_rel_dyspnea_fatigue_possible_causes,dataset_derived_focused,ahd5k_00855,انا شاب عمري 25 سنه اصبحت اعاني من صعوبه في التنفس و الارهاق؟,"لا داعي للقلق ولكن ينبغي معرفة تاريخك المرضي واجراء فحص للكشف عن أي علامات سريرية قد تكون موجودة لديك وتساعد في تحديد طبيعة الحالة , فهكذا أعراض ممكن أن تكون ناجمة عن التها ب في الجهاز التنفسي ويمكن تترافق مع فقر الدم أو اضطرابات دموية أو متعلقة بجهاز الدورة الدموية أو غير ذلك ، لذلك ننصحك بمعاودة طبيبك للوقوف على تفاصيل أكثر تسمح بالتشخيص ومن ثم اتخاذ السلوك الطبي الأمثل",صعوبة التنفس والإرهاق قد تكون ناجمة عن التهاب في الجهاز التنفسي أو فقر الدم أو اضطرابات دموية أو متعلقة بجهاز الدورة الدموية.
focus_rel_dyspnea_fatigue_investigated_by_exam,dataset_derived_focused,ahd5k_00855,انا شاب عمري 25 سنه اصبحت اعاني من صعوبه في التنفس و الارهاق؟,"لا داعي للقلق ولكن ينبغي معرفة تاريخك المرضي واجراء فحص للكشف عن أي علامات سريرية قد تكون موجودة لديك وتساعد في تحديد طبيعة الحالة , فهكذا أعراض ممكن أن تكون ناجمة عن التها ب في الجهاز التنفسي ويمكن تترافق مع فقر الدم أو اضطرابات دموية أو متعلقة بجهاز الدورة الدموية أو غير ذلك ، لذلك ننصحك بمعاودة طبيبك للوقوف على تفاصيل أكثر تسمح بالتشخيص ومن ثم اتخاذ السلوك الطبي الأمثل",ينبغي معرفة التاريخ المرضي وإجراء فحص للكشف عن علامات سريرية تساعد في تحديد طبيعة الحالة.
focus_rel_ovulation_stimulation_no_harm,dataset_derived_focused,ahd5k_01770,هل العلاج المستخدم في تنشيم المبايض قبل عملية الحقن المجهري ضار بالصحة ام لا؟,حسب الخبرات والدراسات التي تشير انه لا يوجد اي تأثير مضر للهرمونات المستخدمة في تنشيط الاباضة نتمنى لك كل التوفيق,حسب الخبرات والدراسات في مصدر AHD لا يوجد تأثير مضر للهرمونات المستخدمة في تنشيط الإباضة قبل الحقن المجهري.
focus_rel_crp_wbc_may_indicate_inflammation,dataset_derived_focused,ahd5k_02627,انا زوجتي حامل في الشهر السابع وعندها زيادة في تحليل فى تحليل crp وبعد تحاليل للبول ومسح وزرع لم يظهر شي وكانت جميع الفحوص عادية ومنذ بداية الحمل كانت تظهر...,"ان ارتفاع ال CRP وكذلك ارتفاع كريات الدم البيضاء يدل على وجود التهاب( انفلونزا, التهاب باللثه ,وغيرها....), ولكن اذا كان ال CRP هو فقط ايجابي او حتى مرتفع حتى 10 فيمكن ان يعتبر طبيعياً وكذلك ارتفاع الكريات الدم البيضاء حتى 16,000 يعتبر طبيعياً اثناء الحمل ويصل اثناء الولاده الى 20,000. لذا فقط انصحك باعاده هذه الفحوصات فاذا لم يكن هناك ازدياد بمعدل هذه الفحوصات فلا داعي للقلق. اما اذا كان هناك ازدياد بمعدلها فانصحك بمراجعه الطبيب مره اخرى للفحص.",ارتفاع CRP وكذلك كريات الدم البيضاء قد يدل على وجود التهاب مثل الإنفلونزا أو التهاب اللثة وغيرها.
focus_rel_wbc_pregnancy_normal_range,dataset_derived_focused,ahd5k_02627,انا زوجتي حامل في الشهر السابع وعندها زيادة في تحليل فى تحليل crp وبعد تحاليل للبول ومسح وزرع لم يظهر شي وكانت جميع الفحوص عادية ومنذ بداية الحمل كانت تظهر...,"ان ارتفاع ال CRP وكذلك ارتفاع كريات الدم البيضاء يدل على وجود التهاب( انفلونزا, التهاب باللثه ,وغيرها....), ولكن اذا كان ال CRP هو فقط ايجابي او حتى مرتفع حتى 10 فيمكن ان يعتبر طبيعياً وكذلك ارتفاع الكريات الدم البيضاء حتى 16,000 يعتبر طبيعياً اثناء الحمل ويصل اثناء الولاده الى 20,000. لذا فقط انصحك باعاده هذه الفحوصات فاذا لم يكن هناك ازدياد بمعدل هذه الفحوصات فلا داعي للقلق. اما اذا كان هناك ازدياد بمعدلها فانصحك بمراجعه الطبيب مره اخرى للفحص.",ارتفاع كريات الدم البيضاء حتى 16000 قد يعتبر طبيعيا أثناء الحمل وقد يصل أثناء الولادة إلى 20000 حسب مصدر AHD.
