query_id,rank,candidate_topic,candidate_score,overlap_terms,qa_id,category,source_question,source_answer,leakage_warning,recommendation,review_status,suggested_action
trial_query_005,2,pregnancy_obstetrics,1.1045,"[""الحمل"", ""حامل"", ""زوجتي""]",ahd5k_00941,علم الأجنة,زوجتي حامل في بداية الشهر الخامس وونزل منها ماء من الجنين بكثر استمر معها نصف ساعه وبداي ياتيها متقطع فماهو السبب وطريقه تفاديها وهل هناك خطوره عليهما؟,يجب مراجعه طبيبك في اقرب ، حيث ان هذا السائل يمكن ان يكون نتيجه ثقب في الكيس حول الجنين مما يؤدي الى نزول السائل الامينوسي حول الجنين ، او نتيجه لتوسع في عنق الرحم مما يؤدي الى نزول افرازات مهبليه تشبه الماء. وهذه قد تؤدي الى ولاده مبكره او التهابات قد تحتا...,,recommended_for_human_review,needs_review,approve_if_medically_relevant_then_convert_to_supplemental_fact
trial_query_005,3,pregnancy_obstetrics,1.1045,"[""الحمل"", ""كثير"", ""والجنين""]",ahd5k_02249,علم الأجنة,كيف يمكن ان يتاثر الجنين باضطرابات السكر في الام بمعنى هل اذا حدث هبوط او ارتفاع للسكر مرة واحدة يتاثر الجنين فوراحيث انني مصابة بالسكري واجهضت في الاسبوع السابع حيث...,يمكن أن يؤثر مرض السكري أثناء الحمل بما في ذلك النوع الأول، أو الثاني، أو سكري الحمل بشكل سلبي على صحة الأم والجنين. بالنسبة للنساء المصابات بمرض السكري من النوع الأول أو الثاني، فإن ارتفاع نسبة السكر في الدم واضطرابات السكر في الدم قبل حدوث الحمل وخلال الأ...,,recommended_for_human_review,needs_review,approve_if_medically_relevant_then_convert_to_supplemental_fact
trial_query_005,4,pregnancy_obstetrics,1.1045,"[""الحمل"", ""حامل"", ""زوجتي""]",ahd5k_02627,أمراض الدم,انا زوجتي حامل في الشهر السابع وعندها زيادة في تحليل فى تحليل crp وبعد تحاليل للبول ومسح وزرع لم يظهر شي وكانت جميع الفحوص عادية ومنذ بداية الحمل كانت تظهر...,"ان ارتفاع ال CRP وكذلك ارتفاع كريات الدم البيضاء يدل على وجود التهاب( انفلونزا, التهاب باللثه ,وغيرها....), ولكن اذا كان ال CRP هو فقط ايجابي او حتى مرتفع حتى 10 فيمكن ان يعتبر طبيعياً وكذلك ارتفاع الكريات الدم البيضاء حتى 16,000 يعتبر طبيعياً اثناء الحمل و...",,recommended_for_human_review,needs_review,approve_if_medically_relevant_then_convert_to_supplemental_fact
trial_query_005,5,pregnancy_obstetrics,1.1045,"[""الحمل"", ""حامل"", ""زوجتي""]",ahd5k_03563,علم الأجنة,انا متزوج ولكن منذ4شهور و زوجتي ليس لديهااي احساس جنسي و تعاني من الم وقت الايلاج فما هو رايكم الاسؤال الثاني زوجتي الان حامل في الشهر الثالث فما هي نصائحكم...,ما لم يكن هنالك سبب يحول دون العلاقة الزوجية خلال الحمل مثل النزيف والتهديد بالإجهاض فإن الجماع باعتدال في الأشهر الأولى غير ضار للحامل أو للطفل، أما بالنسبة للأسابيع الأخيرة حيث يتوقع حدوث الولادة فينصح بتجنب الجماع خلال هذه الأسابيع لأنه قد يؤدي إلى آثار ...,,recommended_for_human_review,needs_review,approve_if_medically_relevant_then_convert_to_supplemental_fact
trial_query_023,2,labs,0.9071,"[""عملت"", ""فحص""]",ahd5k_04052,أمراض باطنية,عملت فحص الفيدال والتيفوئيد وطلعت النسبة 1\160 ولاني مرضعة اخدت علاج وريدي روسفين وما اعطوني السيبروكسين هل ممكن يأثر علي وما يروح بسرعة وك وكمان بعاني من الم بمنطقة تحت...,الفحص دا في خلاف الصراحة لاعتماده في التشخيص ، وبالتالي هاتي اشياء اخرى تثبت اصابتك .. كالحمى التى لا تستجيب للعلاج وخاصة باليل .. او انك بتشربي حليب غير مبستر واكل لحوم غير مطهية جيدا .. ،، او اعملي مزرعة دم أو مزرعة براز,,recommended_for_human_review,needs_review,approve_if_medically_relevant_then_convert_to_supplemental_fact
trial_query_023,3,labs,0.9071,"[""امي"", ""فحص""]",ahd5k_04975,أمراض القلب و الشرايين,امي في عمر ٦٠ تعاني من امراض الضغط والسكر وضيق في شرايين القلب والكروستروال والان تشتكي من نغزات في الجهه اليسري من الامام والظهر مماسبب هده النغزات.؟؟,ليس بالضرورة فكل ألم في هذه المنطقة لا يعني أن مصدره القلب، فهناك انسجة كثيرة جلدية وعضلية هيكلية وغيرها يمكن أن تسبب ألم ولمعرفة السبب بدقة لا بد من فحص طبي سريري وبيان خصاءص الألم والعلامات المرافقة,,recommended_for_human_review,needs_review,approve_if_medically_relevant_then_convert_to_supplemental_fact
trial_query_023,4,labs,0.5536,"[""فحص""]",ahd5k_00171,صحة المسنين,امرأة تريد طرقة للتخلص من الكوليسترول في الجسم - وعمرها 54 سنة,أولاً يتوجب معرفة نوع الكوليسترول المرتفع لديها وهل يصاحبه ارتفاع في الدهون الثلاثية أم لا وهل الكوليسترول الحميد منخفض ، جميع هذه المعلومات يمكن الحصول عليها بعد فحص الدهون لتحديد نوع الزيادة ومقدارها ، كذلك يتطلب معرفة ما اذا كان وزنها طبيعي أم لا ، وهل ل...,,recommended_for_human_review,needs_review,approve_if_medically_relevant_then_convert_to_supplemental_fact
trial_query_023,5,labs,0.5536,"[""فحص""]",ahd5k_00222,تشخيص,اختي عمرها 17 ومنذ سنتين تقريبا اصبحت تصاب بالام حادة في الراس وعندما تصاب بها تشعر بنض سريع وقوي جدا في الشرايين الموجودة في منقطة جوانب الجبهة ما ثشخيصكم لما...,على الاغلب هذا شقيقة يجب اجراء فحص طبي لنفي اي سبب اخر للصداع و من ثم يمكن اخذ المسكنات مثل الباندول فولت فاست,,recommended_for_human_review,needs_review,approve_if_medically_relevant_then_convert_to_supplemental_fact
trial_query_024,2,surgery_urology,1.3471,"[""القلب"", ""المفتوح"", ""شرايين"", ""عمليه"", ""يعاني""]",ahd5k_01704,جراحة القلب والشرايين,قريبي عمره 55 يعاني من تصلب 3 من شرايين القلب ويحتاج الى عمليه القلب المفتوح ما هي نسبه نجاح هذه العمليه؟وهل هي خطيره؟.واين؟وبأي دوله يفضل اجرائها؟ارجو الرد ع جميع اسئلتي,غالبا لا تكون هناك مشكلة، والعملية هي الخلاص ، مع ذلك التقدير الدقيق يكون للطبيب المطلع على تفاصيل حالته,,recommended_for_human_review,needs_review,approve_if_medically_relevant_then_convert_to_supplemental_fact
trial_query_024,3,surgery_urology,1.3471,"[""القلب"", ""شرايين"", ""ضعف"", ""عمليه"", ""يعاني""]",ahd5k_04912,جراحة القلب والشرايين,هل ضعف عضله القلب وضيق ثلاث شرايين في القلب لهم عمليه جراحيه مع العلم أن المريض يعاني من مرض السكر ام يبقى على العلاج ولو عمليه جراحيهوين تنصحونا نعملها وعاووزيين...,هذا يتطلب معرفة نسبة الضعف الموجود في العضلة القلبية ونسبة التضيق في الثلاثة شرايين المذكورة، كما أنه من الضروري معرفة الحالة الوظيفية لباقي أعضاء الجسم خاصة الكلى والجهاز التنفسي، والكبد وغيره، وفي جميع الأحوال في العادة تُعرض نتائج القثطرة على فريق طبي مُ...,,recommended_for_human_review,needs_review,approve_if_medically_relevant_then_convert_to_supplemental_fact
trial_query_024,4,surgery_urology,1.1177,"[""الصمام"", ""القلب"", ""المفتوح"", ""عمليه""]",ahd5k_03015,جراحة القلب والشرايين,الوالدة عملت عملية القلب المفتوح دون تغيير صمامات شهر 1/2014معها السكري عمرها 65 ماهي الادوية التي يجب ان تأخذها يوميا ؟,لا نعرف نوع الصمام ولا حالتها السريرية بعد العملية والتي على أساسها سيتم تحديد الدواء الذي ينبغي وصفه,,recommended_for_human_review,needs_review,approve_if_medically_relevant_then_convert_to_supplemental_fact
trial_query_024,5,surgery_urology,0.9177,"[""الصمام"", ""انسداد"", ""عمليه"", ""وتبديل""]",ahd5k_01294,جراحة القلب والشرايين,تعاني والدتي من انسداد في الصمام الابهر بنسبة 40-60. حيث والتقرير ينصح باجراء عملية قلب مفتوح وتبديل صمامالابهر مع العلم انها تعاني من مرض السكري وضغط الدمز. العمر65س,العمليات الجراحية اليوم لا يعيقها أي مرض إذا ما تمت السيطرة عليه بشكل جيد قبل وأثناء وبعد العمل الجراحي، فلا داعي للقلق,,recommended_for_human_review,needs_review,approve_if_medically_relevant_then_convert_to_supplemental_fact
trial_query_031,2,pregnancy_obstetrics,1.0165,"[""الحمل"", ""عمليه""]",ahd5k_01629,حمل الأنابيب,"على ماذا تعتمد نسبة نجاح أطفال الانابيب؟ ,ما هي نسبة نجاح طفل الانابيب ؟",تعتمد نسبة نجاح طفل الأنابيب على عدة عوامل، ومنها الآتي: عمر المرأة. وجود حمل سابق. الحالة الصحية للزوجين. سبب اللجوء لعملية الأنابيب. نمط الحياة والعادات المتبعة، مثل التدخين. سلامة الحيوانات المنوية للزوج. التقنية المتبعة في المركز العلاجي. خبرة الطبيب ال...,,recommended_for_human_review,needs_review,approve_if_medically_relevant_then_convert_to_supplemental_fact
trial_query_031,3,pregnancy_obstetrics,1.0165,"[""علاجات"", ""عمليه""]",ahd5k_01998,أمراض باطنية,ما علاج قرقعة البطن مع انني لا اشرب الحليب ولا مشروبات غازيه ولا اكل بسرعه ولا اتوتر . اشعر بها فقط في قاعة محاضراتي.,ما تعاني منه يبدو القولون العصبي تجنب التفكير والقلق والنرفزة الراحة والاستجمام يجب تغير أنماطنا السريعة المتعجلة في تناول الطعام وفي عملية التبرز لا بد ان ندقق في نوعية الأطعمة التي نأكلها وفي موعد تناولها لا تشرب المشروبات الغازية ابتعد عن مضغ العلك ابتعد...,,recommended_for_human_review,needs_review,approve_if_medically_relevant_then_convert_to_supplemental_fact
trial_query_031,4,pregnancy_obstetrics,0.6082,"[""الحمل""]",ahd5k_00048,أمراض الغدد الصماء,زوجتي حامل لها شهرين وظهرت عندها الغدة هل تؤثر الغدة علي الحمل والجنين ً كثير لكم,ان هرمون الثيروكسين (هرمون الغده الدرقيه) مهم لنمو الجنين العقلي والجسدي، لذلك فان نقص افراز هذا الهرمون الذي يكون نتيجه خمول بالغده الدرقيه قد يؤدي اذا لم تتم معالجته لمده طويله خلال الحمل وخاصه في الثلث الثاني والثالث من الحمل الى تشوهات خلقية وحالات التقزم,,recommended_for_human_review,needs_review,approve_if_medically_relevant_then_convert_to_supplemental_fact
trial_query_031,5,pregnancy_obstetrics,0.6082,"[""عمليه""]",ahd5k_00530,أمراض باطنية,انا سويت عملية بواسير لي الان ١٦ يوم من اول يوم البول عندي صعب وغير مريح حتى اليوم.. لكن بالاضفه الى وجود الالم البسيط بالمثانه والخصيتان.. هل هو الم طبيعي؟؟؟,استمرار الألم والمعاناة لمدة 16 يوما يبدو أنه غير عادي، لذا عليك مراجعة الجراح الذى أجرى لك العملية.,,recommended_for_human_review,needs_review,approve_if_medically_relevant_then_convert_to_supplemental_fact
trial_query_038,2,pregnancy_obstetrics,0.8547,"[""الجنين"", ""حامل"", ""زوجتي""]",ahd5k_00048,أمراض الغدد الصماء,زوجتي حامل لها شهرين وظهرت عندها الغدة هل تؤثر الغدة علي الحمل والجنين ً كثير لكم,ان هرمون الثيروكسين (هرمون الغده الدرقيه) مهم لنمو الجنين العقلي والجسدي، لذلك فان نقص افراز هذا الهرمون الذي يكون نتيجه خمول بالغده الدرقيه قد يؤدي اذا لم تتم معالجته لمده طويله خلال الحمل وخاصه في الثلث الثاني والثالث من الحمل الى تشوهات خلقية وحالات التقزم,,recommended_for_human_review,needs_review,approve_if_medically_relevant_then_convert_to_supplemental_fact
trial_query_038,3,pregnancy_obstetrics,0.8547,"[""الجنين"", ""حامل"", ""زوجتي""]",ahd5k_00941,علم الأجنة,زوجتي حامل في بداية الشهر الخامس وونزل منها ماء من الجنين بكثر استمر معها نصف ساعه وبداي ياتيها متقطع فماهو السبب وطريقه تفاديها وهل هناك خطوره عليهما؟,يجب مراجعه طبيبك في اقرب ، حيث ان هذا السائل يمكن ان يكون نتيجه ثقب في الكيس حول الجنين مما يؤدي الى نزول السائل الامينوسي حول الجنين ، او نتيجه لتوسع في عنق الرحم مما يؤدي الى نزول افرازات مهبليه تشبه الماء. وهذه قد تؤدي الى ولاده مبكره او التهابات قد تحتا...,,recommended_for_human_review,needs_review,approve_if_medically_relevant_then_convert_to_supplemental_fact
trial_query_038,4,pregnancy_obstetrics,0.8547,"[""الجنين"", ""حامل"", ""زوجتي""]",ahd5k_01099,حمل الأنابيب,زوجتي حامل ومنذ بداية حملها لم اتوقف عن الاتصال معهاابدا ..فهل ذلك له علاقه لما تشعر به من حرقه في المهبل...وهل ذلك له تأثير على الجنين....,ﻻتاثير على الجنين...والحرقه من التهابات نسائيه,,recommended_for_human_review,needs_review,approve_if_medically_relevant_then_convert_to_supplemental_fact
trial_query_038,5,pregnancy_obstetrics,0.8547,"[""الاشعه"", ""الممكن"", ""صور""]",ahd5k_02588,تشخيص,هل من الممكن تشخيص الحالة اذا تم ارسال فحوصات الاشعة لحالة مرضية من خلال موقعكم,حسب الحالة وحسب الوصف المقدم إذا كان مفصلا أم لا . كافيا أم لا؟ولكن التشخيص الأمثل يستلزم وجود صور الأشعة والفحوصات المخبرية.,,recommended_for_human_review,needs_review,approve_if_medically_relevant_then_convert_to_supplemental_fact
trial_query_041,2,dental,0.9071,"[""معي"", ""منه""]",ahd5k_00804,تشخيص,ما تفسير شعورى بقبضة فى صدرى تستغرق بضعة ثوانى ويصاحبها ضيق فى التنفس ....كان يتكرر هذا الموضوع معى من فترة الى اخرى ثم اصبح يوميا ثم يقل تدريجيا ولكنى مازلت...,لفتاة بمثل عمرك من المستبعد وجود سبب قلبي للذي تشكين منه ولكن على الاغلب السبب خارجي من عضلات الصدر او من التوتر و القلق الافضل مراجعة طبيب,,recommended_for_human_review,needs_review,approve_if_medically_relevant_then_convert_to_supplemental_fact
trial_query_041,3,dental,0.9071,"[""اخذ"", ""منه""]",ahd5k_01330,الطب البديل,ماهو البردقوش وهل يوجد باليمن وهل يزيد من عدد الحيوانات المنويه؟,البردقوش v ينظم هرمونات الرينين و الألدسترون وينظم ضغط الدم. v منشط عام ، و يعمل على إعادة الاتزان الهرموني فينظم الدورة الشهرية وينشط المبايض فيساعد على الحمل، و يزيل الماء الزائد من الجسم. v طارد للغازات. v يفيد في علاج الروماتيزم و الأكزيما و القرح المعد...,,recommended_for_human_review,needs_review,approve_if_medically_relevant_then_convert_to_supplemental_fact
trial_query_041,4,dental,0.9071,"[""اخذ"", ""منه""]",ahd5k_02203,أمراض الغدد الصماء,السلام عليكم انا مصاب بالغدة السامة منذ 8 اشهر وقد تحولت الى خاملة بعد اخذ لدواء المضاد فماهو العلاج المناسب لهما .علما الدواء الذي استعمله هو carbimazole 5mg فقط,يوجد سببين لتحول الغدة من سامة الى خاملة هما 1) التهابات الغدة الدرقية (Thyroiditis) تحدث تكسيرا في الغدة فيزداد اطلاق الهرمون المختزن فيها (ولا يزداد الافراز أو الانتاج) مسببا السمية في البداية ولكن يعقب هذا خمول بسبب استهلاك الغدة والعلاج بعد انتهاء الفتر...,,recommended_for_human_review,needs_review,approve_if_medically_relevant_then_convert_to_supplemental_fact
trial_query_041,5,dental,0.5536,"[""اخذ""]",ahd5k_00065,إسعاف أولي,هل عقار اولفين المسكن له اثار جانبية مثل الفولتارين حيث اني مصاب بالصداع الشقيقه واحتاج مسكن قوي وشكرا,"الأولفين هو نفس الدواء فولتارين , فالاثنان يحتووا على نفس المادة الفعالة ديكلوفيناك , ولكن الاسم التجاري مختلف , ولهم نفس الأعراض الجانبية . فإذا كنت لا تعاني من ارتفاع في ضغط الدم. ولا من أي مشاكل , فإنك تستطيع أخذ الدواء , وخذه على معدة ممتلئة ( بعد الأكل...",,recommended_for_human_review,needs_review,approve_if_medically_relevant_then_convert_to_supplemental_fact
trial_query_044,2,drug_safety,1.4127,"[""حبوب"", ""فقر"", ""فيتامين"", ""لان"", ""وبعد""]",ahd5k_01394,تشخيص,هل يوجد أعشاب طبية تساعد على الشفاء من حالة الاكتئاب و الشعور بالخوف ، علما بأنه يوجد لدي فقر دم (انيميا الفول ) و يتجدث حالات الاكتئاب هذه عند تناول...,يختلف تأثير الطعام على الإنسان من شخص لآخر تبعاً للعديد من العوامل والأسباب وإن من أهم أسباب الشعور بالاكتئاب هو نقص عناصر غذائية في وجباتنا الغذائية . مشروبات بين الوجبات للقضاء على الاكتئاب للحالات العادية : - شاي الأعشاب المكوّن من التليو + النعناع + الب...,,recommended_for_human_review,needs_review,approve_if_medically_relevant_then_convert_to_supplemental_fact
trial_query_044,3,drug_safety,1.1701,"[""ظهور"", ""علاقه"", ""لان"", ""لها""]",ahd5k_03852,صحة المسنين,كيف نتعامل مع كآبة المسنين؟ الاعلامية والعاملة الاجتماعية سلام الحاج من لبنان,عادة بعد التقدم في السن يكون قد تكون لدى الشخص الكثير من التجارب الحياتية التي تطبع في ذاكرته معاني خاصة وتثير في نفسه شجون مختلفة فكلما انفرد مع نفسه أخذ يقلبها ويعيد حساباته وتقيمه لها، وهذا الاستطراق يأخذه إلى الانفصال المؤقت وعدم التفاعل مع المحيط والوا...,,recommended_for_human_review,needs_review,approve_if_medically_relevant_then_convert_to_supplemental_fact
trial_query_044,4,drug_safety,0.9276,"[""الحديد"", ""فقر"", ""فيتامين""]",ahd5k_00594,أمراض الدم,السلام عليكم دكتور انا عندي فقر دم اي هي اغدية المفيدة الي؟,يحدث فقر الدم عندما لا يحتوي جسمك على ما يكفي من خلايا الدم الحمراء نتيجة فقدان الدم أو عدم القدرة على تكوين خلايا دم حمراء كافية. ويوجد العديد من أنوع فقر الدم منها الذي يكون بسبب نقص الحديد أو حمض الفوليك أو فيتامين ب-12 وغيرها. ويمكن اتباع نظام غذائي غني...,,recommended_for_human_review,needs_review,approve_if_medically_relevant_then_convert_to_supplemental_fact
trial_query_044,5,drug_safety,0.9276,"[""علاقه"", ""فيتامين"", ""لها""]",ahd5k_00838,أمراض باطنية,اشعر بتنميل من بداية النصف الاسفل من الجسم حتى اسفل القدم عند تحريك الرقبة الى اسفل و انا عندي انيميا هل لها علاقة,نعم ... نقص فيتامين (ب12) يسبب انيميا وتنميل,,recommended_for_human_review,needs_review,approve_if_medically_relevant_then_convert_to_supplemental_fact
trial_query_048,2,labs,0.578,"[""كيف""]",ahd5k_00012,أمراض باطنية,السلام عليكم اناعمري 22 سنة واعاني من القولون العصبي ولدي توسع بالكليتين بسبب وجود الحصى كيف يمكنني التخلص من الحصى ومشاكل القولون,التخلص من الحصى يكون اولا بدراستها لمعرفة مكانها وخجمها وطبيعتها وبعد ذلك ممكن للطبيب ان يقرركيفية التخلص منها اما القولون العصبي فبأمكانك البحث في موقعنا الطبي عن ذلك وستجد كتابات عديدة وقيمة,,recommended_for_human_review,needs_review,approve_if_medically_relevant_then_convert_to_supplemental_fact
trial_query_048,3,labs,0.578,"[""تركيز""]",ahd5k_00696,أمراض الدم,السلام عليكم مولود جديد بعد التحاليل ظهر مع الانيميا الفوليه ما اسباب الانيميا الفوليه وكيفية تفاديها؟ وهل لها علاج وهل تذهب او تزول كل ما كبر الطفل؟ وهل لها مخاطر...,الفوال أو التفول هو الاضطراب الخلقي الجيني الناجم عن نقص الأنزيم المسؤول عن الحفاظ على تركيز ببتيد الغلوتاثيون الذي يحمي خلايا الدم الحمراء من التلف بفعل الأكسدة وبالتالي التسبب في فقر الدم الانحلالي الغير مناعي وخاصة عند تناول المُصاب لكميات كبيرة من الفول...,,recommended_for_human_review,needs_review,approve_if_medically_relevant_then_convert_to_supplemental_fact
trial_query_048,4,labs,0.578,"[""تركيز""]",ahd5k_01162,أمراض الدم,عندي فقر دم وعملت التحاليل عندي نقص فيتامين دال ونقص حديد وصف لي الدكتور 20 ابرة حديد لمدة شهر هل اخذ هالكمية بهذه المدة آمن أم مضر للجسم ؟ وما...,يجب الاعتماد على نسبة الهيموكلوبين لتحديد طريقة العلاج و كمية العلاج نسبة مخزون الحديد في الجسم مقبولة نعم يوجد نقص في نسبة فيتامين د تركيز الحديد يختلف حسب نوعية العلاج العدد المذكور في رسالتك غير مستوجب وغير متوافق مع التحليل المرسل مع السؤال,,recommended_for_human_review,needs_review,approve_if_medically_relevant_then_convert_to_supplemental_fact
trial_query_048,5,labs,0.578,"[""زمن""]",ahd5k_02142,حمل الأنابيب,هل تعرض السائل المنوي للبرودة او التبريد في نقله من البيت الى المختبر يؤثر على النتائج ام لا ؟,نعم يؤثر على النتيجة لذلك يفضل عند عمل التحليل للسائل المنوي اولا ان يتم وضع كامل العينة وخاصة اولها في العبوة المخصصة لذلك واما بالنسبة للحرارة فاضل حرارة ملائمة لنقل السائل المنوي هي من 25-37 مؤية ويفضل ان لا يستغرق زمن اكثر من 30 دقيقة لوصول العينة للمختبر.,,recommended_for_human_review,needs_review,approve_if_medically_relevant_then_convert_to_supplemental_fact
trial_query_054,2,dental,0.9071,"[""اللثه"", ""لون""]",ahd5k_04612,الطب البديل,هل يوجد حل لعلاج الشيب المبكر ؟ هل خلطة الريحان و الروزماري مفيدة للتخلص من الشيب؟,"لشيب (الشعر الأبيض) ظهور الشيب عملية فسيولوجية تحدث عادة عند التقدم في العمر. وذلك عندما لا تستطيع الخلايا الملونة التي تفرز مادة الميلانين (والتي تعطي الشعرة اللون) الاستمرار في نشاطها، إذ تفقد الشعرة لونها وتصبح بيضاء وهذا ما يسمى ""بالشيب"". إن ظهور الشيب ...",,recommended_for_human_review,needs_review,approve_if_medically_relevant_then_convert_to_supplemental_fact
trial_query_054,3,dental,0.5536,"[""تغير""]",ahd5k_01406,أمراض القلب و الشرايين,"انا عندى 16 سنة وعندي ارتخاء بالصمام الميترالى والاعراض اللى عندي دوخة لما أقف و بتعب من أقل مجهود , وعند الاستيقاظ هناك ضيق بالتنفس,والدكتورظكاتبلى اندرال 20 جم بس مش...",نرى من المهم معاودة طبيبك لتعديل العلاج فقد يتطلب الأمر تغير الاندرال أو تخفيض جرعته,,recommended_for_human_review,needs_review,approve_if_medically_relevant_then_convert_to_supplemental_fact
trial_query_054,4,dental,0.5536,"[""اللثه""]",ahd5k_01751,أمراض الأسنان,منذ فطرة عملت حشوة لسن الأمامي لكن الآن السن تتحرك كثيرا دون الم ما العمل من فضلكم,حركه السن فد ترجع لعده اسباب منها التهاب الاسنجه المحيطه بالسن او اللثه يفضل عمل صوره اشعه,,recommended_for_human_review,needs_review,approve_if_medically_relevant_then_convert_to_supplemental_fact
trial_query_054,5,dental,0.5536,"[""تغير""]",ahd5k_01924,علم التشريح,لدي قريبة تعاني من مشكل تفاوت الثديينحيث ان اثناء العادة الشهرية تنتفخ اليمنى دون تغير في اليسرى(بمعنى ان اليسرى هي التي لاتنمو طبيعيا)ما هو العلاج؟مع العلم انها تحاول تجنب العمليات...,الكثير من السيدات خاصة بعد سن 35 سنة تعانين من انتفاخ في الثديين قبل نزول الدورة باسبوع واثناء الدورة وذلك بسبب احتباس السوائل نتيجة تغير الهرمومنات التي تفرزها المبايض . وحجم الثديين لدى الكثير من السيدات غير متساوي بمعنى ان احد الثديي اكبر من الاخر وقد يظ...,,recommended_for_human_review,needs_review,approve_if_medically_relevant_then_convert_to_supplemental_fact
trial_query_059,2,labs,1.5765,"[""الحمل"", ""الدرقيه"", ""الدم"", ""مرتفعه"", ""نسبه"", ""يوثر""]",ahd5k_02200,أمراض الغدد الصماء,ما هي أهم أسباب نشاط الغدة الدرقية؟,يعاني العديد من الأشخاص من حالة صحية تسمى نشاط الغدة الدرقية حيث يحدث في هذه الحالة إفراز كمية كبيرة من هرمونات الغدة الدرقية وهما ثلاثي يودوثيرونين (T3) وهرمون ثيروكسين (T4). ويوجد العديد من الحالات الصحية التي تسبب نشاط الغدة الدرقية ومن أسباب نشاط الغدة ...,,recommended_for_human_review,needs_review,approve_if_medically_relevant_then_convert_to_supplemental_fact
trial_query_059,3,labs,1.3471,"[""ارتفاع"", ""الحمل"", ""الهرمون"", ""تحليل"", ""نسبه""]",ahd5k_01925,حمل الأنابيب,هل يجب القيام بتحليل AMH قبل القيام ب IVF و هل تمثل نسبة ارتفاع مخزون البويضات الى فشل حدوث الحمل الطبيعي مع العلم ان تحليلي هوِAMH=15 h ارجو التوضيح قدر...,تحليل AMH ليس له علاقة بنجاح او فشل محاولة الاخصاب خارج الجسم وانما يعطي الطبيب المعالج فكرة تقريبه عن مخزون المبيض. عندما يكون فحوصات المبيض على الجهاز التراساوند بالحدود الطبيعية فلا داعي لاجراء فحص هرمون مخزون المبيض وارتفاع نسبة الهرمون يدل على ان المبي...,,recommended_for_human_review,needs_review,approve_if_medically_relevant_then_convert_to_supplemental_fact
trial_query_059,4,labs,1.3471,"[""ارتفاع"", ""الحمل"", ""الدم"", ""نسبه"", ""يوثر""]",ahd5k_02249,علم الأجنة,كيف يمكن ان يتاثر الجنين باضطرابات السكر في الام بمعنى هل اذا حدث هبوط او ارتفاع للسكر مرة واحدة يتاثر الجنين فوراحيث انني مصابة بالسكري واجهضت في الاسبوع السابع حيث...,يمكن أن يؤثر مرض السكري أثناء الحمل بما في ذلك النوع الأول، أو الثاني، أو سكري الحمل بشكل سلبي على صحة الأم والجنين. بالنسبة للنساء المصابات بمرض السكري من النوع الأول أو الثاني، فإن ارتفاع نسبة السكر في الدم واضطرابات السكر في الدم قبل حدوث الحمل وخلال الأ...,,recommended_for_human_review,needs_review,approve_if_medically_relevant_then_convert_to_supplemental_fact
trial_query_059,5,labs,1.3471,"[""ارتفاع"", ""الحمل"", ""الدم"", ""نسبه"", ""وهل""]",ahd5k_02823,الطب البديل,طفل عمره اربع سنوات شخص مرضه على انه كهرباء زائدة فهل يوجدلها علاج في الطب البديل وهل سيستمر هذا المرض طويلا وماهي نسبه أمكانية الشفاء؟وا,"عبارة ( كهرباء زائدة ) او ( شحنات كهرباء ) يطلقها الاطباء على داء الصرع لتخفيف الامر على الاهل بسبب الهلع و الخوف الذي ينتابهم من اسم الصرع بسبب النظرة الميتافيزيقية و الهالة التي تحيط بالصرع و له عدة اسماء : المسكة , النقطة , القرينة و غيرها من الاسماء و ا...",,recommended_for_human_review,needs_review,approve_if_medically_relevant_then_convert_to_supplemental_fact
trial_query_062,2,pregnancy_obstetrics,1.2792,"[""اسال"", ""الله"", ""حامل"", ""وانا"", ""وبركاته"", ""ورحمه""]",ahd5k_00597,أمراض الدم,السلام عليكم ورحمة الله وبركاته اريد ان اسأل بخصوص الزواج من رجل حامل لفايروس الكبد من النوع بي وانا فتاه سليمه هل هناك ضرر من ذلك هل الجرعات الثلاثه كافيه...,بوجود اللقاح تستطيعين الإطمئنان لن ينتقل اذا اتبعنا التعليمات الصحيحة سيتحجم الفيروس بالعلاج ويفقد نشاطه تابعي مع استشاري كبد,,recommended_for_human_review,needs_review,approve_if_medically_relevant_then_convert_to_supplemental_fact
trial_query_062,3,pregnancy_obstetrics,1.0528,"[""اسابيع"", ""الاسبوع"", ""الثاني"", ""جسمي""]",ahd5k_00643,تشوهات خلقية,مرحبا دكتور انا في عندي مشكله في جسمي انو حوضي كبير اكبر من الاكتاف واردافي والافخاذ كبيره انا اعرف جسمي مثل جسم النساء وهذا شيئ يحرجني بدي حل لهذه المشكله,هذا الشيء وراثي، عليك مراجعة اختصاصي غدد صماء لعمل فحص للهرمونات، وتقييم الحالة وإمكانية علاجها. او موضوع سعة وكبر الحوض تكوين خلقي مرتبط بالتئام العظام بعضها ببعض وتاثير الهرمونات، بينما تعتبر سمنة الأرداف والسيقان من المشاكل الرئيسية التي تؤرق النساء الشر...,,recommended_for_human_review,needs_review,approve_if_medically_relevant_then_convert_to_supplemental_fact
trial_query_062,4,pregnancy_obstetrics,0.8396,"[""الله"", ""وبركاته"", ""ورحمه""]",ahd5k_02213,أمراض باطنية,هل تشمع الكبد يوثر على مقدار البول او يسمع اصوات للسوائل في البطن,السلام عليكم ورحمة الله وبركاته بالنسبه لتشمع الكبد يؤثر على البول الله يكرمك من لون وكميه كما يوجد مرض يصاب فيه مريض التشمع الكبدي يسمى hepatorenal syndrome مما يسبب فشل بالكلى من اثر الكبد موضوع سماع اصوات في البطن وارد بسبب انه تشمع الكبد يسبب ترسبات سوا...,,recommended_for_human_review,needs_review,approve_if_medically_relevant_then_convert_to_supplemental_fact
trial_query_062,5,pregnancy_obstetrics,0.6396,"[""الله"", ""وبركاته"", ""ورحمه""]",ahd5k_00486,صحة المسنين,السلام عليكم ورحمه الله وبركاته اناعندي الوالده كبيره بالسن تعاني من الم بالكتف وبعدالاشعات اخبروهابانه شخونه في الكتف واعطوهامسكنات وادويه ولاكن لم تفيدمعهاالابتخفبف الالم واخبروها كم دكتوربانه لازم تاخذابره بالكتف...,لم تذكر عمر الوالدة بالضبط، ولكن بشكل عام ، يحدث عند الكبار تاكل في الغضاريف ويسبب هذا الألم نتيجة احتكاك العظم،،هذا لا يمكن استعادته. لذلك يكون العلاج لتخفيف الألم ، والتدليك بالأدوية يفيد في تخفيف الألم ولكنه يجب أن يستمر، كذلك يجب تناول بعض المأكولات الت...,,recommended_for_human_review,needs_review,approve_if_medically_relevant_then_convert_to_supplemental_fact
trial_query_063,2,dental,0.6714,"[""نوع"", ""وهل""]",ahd5k_00171,صحة المسنين,امرأة تريد طرقة للتخلص من الكوليسترول في الجسم - وعمرها 54 سنة,أولاً يتوجب معرفة نوع الكوليسترول المرتفع لديها وهل يصاحبه ارتفاع في الدهون الثلاثية أم لا وهل الكوليسترول الحميد منخفض ، جميع هذه المعلومات يمكن الحصول عليها بعد فحص الدهون لتحديد نوع الزيادة ومقدارها ، كذلك يتطلب معرفة ما اذا كان وزنها طبيعي أم لا ، وهل ل...,,recommended_for_human_review,needs_review,approve_if_medically_relevant_then_convert_to_supplemental_fact
trial_query_063,3,dental,0.6714,"[""الاسنان"", ""حتي""]",ahd5k_00828,أمراض الأسنان,برد الاسنان الاماميه ما ضرره وكم جلسه يحتاج,برد لمجرد البرد والتصغير في جلسه واحدة ولكن احذر من كثرة البرد حتي يؤثر علي الاسنان وتكون حساسه. ام لو برد للتركيب وعمل اسنان صناعيه ممكن جلسه او جلستين,,recommended_for_human_review,needs_review,approve_if_medically_relevant_then_convert_to_supplemental_fact
trial_query_063,4,dental,0.6714,"[""النتيجه"", ""قمت""]",ahd5k_01537,جراحة القلب والشرايين,قمت بعمل اشعة بالصبغة على الاورطى والشرايين الطرفية وجت انتفاخ بالوجه ووجع بالجسم ارجو الافادة,نرجو توضيح السؤال وما هي نتيجة الفحص الشعاعي كما وردت في التقرير ليتسنى لنا معرفة النتيجة ومن ثم التشخيص,,recommended_for_human_review,needs_review,approve_if_medically_relevant_then_convert_to_supplemental_fact
trial_query_063,5,dental,0.6714,"[""حتي"", ""وهل""]",ahd5k_01783,صحة المسنين,السلام عليكم ابي اصيب بعدة جلطات دماغية وهذه الجلطات اثرت على عملية البلع لذلك اصبح ياكل عن طريق انبوب فهل هنالك امكانية للشفاء من هذه الحالة وهل هناك شيء ممكن...,إمكانية الشفاء بعد الجلطات الدماغية تحتاج لعلاج طبيعي طويل الأمد وصبر طويل، ولا بد من متابعة التغذية بالأنبوب لمدة طويلة حتى يبدأ التحسن، حسب عمره.,,recommended_for_human_review,needs_review,approve_if_medically_relevant_then_convert_to_supplemental_fact
trial_query_070,2,pregnancy_obstetrics,0.8,"[""الامر"", ""التي"", ""تحت""]",ahd5k_00348,علم التشريح,كيف ترتفع درجة حرارة الجسم عن الحد الطبيعي؟,يوجد في جسم الإنسان العديد من الآليات التي تعمل على تنظيم الحرارة في جسمه لتبقى ضمن الحد الطبيعي، ولكن في بعض الأحيان قد ترتفع درجة الحرارة نتيجة عوامل خارجية أو داخلية، مثل: قضاء بعض الوقت في الطقس الحار، وممارسة الرياضة، والإصابة بعدوى، أو تناول بعض أنواع...,,recommended_for_human_review,needs_review,approve_if_medically_relevant_then_convert_to_supplemental_fact
trial_query_070,3,pregnancy_obstetrics,0.8,"[""الامر"", ""بها"", ""طبيعي""]",ahd5k_01690,أمراض القلب و الشرايين,السلام عليكم . منذ اسبوع ملاحظ تسارع قوية بضربات القلب عند الوقوف واشعر بها عند وضع يدي وتختفى بعد مسافه بعد الحركه ، هل الامر خطير؟ الضغط طبيعي ولا اتناول...,لا داعي للقلق ، لكن ينبغي معرفة نوع التسارع هل هو مرضي أم طبيعي، أي ضمن المعدل الفسيلوجي وهذا يتم تحيده من خلال الفحص الطبي السريري,,recommended_for_human_review,needs_review,approve_if_medically_relevant_then_convert_to_supplemental_fact
trial_query_070,4,pregnancy_obstetrics,0.8,"[""الاسبوع"", ""الجنين"", ""حركه""]",ahd5k_02249,علم الأجنة,كيف يمكن ان يتاثر الجنين باضطرابات السكر في الام بمعنى هل اذا حدث هبوط او ارتفاع للسكر مرة واحدة يتاثر الجنين فوراحيث انني مصابة بالسكري واجهضت في الاسبوع السابع حيث...,يمكن أن يؤثر مرض السكري أثناء الحمل بما في ذلك النوع الأول، أو الثاني، أو سكري الحمل بشكل سلبي على صحة الأم والجنين. بالنسبة للنساء المصابات بمرض السكري من النوع الأول أو الثاني، فإن ارتفاع نسبة السكر في الدم واضطرابات السكر في الدم قبل حدوث الحمل وخلال الأ...,,recommended_for_human_review,needs_review,approve_if_medically_relevant_then_convert_to_supplemental_fact
trial_query_070,5,pregnancy_obstetrics,0.8,"[""التي"", ""فيه"", ""وحتي""]",ahd5k_02552,أمراض الدم,ماهو علاج نقص الكريات البيضاء لدى الكبار وهل يحتاج تنويم واخذ علاج عن طريق الوريد الكريات 3000,إن العدد الطبيعي للكريات البيض هو من 4500 - 10000 ، والانخفاض أقل من 4500 وحتى 3000 قد لا يشير إلى أي مرض خطير، إلا أن نزول الكريات البيض أقل من 2500 قد يشير إلى مرض يجب معرفة سببه. ومن أسبابه: - الالتهاب بالفيروسات وهذا تتحسن فيه الكريات البيض متى تحسن الم...,,recommended_for_human_review,needs_review,approve_if_medically_relevant_then_convert_to_supplemental_fact
trial_query_071,2,dermatology_hair,0.8547,"[""العلاج"", ""سنه"", ""ونصف""]",ahd5k_02905,أمراض القلب و الشرايين,والدتي٧٤ سنة اجرت عملية ازالة ورم حميد بالدماغ وبعدها حصلت لها جلطة في الرجل ومنذ سنين ونصف تاخذ وارفارين وحاليا الطبيب غيره الى اسبرين ايهما احسن بلافيكس ام الاسبرين,في هذه الحالة العلاج المعطى كافي,,recommended_for_human_review,needs_review,approve_if_medically_relevant_then_convert_to_supplemental_fact
trial_query_071,3,dermatology_hair,0.8547,"[""العلاج"", ""سنه"", ""وفي""]",ahd5k_04697,الطب البديل,السلام عليكم ..انا متزوجة وعمري 29 سنة ولدي ثلاثة اطفال اعاني من الدوالي في ساق قدمي بدت الدوالي عندي وانا حامل بالطفل الثاني وازدادت مع حملي في الطفل الثالث ....,دوالي الساقين : هي تضخم الأوردة السطحية وقد تحدث في أي مكان من الجسم ولكنها أكثر انتشارا في الساقين . الأسباب متعددة : الوراثة ، تقدم العمر ،الحمل ، السمنة الزائدة ، الوقوف أو الجلوس على الكرسي لفترة طويلة ، ضعف صماكات الأوردة. ++ نصائح يمكن اتياعها تعمل عل...,,recommended_for_human_review,needs_review,approve_if_medically_relevant_then_convert_to_supplemental_fact
trial_query_071,4,dermatology_hair,0.6364,"[""سنه"", ""وفي""]",ahd5k_00189,أمراض القلب و الشرايين,ماهي اسباب الضربات الهاجرة في القلب وكيف يمكن علاجها بدون اخذ حبوب الاندرال لاني اخذته ولم تذهب هذه الضربات علما ان عمري 45 سنة افيدوني؟,أسبابها كثيرة وتختلف من شخص لآخر، فمن الممكن أن تكون أحد الأعراض الثانوية لإضطراب آخر يتعلق بالغدة الدرقية أو بفقر الدم أوغيره من الأسباب الكثيرة والمتعددة، وإذا كان لا يوجد هناك أي علة أو سبب واضح يفسر حدوثها، يبقى الإحتمال أن تكون أولية وهذه عدة أنواع أيض...,,recommended_for_human_review,needs_review,approve_if_medically_relevant_then_convert_to_supplemental_fact
trial_query_071,5,dermatology_hair,0.6364,"[""العلاج"", ""وفي""]",ahd5k_00924,جراحة القلب والشرايين,ماسلبيات توسيع الشرايين بالشبكات,شبكات توسيع الشرايين هي من الأجهزة الطبية التي فرضت نفسها بقوة في مجال معالجة أمراض القلب وتضيق الأوعية، وهذه الدعامات عادة ما تتكون من إطار معدني، وتوضع داخل الشريان للمساعدة على ابقائه مفتوحا، ولكن بما أنها تشكل جسم غريب بالنسبة لجسم المريض (ليست من نسيج ...,,recommended_for_human_review,needs_review,approve_if_medically_relevant_then_convert_to_supplemental_fact
trial_query_073,2,drug_safety,2.5333,"[""الحقن"", ""العلاج"", ""المبايض"", ""المجهري"", ""المستخدم"", ""تاثير"", ""تنشيط""]",ahd5k_01770,حمل الأنابيب,هل العلاج المستخدم في تنشيم المبايض قبل عملية الحقن المجهري ضار بالصحة ام لا؟,حسب الخبرات والدراسات التي تشير انه لا يوجد اي تأثير مضر للهرمونات المستخدمة في تنشيط الاباضة نتمنى لك كل التوفيق,,recommended_for_human_review,needs_review,approve_if_medically_relevant_then_convert_to_supplemental_fact
trial_query_073,3,drug_safety,1.2,"[""تاثير"", ""تنشيط"", ""زياده""]",ahd5k_04616,علم الأجنة,ماهية الاغذية التي تعد منشطة جنسين ، والمفضلة لنشاط الحيوان المنوي ، وشكرآ؟,"التفاح .. إذا كان التفاح يغني عن الذهاب إلى الطبيب فإنه قد يغني أيضاً عن الفراق و الخصام لأنه يحتوي على مادة \""الكيرستين\"" التي تقاوم تراكم الكوليسترول الضار على جدران الأوعية الدموية فتسهم بالتالي في تنشيط الدورة الدموية و تجديد حيوية الجسم. الأسماك الدهني...",,recommended_for_human_review,needs_review,approve_if_medically_relevant_then_convert_to_supplemental_fact
trial_query_073,4,drug_safety,0.8667,"[""العلاج"", ""زياده""]",ahd5k_00683,أمراض القلب و الشرايين,مرحبا اعاني منذ فتره من نبضات قلي قويه واصبحت اشعر بها في جميع اجزاء جسمي خصوصا قبل النوم وضيق تنفس وسرعة التعب وقلق علما اني تعرضت لموقف قلق وتوتر ووخزات...,أتمنى لك السلامة، وأود الإشارة إلى ضرورة مراجعة الطبيب لتحديد الأسباب المحتملة ووصف العلاج المناسب فلا يجب إهمال هذه الأعراض، وبشكل عام قد يكون ذلك ناجم عن العديد من الأسباب، ومنها الآتي: القلق أو التوتر. ممارسة الرياضة أو النشاط البدني. الجفاف. ارتفاع درجة...,,recommended_for_human_review,needs_review,approve_if_medically_relevant_then_convert_to_supplemental_fact
trial_query_073,5,drug_safety,0.8667,"[""المبايض"", ""زياده""]",ahd5k_00772,أمراض الغدد الصماء,سن32عازبة طول154 وزن86 أعاني سمنةوشعرانيةوكسل بسيط بالغدةالدرقية ودورةغيرمنتظمةمن8سنوات بدأت مع طبيب آخروصف لي كليمين وجلوكوفيج وEuthyrox25 هل هذا جيد,بشكل عام نعم مناسب لعلاج تكيس المبايض وهذا مترافق مع زيادة الوزن ولذلك اهم شيء هو خفض الوزن,,recommended_for_human_review,needs_review,approve_if_medically_relevant_then_convert_to_supplemental_fact
trial_query_074,2,pregnancy_obstetrics,1.4,"[""الجنين"", ""الشهر"", ""حامل"", ""زوجتي"", ""هناك"", ""وهل""]",ahd5k_03893,تشوهات خلقية,زوجتي حامل دخلت في الشهر الرابع وعند مراجعة الطبيبة تبين من خلال السونر ان الجنين مشوه بوجود كيس من الرأس وحول الرقبة يحتمل ان يكون فتق دماغي فهل هناك علاج...,هذه الكيس يطلق عليه اسم Systic Hygroma وهو نوع من انواع التشوهات التي قد تصيب الجنين وللأسف فلا يوجد علاج لمثل هذه الحالة وفي الغالب لا يكتمل الحمل ولكن اذا اكتمل فتتم معاينة الطفل والكيس وهل بالامكان ازالة الكيس ولكن في الغالب لا يتم ذلك,,recommended_for_human_review,needs_review,approve_if_medically_relevant_then_convert_to_supplemental_fact
trial_query_074,3,pregnancy_obstetrics,1.2,"[""الجنين"", ""بدايه"", ""حامل"", ""زوجتي"", ""وهل""]",ahd5k_01099,حمل الأنابيب,زوجتي حامل ومنذ بداية حملها لم اتوقف عن الاتصال معهاابدا ..فهل ذلك له علاقه لما تشعر به من حرقه في المهبل...وهل ذلك له تأثير على الجنين....,ﻻتاثير على الجنين...والحرقه من التهابات نسائيه,,recommended_for_human_review,needs_review,approve_if_medically_relevant_then_convert_to_supplemental_fact
trial_query_074,4,pregnancy_obstetrics,1.2,"[""الشهر"", ""بدايه"", ""حامل"", ""زوجتي"", ""هناك""]",ahd5k_02627,أمراض الدم,انا زوجتي حامل في الشهر السابع وعندها زيادة في تحليل فى تحليل crp وبعد تحاليل للبول ومسح وزرع لم يظهر شي وكانت جميع الفحوص عادية ومنذ بداية الحمل كانت تظهر...,"ان ارتفاع ال CRP وكذلك ارتفاع كريات الدم البيضاء يدل على وجود التهاب( انفلونزا, التهاب باللثه ,وغيرها....), ولكن اذا كان ال CRP هو فقط ايجابي او حتى مرتفع حتى 10 فيمكن ان يعتبر طبيعياً وكذلك ارتفاع الكريات الدم البيضاء حتى 16,000 يعتبر طبيعياً اثناء الحمل و...",,recommended_for_human_review,needs_review,approve_if_medically_relevant_then_convert_to_supplemental_fact
trial_query_074,5,pregnancy_obstetrics,1.0,"[""السبب"", ""ساعه"", ""فماهو"", ""منها"", ""نصف""]",ahd5k_01990,أمراض القلب و الشرايين,اخذت تحميلة من كلوفينال بعد العشاء ووضعت ثلث منها على صدري وفي جهة القلب ولكن بعد نصف ساعة على الاقل احسست بسرعة في نبضات القلب فماهو السبب افيدوني حالا ارجوكم,أي دواء يمكن أن يمتص بدرجات متفاوتة عندما يلامس مناطق مختلفة من الجسم وطلما كان امتصاصه أكثر كانت نتائجه أكثر تأثيرا,,recommended_for_human_review,needs_review,approve_if_medically_relevant_then_convert_to_supplemental_fact
trial_query_080,2,labs,1.7076,"[""الاملاح"", ""الدم"", ""العلاج"", ""المناسب"", ""نسبه""]",ahd5k_02823,الطب البديل,طفل عمره اربع سنوات شخص مرضه على انه كهرباء زائدة فهل يوجدلها علاج في الطب البديل وهل سيستمر هذا المرض طويلا وماهي نسبه أمكانية الشفاء؟وا,"عبارة ( كهرباء زائدة ) او ( شحنات كهرباء ) يطلقها الاطباء على داء الصرع لتخفيف الامر على الاهل بسبب الهلع و الخوف الذي ينتابهم من اسم الصرع بسبب النظرة الميتافيزيقية و الهالة التي تحيط بالصرع و له عدة اسماء : المسكة , النقطة , القرينة و غيرها من الاسماء و ا...",,recommended_for_human_review,needs_review,approve_if_medically_relevant_then_convert_to_supplemental_fact
trial_query_080,3,labs,1.1045,"[""الدم"", ""سنه"", ""عمري""]",ahd5k_00189,أمراض القلب و الشرايين,ماهي اسباب الضربات الهاجرة في القلب وكيف يمكن علاجها بدون اخذ حبوب الاندرال لاني اخذته ولم تذهب هذه الضربات علما ان عمري 45 سنة افيدوني؟,أسبابها كثيرة وتختلف من شخص لآخر، فمن الممكن أن تكون أحد الأعراض الثانوية لإضطراب آخر يتعلق بالغدة الدرقية أو بفقر الدم أوغيره من الأسباب الكثيرة والمتعددة، وإذا كان لا يوجد هناك أي علة أو سبب واضح يفسر حدوثها، يبقى الإحتمال أن تكون أولية وهذه عدة أنواع أيض...,,recommended_for_human_review,needs_review,approve_if_medically_relevant_then_convert_to_supplemental_fact
trial_query_080,4,labs,1.1045,"[""الدم"", ""سنه"", ""عمري""]",ahd5k_00855,جراحة القلب والشرايين,انا شاب عمري 25 سنه اصبحت اعاني من صعوبه في التنفس و الارهاق؟,"لا داعي للقلق ولكن ينبغي معرفة تاريخك المرضي واجراء فحص للكشف عن أي علامات سريرية قد تكون موجودة لديك وتساعد في تحديد طبيعة الحالة , فهكذا أعراض ممكن أن تكون ناجمة عن التها ب في الجهاز التنفسي ويمكن تترافق مع فقر الدم أو اضطرابات دموية أو متعلقة بجهاز الدور...",,recommended_for_human_review,needs_review,approve_if_medically_relevant_then_convert_to_supplemental_fact
trial_query_080,5,labs,1.1045,"[""الدم"", ""العلاج"", ""المناسب""]",ahd5k_01372,جراحة القلب والشرايين,انا عملت جراحة فى القلب وتم تغير الصمام المترالى بصمام ميكانيكى صناعى وباخد دواء واريفان ( لسيولة الدم ) 8 ملجرام ومصاب بالانفلوانزا ماالعلاج المناسب,العلاج يتطلب معاودة طبيبك المعالج للتأكد من العدوى الفيروسية أولاً,,recommended_for_human_review,needs_review,approve_if_medically_relevant_then_convert_to_supplemental_fact
trial_query_086,2,nutrition,1.0729,"[""فقر"", ""فيتامين"", ""لمده"", ""نقص""]",ahd5k_01394,تشخيص,هل يوجد أعشاب طبية تساعد على الشفاء من حالة الاكتئاب و الشعور بالخوف ، علما بأنه يوجد لدي فقر دم (انيميا الفول ) و يتجدث حالات الاكتئاب هذه عند تناول...,يختلف تأثير الطعام على الإنسان من شخص لآخر تبعاً للعديد من العوامل والأسباب وإن من أهم أسباب الشعور بالاكتئاب هو نقص عناصر غذائية في وجباتنا الغذائية . مشروبات بين الوجبات للقضاء على الاكتئاب للحالات العادية : - شاي الأعشاب المكوّن من التليو + النعناع + الب...,,recommended_for_human_review,needs_review,approve_if_medically_relevant_then_convert_to_supplemental_fact
trial_query_086,3,nutrition,1.0729,"[""اخذ"", ""لمده"", ""نقص"", ""وصف""]",ahd5k_04611,أمراض الغدد الصماء,اعاني من مشكلة انقطاع الطمث لمدة شهرين كل مرة اي غير منتظمة و عندما زرت اخصائي قال ان عندي مشكلة نقص هرمونات هل يمكن وصف علاج لهذه الحالة مع العلم...,التقيم بحاجة الى اخذ تاريخ مرضي واضح ومن ثم الفحص السريري واخيرا عمل الفحوصات المخبرية والصورالشعاعية ومن ثم العلاج,,recommended_for_human_review,needs_review,approve_if_medically_relevant_then_convert_to_supplemental_fact
trial_query_086,4,nutrition,0.8547,"[""اخذ"", ""شهر"", ""لمده""]",ahd5k_00480,أمراض باطنية,السلام عليكم.انا مصاب بفيروس س4 واخذتعﻻج بيغاسي ولم اشفى.جرى عندي التهاب بالمجاري البولية واخت دواء اموكسلين مع مسكن من نوعية البروفين فحصل عندي نزيف معوي وذهبتاسعاف الى المشف,"عليكم السلام يمكنك اخذ دواء من فصيلة ايزومبرازول مثل النيكسيام 40 مج لمدة شهر على الاقل و ايضا يجب عمل فحص PT, PTT, INR لفحص سيولة",,recommended_for_human_review,needs_review,approve_if_medically_relevant_then_convert_to_supplemental_fact
trial_query_086,5,nutrition,0.8547,"[""فقر"", ""فيتامين"", ""نقص""]",ahd5k_00594,أمراض الدم,السلام عليكم دكتور انا عندي فقر دم اي هي اغدية المفيدة الي؟,يحدث فقر الدم عندما لا يحتوي جسمك على ما يكفي من خلايا الدم الحمراء نتيجة فقدان الدم أو عدم القدرة على تكوين خلايا دم حمراء كافية. ويوجد العديد من أنوع فقر الدم منها الذي يكون بسبب نقص الحديد أو حمض الفوليك أو فيتامين ب-12 وغيرها. ويمكن اتباع نظام غذائي غني...,,recommended_for_human_review,needs_review,approve_if_medically_relevant_then_convert_to_supplemental_fact
trial_query_093,2,respiratory_general,1.0528,"[""الايسر"", ""التنفس"", ""القلب"", ""بالقلب""]",ahd5k_01350,أمراض القلب و الشرايين,اعاني من حموضة وصعوبة في التنفس وصعوبة بلع والم في الجانب الايسر من الصدر مع تعب في الكتف اليسرى بعد ابذال مجهود فهل هذا خطر على القلب ام حموضة عادية,لا علاقه له بالقلب . اعمل رسم قلب وايكو ع الاقل وراجع طبيب الباطنه والعظام,,recommended_for_human_review,needs_review,approve_if_medically_relevant_then_convert_to_supplemental_fact
trial_query_093,3,respiratory_general,1.0528,"[""الايسر"", ""التنفس"", ""العميق"", ""جانبي""]",ahd5k_02662,تشخيص,لدي الم في جانبي راسي وخصوصا الايسر فوق الاذن اشعر بضغط فى هذه المنطقه وكانه شي سينفجر وكثير من الاوقات اشعر بارهاق عام لهذا السبب,إن الألم في الرأس مع الشعور بالضغط على جانبي الرأس مع الإرهاق العام قد يعود لأحد الأسباب التالية: صداع التوتر. الشد العضلي. الضغط العصبي. القلق والتوتر أو الاكتئاب. التهاب الجيوب الأنفية. الشقيقة (الصداع النصفي). وجود مشاكل في الأذن التهاب السحايا. تمدد الأ...,,recommended_for_human_review,needs_review,approve_if_medically_relevant_then_convert_to_supplemental_fact
trial_query_093,4,respiratory_general,1.0528,"[""القلب"", ""النوم"", ""كما"", ""مشكل""]",ahd5k_04701,أمراض القلب و الشرايين,انا اعاني من دوخة خاصة اثناء المشي وفي بعض الاحيان ضيق تنفس كما انني اعاني من مشكل اثناء بداية النوم لانها تنتابني الدوخة وتسارع في ضربات القلب ارجوكم افيدوني وشكرا,كثير من الفتيات يعانن من هذه الأعراض وذلك نتيجة انخفاض الضغط وبالتالي ارتفاع نبضات القلب والشعور بالدوخة والإجهاد وينصح بتناول وجبة الإفطار والإكثار من السوائل والأملاح .. ألف سلامة,,recommended_for_human_review,needs_review,approve_if_medically_relevant_then_convert_to_supplemental_fact
trial_query_093,5,respiratory_general,1.0528,"[""التنفس"", ""القلب"", ""بين"", ""كما""]",ahd5k_04866,كيمياء حيوية,لماذا يموت الانسان عندما يلتمس بالكهرباء وما علاقته بالبروتين الموجود في الجسم ولماذا احيانا هنالك اشخاص لايتأثرون بالتيار الكهربائي؟,الصدمة الكهربائية وتتجلى بالضرر الذى يصيب انسجة الجسم نتيجة تأثير التيار او القوس الكهربائى وغالبا ما يكون الضرر سطحيأ اى يتضرر الجلد واحيانأ الانسجة الرخوة مع الاربطة والعظام حيث تتعلق خطورة الصدمة وصعوبة معالجتها بنوع ومميزات ودرجة الانسجة ورد فعل الاعضاء...,,recommended_for_human_review,needs_review,approve_if_medically_relevant_then_convert_to_supplemental_fact
trial_query_096,2,drug_safety,1.7,"[""التي"", ""الحلبه"", ""الريق"", ""تناول"", ""زيت"", ""يزيد""]",ahd5k_04616,علم الأجنة,ماهية الاغذية التي تعد منشطة جنسين ، والمفضلة لنشاط الحيوان المنوي ، وشكرآ؟,"التفاح .. إذا كان التفاح يغني عن الذهاب إلى الطبيب فإنه قد يغني أيضاً عن الفراق و الخصام لأنه يحتوي على مادة \""الكيرستين\"" التي تقاوم تراكم الكوليسترول الضار على جدران الأوعية الدموية فتسهم بالتالي في تنشيط الدورة الدموية و تجديد حيوية الجسم. الأسماك الدهني...",,recommended_for_human_review,needs_review,approve_if_medically_relevant_then_convert_to_supplemental_fact
trial_query_096,3,drug_safety,1.2,"[""التي"", ""تناول"", ""زيت"", ""ملعقه""]",ahd5k_01394,تشخيص,هل يوجد أعشاب طبية تساعد على الشفاء من حالة الاكتئاب و الشعور بالخوف ، علما بأنه يوجد لدي فقر دم (انيميا الفول ) و يتجدث حالات الاكتئاب هذه عند تناول...,يختلف تأثير الطعام على الإنسان من شخص لآخر تبعاً للعديد من العوامل والأسباب وإن من أهم أسباب الشعور بالاكتئاب هو نقص عناصر غذائية في وجباتنا الغذائية . مشروبات بين الوجبات للقضاء على الاكتئاب للحالات العادية : - شاي الأعشاب المكوّن من التليو + النعناع + الب...,,recommended_for_human_review,needs_review,approve_if_medically_relevant_then_convert_to_supplemental_fact
trial_query_096,4,drug_safety,1.2,"[""الثدي"", ""الحلبه"", ""حجم"", ""يزيد""]",ahd5k_01423,الطب البديل,عمري 18 سنة وأنا أعاني من صغر الثدي هل يوجد أي حل لتكبيره دون جراحة?,حليب الصويا له فوائد عديدة فهو يزيد من افراز هرمون الأستروجين الأنثوي الذي يثير الرغبة الجنسية عند المرأة ويزيد من حجم الأعضاء التناسلية والثديين، يمكنك استعماله كما تشائين سواء شرب كالحليب أو عمل جبنة، وهناك الحلبة تعمل على تكبير الثدي.,,recommended_for_human_review,needs_review,approve_if_medically_relevant_then_convert_to_supplemental_fact
trial_query_096,5,drug_safety,1.2,"[""الثدي"", ""الحلبه"", ""حجم"", ""زيت""]",ahd5k_03104,الطب البديل,ما هى فوائد زيت الحلبه للجسم اذا استعمل شربا مع الماء شكرا,"فوائد زيت الحلبة للجسم: 1. فوائد زيت الحلبة للشعر: زيت الحلبة له تأثير قوي على نمو الشعر ويحد من الصلع وتساقط الشعر والقشور , فهو مصدر جيد لحمض النيكوتينيك والبروتين. 2. فوائد زيت الحلبة للصدر: فهو تحتوي على الأستروجين وتعمل على تحفيز هرمون البرولاكتين , وك...",,recommended_for_human_review,needs_review,approve_if_medically_relevant_then_convert_to_supplemental_fact
trial_query_097,2,dental,0.6667,"[""العقل"", ""ضرس""]",ahd5k_02169,أمراض الأسنان,منذ ٢٠ يوم حصل مثل التورم التدريجي من الخلف للأمام في جوف الفم أولا في الجهة اليسرى و من ثم اليمنى بنفس الطريقة دكتور الأسنان قال ممكن احتمال ضرس العقل...,قد تكون المشكلة في اللسان وله عدة اسباب مثل التهاب بكتيري او فطري او فيروسي معرفة السبب تؤدي الى المعالجة,,recommended_for_human_review,needs_review,approve_if_medically_relevant_then_convert_to_supplemental_fact
trial_query_097,3,dental,0.6667,"[""العقل"", ""ضرس""]",ahd5k_03474,أمراض الأسنان,اشكو من اثار البنج بعد ازالة ضرس العقل مستمرة من عدة ايام وصف لي الطبيب دواء vitamin b complex لاعادة العصب سليما لكني غير مقتنع بهذا الدواءvitamin b complex ارى...,هذا العلاج سليم و يساعد على تعافي العصب لكن لم تذكر بالضبط ما هي اثار البنج ... على كل حال يمكنك استشارة طبيب جراح وجه و فكين للوقوف على تفاصيل الحالة,,recommended_for_human_review,needs_review,approve_if_medically_relevant_then_convert_to_supplemental_fact
trial_query_097,4,dental,0.5333,"[""التعامل""]",ahd5k_00348,علم التشريح,كيف ترتفع درجة حرارة الجسم عن الحد الطبيعي؟,يوجد في جسم الإنسان العديد من الآليات التي تعمل على تنظيم الحرارة في جسمه لتبقى ضمن الحد الطبيعي، ولكن في بعض الأحيان قد ترتفع درجة الحرارة نتيجة عوامل خارجية أو داخلية، مثل: قضاء بعض الوقت في الطقس الحار، وممارسة الرياضة، والإصابة بعدوى، أو تناول بعض أنواع...,,recommended_for_human_review,needs_review,approve_if_medically_relevant_then_convert_to_supplemental_fact
trial_query_097,5,dental,0.5333,"[""ضرس""]",ahd5k_00507,تشخيص,هل الأعراض التالية لها علاقة بالأسنان وهى صداع فى الرأس وشعور بحرارة فى الرأس وفى العين حيث أشعر بثقل فى الجفون وأشعر بألام فى الأذنين ولكن ليست هناك مشاكل فى...,من الافضل والاجدى اذا وجد ضرس غقل او اكثر مطمور ان تبادرى لازالتهم وذلك لدى طبيب اسنان متمرس او لدى طبيب جراح وجه وفكين خيث يندرج هذا التخصص من ضمن تخصصه,,recommended_for_human_review,needs_review,approve_if_medically_relevant_then_convert_to_supplemental_fact
