qa_id,source_row_number,split,category,category_en,question,answer,question_norm,answer_norm,qa_char_len
supp_qa_normal_range_bp,supplemental,manual,حقائق طبية مساعدة,Supplemental,ما المعدل الطبيعي لضغط الدم؟,المعدل الطبيعي لضغط الدم عند كثير من البالغين يكون غالبا أقل من 120/80، وقد يختلف حسب العمر والحالة الصحية.,,,105
supp_qa_normal_range_hr,supplemental,manual,حقائق طبية مساعدة,Supplemental,ما المعدل الطبيعي لنبض القلب؟,النبض الطبيعي للبالغين في الراحة يكون غالبا بين 60 و100 نبضة في الدقيقة، وقد يختلف حسب العمر والأدوية والحالة الصحية.,,,123
supp_qa_drug_diclofenac,supplemental,manual,حقائق طبية مساعدة,Supplemental,هل ديكلوفيناك مثل فولتارين أو أولفين له آثار جانبية؟,ديكلوفيناك مثل فولتارين أو أولفين قد يسبب آثارا جانبية مثل تهيج المعدة ومشاكل هضمية، ويحتاج حذرا خاصة مع أمراض المعدة أو الكلى أو أدوية أخرى.,,,151
supp_qa_drug_primolut_pregnancy,supplemental,manual,حقائق طبية مساعدة,Supplemental,هل بريمولوت ن آمن أثناء الحمل؟,بريمولوت ن أثناء الحمل لا ينبغي استخدامه أو تقييم خطره إلا بتوجيه طبي، ولا تكفي الأدلة العامة لتأكيد السلامة أو نفي التشوهات دون مراجعة الطبيب.,,,145
supp_qa_dental_aftercare,supplemental,manual,حقائق طبية مساعدة,Supplemental,هل يجب تجنب القهوة بعد تنظيف الأسنان؟,بعد بعض إجراءات تنظيف أو تبييض الأسنان قد يوصي الطبيب بتجنب القهوة والشاي مؤقتا، ومدة المنع تعتمد على نوع الإجراء وتعليمات الطبيب.,,,133
supp_qa_tsh_interpretation,supplemental,manual,حقائق طبية مساعدة,Supplemental,كيف يفسر تحليل TSH؟,تحليل TSH يستخدم لتقييم وظيفة الغدة الدرقية، وتفسير النتيجة يحتاج معرفة الرقم المرجعي والأعراض وأدوية الغدة.,,,112
supp_qa_cholesterol_lifestyle,supplemental,manual,حقائق طبية مساعدة,Supplemental,كيف يمكن التحكم بالكوليسترول؟,التحكم بالكوليسترول يعتمد غالبا على تقليل الدهون المشبعة، تحسين الغذاء، ممارسة الرياضة، وإنقاص الوزن عند الحاجة، وقد يحتاج بعض المرضى أدوية يحددها الطبيب.,,,157
supp_qa_kidney_stones,supplemental,manual,حقائق طبية مساعدة,Supplemental,كيف يمكن التعامل مع حصى الكلى؟,التعامل مع حصى الكلى يعتمد على حجم ومكان الحصوة والأعراض، وقد يشمل الإكثار من السوائل والمسكنات أو إجراءات طبية حسب تقييم الطبيب.,,,135
supp_qa_ibs_lifestyle,supplemental,manual,حقائق طبية مساعدة,Supplemental,كيف يمكن تخفيف القولون العصبي؟,القولون العصبي قد يتحسن بتنظيم الغذاء وتقليل المهيجات والغازات والتوتر، مع مراجعة الطبيب إذا ظهرت أعراض شديدة أو مستمرة.,,,129
supp_qa_fetal_bones,supplemental,manual,حقائق طبية مساعدة,Supplemental,متى تبدأ عظام الجنين في التكون؟,تبدأ عظام الجنين في التكون مبكرا خلال الحمل، وغالبا يبدأ تكوين الهيكل العظمي في الأسابيع الأولى من الحمل مع استمرار النمو والتكلس لاحقا.,,,142
supp_qa_mouth_fungus,supplemental,manual,حقائق طبية مساعدة,Supplemental,كيف يتم التعامل مع فطريات اللسان؟,تغيرات أو فطريات اللسان تحتاج فحصا طبيا لتحديد السبب، وقد تحتاج مضادا للفطريات إذا تأكدت العدوى الفطرية.,,,118
ahd5k_00484,62516,graph_train,أمراض الأسنان,Dental,كان عندي ضرس متسوس في أعلى الفم و الدكتور عمل لي حشوة و عالج التسوس و لكن لاحظت اختفاء غمازة وجهي بعدها مُباشرةً ، ما السبب و هل مُمكن ترجع...,لاتوجد أي علاقة مرتبطة بين حشو الأسنان وغمازة الوجه، وجه المقاربة قد يكون فقط في حال تم تخدير المنطقة نفسها الي تقع بها الغمازة بمخدر قوي وكمية كبيرة، وان كانت هذه الحالة فعندها تزول خلال ٢٤-٤٨ ساعة.,"كان عندي ضرس متسوس في اعلي الفم و الدكتور عمل لي حشوه و عالج التسوس و لكن لاحظت اختفاء غمازه وجهي بعدها مباشره , ما السبب و هل ممكن ترجع.","لاتوجد اي علاقه مرتبطه بين حشو الاسنان وغمازه الوجه, وجه المقاربه قد يكون فقط في حال تم تخدير المنطقه نفسها الي تقع بها الغمازه بمخدر قوي وكميه كبيره, وان كانت هذه الحاله فعندها تزول خلال 24-48 ساعه.",341
ahd5k_00530,543649,graph_train,أمراض باطنية,Esoteric,انا سويت عملية بواسير لي الان ١٦ يوم من اول يوم البول عندي صعب وغير مريح حتى اليوم.. لكن بالاضفه الى وجود الالم البسيط بالمثانه والخصيتان.. هل هو الم طبيعي؟؟؟,استمرار الألم والمعاناة لمدة 16 يوما يبدو أنه غير عادي، لذا عليك مراجعة الجراح الذى أجرى لك العملية.,انا سويت عمليه بواسير لي الان 16 يوم من اول يوم البول عندي صعب وغير مريح حتي اليوم. لكن بالاضفه الي وجود الالم البسيط بالمثانه والخصيتان. هل هو الم طبيعي?,"استمرار الالم والمعاناه لمده 16 يوما يبدو انه غير عادي, لذا عليك مراجعه الجراح الذي اجري لك العمليه.",258
ahd5k_00594,735577,graph_train,أمراض الدم,Blood,السلام عليكم دكتور انا عندي فقر دم اي هي اغدية المفيدة الي؟,يحدث فقر الدم عندما لا يحتوي جسمك على ما يكفي من خلايا الدم الحمراء نتيجة فقدان الدم أو عدم القدرة على تكوين خلايا دم حمراء كافية. ويوجد العديد من أنوع فقر الدم منها الذي يكون بسبب نقص الحديد أو حمض الفوليك أو فيتامين ب-12 وغيرها. ويمكن اتباع نظام غذائي غني بالعناصر اللازمة لتعويض النقص من خلال: الورقيات الخضراء: السبانخ/ الكرنب/ الهندباء/ الخبيزة. اللحوم والدواجن. كبدة الخروف. المأكولات البحرية: السردين/ التونا/ السلمون. عصير البرتقال المحصن. الحبوب المدعمة. بعض الحبوب: الفاصولياء/ الحمص/ فول الصويا/ البازلاء. بذور اليقطين/ الكاجو/ الفستق/ الصنوبر/ الجوز/ بذور عباد الشمس. تجنب تناول الأطعمة الغنية بالحديد مع الأطعمة أو المشروبات التي تمنع امتصاص الحديد مثل: القهوة أو الشاي /البيض/ الأطعمة الغنية بالكالسيوم مثل الحليب و الأجبان والبروكلي واللبن. تناول الأطعمة الغنية بالحديد مع الأطعمة الغنية بفيتامين ج (C) مثل: البرتقال /الطماطم /الفراولة لتحسين الامتصاص. تناول الأطعمة الغنية بالحديد مع الأطعمة التي تحتوي على بيتا كاروتين مثل المشمش والفلفل الأحمر والبنجر لتحسين الامتصاص. ومن الجدير بالذكر أن النظام الغذائي قد يمنع عملية ازدياد فقر الدم سوءاً وقد يعوض بعض النقص ولكن يجب أن يتم اتباع علاج دوائي معين حسب نوع فقر الدم الذي تعاني منه تحت إشراف الطبيب المختص. للمزيد: أهم عشرة أغذية لفقر الدم ابر الحديد اعراض فقر الدم فقر الدم وعلاجه المرجع: Best Diet Plan for Anemia,السلام عليكم دكتور انا عندي فقر دم اي هي اغديه المفيده الي?,يحدث فقر الدم عندما لا يحتوي جسمك علي ما يكفي من خلايا الدم الحمراء نتيجه فقدان الدم او عدم القدره علي تكوين خلايا دم حمراء كافيه. ويوجد العديد من انوع فقر الدم منها الذي يكون بسبب نقص الحديد او حمض الفوليك او فيتامين ب-12 وغيرها. ويمكن اتباع نظام غذايي غني بالعناصر اللازمه لتعويض النقص من خلال: الورقيات الخضراء: السبانخ/ الكرنب/ الهندباء/ الخبيزه. اللحوم والدواجن. كبده الخروف. الماكولات البحريه: السردين/ التونا/ السلمون. عصير البرتقال المحصن. الحبوب المدعمه. بعض الحبوب: الفاصولياء/ الحمص/ فول الصويا/ البازلاء. بذور اليقطين/ الكاجو/ الفستق/ الصنوبر/ الجوز/ بذور عباد الشمس. تجنب تناول الاطعمه الغنيه بالحديد مع الاطعمه او المشروبات التي تمنع امتصاص الحديد مثل: القهوه او الشاي /البيض/ الاطعمه الغنيه بالكالسيوم مثل الحليب و الاجبان والبروكلي واللبن. تناول الاطعمه الغنيه بالحديد مع الاطعمه الغنيه بفيتامين ج (c) مثل: البرتقال /الطماطم /الفراوله لتحسين الامتصاص. تناول الاطعمه الغنيه بالحديد مع الاطعمه التي تحتوي علي بيتا كاروتين مثل المشمش والفلفل الاحمر والبنجر لتحسين الامتصاص. ومن الجدير بالذكر ان النظام الغذايي قد يمنع عمليه ازدياد فقر الدم سوءا وقد يعوض بعض النقص ولكن يجب ان يتم اتباع علاج دوايي معين حسب نوع فقر الدم الذي تعاني منه تحت اشراف الطبيب المختص. للمزيد: اهم عشره اغذيه لفقر الدم ابر الحديد اعراض فقر الدم فقر الدم وعلاجه المرجع: best diet plan for anemia,1340
ahd5k_00828,419047,graph_train,أمراض الأسنان,Dental,برد الاسنان الاماميه ما ضرره وكم جلسه يحتاج,برد لمجرد البرد والتصغير في جلسه واحدة ولكن احذر من كثرة البرد حتي يؤثر علي الاسنان وتكون حساسه. ام لو برد للتركيب وعمل اسنان صناعيه ممكن جلسه او جلستين,برد الاسنان الاماميه ما ضرره وكم جلسه يحتاج,برد لمجرد البرد والتصغير في جلسه واحده ولكن احذر من كثره البرد حتي يوثر علي الاسنان وتكون حساسه. ام لو برد للتركيب وعمل اسنان صناعيه ممكن جلسه او جلستين,195
ahd5k_00855,760882,graph_train,جراحة القلب والشرايين,Cardiovascular surgery,انا شاب عمري 25 سنه اصبحت اعاني من صعوبه في التنفس و الارهاق؟,"لا داعي للقلق ولكن ينبغي معرفة تاريخك المرضي واجراء فحص للكشف عن أي علامات سريرية قد تكون موجودة لديك وتساعد في تحديد طبيعة الحالة , فهكذا أعراض ممكن أن تكون ناجمة عن التها ب في الجهاز التنفسي ويمكن تترافق مع فقر الدم أو اضطرابات دموية أو متعلقة بجهاز الدورة الدموية أو غير ذلك ، لذلك ننصحك بمعاودة طبيبك للوقوف على تفاصيل أكثر تسمح بالتشخيص ومن ثم اتخاذ السلوك الطبي الأمثل",انا شاب عمري 25 سنه اصبحت اعاني من صعوبه في التنفس و الارهاق?,"لا داعي للقلق ولكن ينبغي معرفه تاريخك المرضي واجراء فحص للكشف عن اي علامات سريريه قد تكون موجوده لديك وتساعد في تحديد طبيعه الحاله , فهكذا اعراض ممكن ان تكون ناجمه عن التها ب في الجهاز التنفسي ويمكن تترافق مع فقر الدم او اضطرابات دمويه او متعلقه بجهاز الدوره الدمويه او غير ذلك , لذلك ننصحك بمعاوده طبيبك للوقوف علي تفاصيل اكثر تسمح بالتشخيص ومن ثم اتخاذ السلوك الطبي الامثل",435
ahd5k_01162,32201,graph_train,أمراض الدم,Blood,عندي فقر دم وعملت التحاليل عندي نقص فيتامين دال ونقص حديد وصف لي الدكتور 20 ابرة حديد لمدة شهر هل اخذ هالكمية بهذه المدة آمن أم مضر للجسم ؟ وما...,يجب الاعتماد على نسبة الهيموكلوبين لتحديد طريقة العلاج و كمية العلاج نسبة مخزون الحديد في الجسم مقبولة نعم يوجد نقص في نسبة فيتامين د تركيز الحديد يختلف حسب نوعية العلاج العدد المذكور في رسالتك غير مستوجب وغير متوافق مع التحليل المرسل مع السؤال,عندي فقر دم وعملت التحاليل عندي نقص فيتامين دال ونقص حديد وصف لي الدكتور 20 ابره حديد لمده شهر هل اخذ هالكميه بهذه المده امن ام مضر للجسم ? وما.,يجب الاعتماد علي نسبه الهيموكلوبين لتحديد طريقه العلاج و كميه العلاج نسبه مخزون الحديد في الجسم مقبوله نعم يوجد نقص في نسبه فيتامين د تركيز الحديد يختلف حسب نوعيه العلاج العدد المذكور في رسالتك غير مستوجب وغير متوافق مع التحليل المرسل مع السوال,390
ahd5k_01770,771885,graph_train,حمل الأنابيب,Carry tubes,هل العلاج المستخدم في تنشيم المبايض قبل عملية الحقن المجهري ضار بالصحة ام لا؟,حسب الخبرات والدراسات التي تشير انه لا يوجد اي تأثير مضر للهرمونات المستخدمة في تنشيط الاباضة نتمنى لك كل التوفيق,هل العلاج المستخدم في تنشيم المبايض قبل عمليه الحقن المجهري ضار بالصحه ام لا?,حسب الخبرات والدراسات التي تشير انه لا يوجد اي تاثير مضر للهرمونات المستخدمه في تنشيط الاباضه نتمني لك كل التوفيق,190
ahd5k_02627,791118,graph_train,أمراض الدم,Blood,انا زوجتي حامل في الشهر السابع وعندها زيادة في تحليل فى تحليل crp وبعد تحاليل للبول ومسح وزرع لم يظهر شي وكانت جميع الفحوص عادية ومنذ بداية الحمل كانت تظهر...,"ان ارتفاع ال CRP وكذلك ارتفاع كريات الدم البيضاء يدل على وجود التهاب( انفلونزا, التهاب باللثه ,وغيرها....), ولكن اذا كان ال CRP هو فقط ايجابي او حتى مرتفع حتى 10 فيمكن ان يعتبر طبيعياً وكذلك ارتفاع الكريات الدم البيضاء حتى 16,000 يعتبر طبيعياً اثناء الحمل ويصل اثناء الولاده الى 20,000. لذا فقط انصحك باعاده هذه الفحوصات فاذا لم يكن هناك ازدياد بمعدل هذه الفحوصات فلا داعي للقلق. اما اذا كان هناك ازدياد بمعدلها فانصحك بمراجعه الطبيب مره اخرى للفحص.",انا زوجتي حامل في الشهر السابع وعندها زياده في تحليل في تحليل crp وبعد تحاليل للبول ومسح وزرع لم يظهر شي وكانت جميع الفحوص عاديه ومنذ بدايه الحمل كانت تظهر.,"ان ارتفاع ال crp وكذلك ارتفاع كريات الدم البيضاء يدل علي وجود التهاب( انفلونزا, التهاب باللثه ,وغيرها.), ولكن اذا كان ال crp هو فقط ايجابي او حتي مرتفع حتي 10 فيمكن ان يعتبر طبيعيا وكذلك ارتفاع الكريات الدم البيضاء حتي 16,000 يعتبر طبيعيا اثناء الحمل ويصل اثناء الولاده الي 20,000. لذا فقط انصحك باعاده هذه الفحوصات فاذا لم يكن هناك ازدياد بمعدل هذه الفحوصات فلا داعي للقلق. اما اذا كان هناك ازدياد بمعدلها فانصحك بمراجعه الطبيب مره اخري للفحص.",607
