entity_id,canonical_name,canonical_name_norm,entity_type,entity_quality,is_actionable_medical_entity,aliases,mention_count,source_chunk_count,qa_count,avg_confidence,source_chunks,source_models,qa_ids
supp_ent_measurement_bp,ضغط الدم,ضغط الدم,Measurement,dataset_derived,true,"[""ضغط الدم"", ""الضغط"", ""ضغط""]",1,1,1,0.99,"[""dataset_ahd5k_00085""]","[""dataset_derived""]","[""ahd5k_00085""]"
supp_ent_measurement_hr,نبض القلب,نبض القلب,Measurement,dataset_derived,true,"[""نبض القلب"", ""نبضات القلب"", ""دقات القلب""]",1,1,1,0.99,"[""dataset_ahd5k_00085""]","[""dataset_derived""]","[""ahd5k_00085""]"
supp_ent_drug_diclofenac,ديكلوفيناك,ديكلوفيناك,Drug,dataset_derived,true,"[""ديكلوفيناك"", ""فولتارين"", ""اولفين"", ""أولفين"", ""Olfen"", ""Voltaren""]",1,1,1,0.99,"[""dataset_ahd5k_00065""]","[""dataset_derived""]","[""ahd5k_00065""]"
supp_ent_drug_primolut,بريمولوت ن,بريمولوت ن,Drug,dataset_derived,true,"[""بريمولوت"", ""بريمولوت ن"", ""Primolut"", ""norethisterone"", ""نوريثيستيرون""]",1,1,1,0.99,"[""dataset_ahd5k_00439""]","[""dataset_derived""]","[""ahd5k_00439""]"
supp_ent_procedure_dental_cleaning,تنظيف الأسنان,تنظيف الاسنان,Procedure,dataset_derived,true,"[""تنظيف الأسنان"", ""تنظيف الاسنان"", ""تنظيف الأسنان عند الطبيب"", ""تنظيف الاسنان عند الطبيب""]",1,1,1,0.99,"[""dataset_ahd5k_00315""]","[""dataset_derived""]","[""ahd5k_00315""]"
supp_ent_test_tsh,تحليل TSH,تحليل tsh,DiagnosticTest,dataset_derived,true,"[""TAH"", ""TSH"", ""تحليل TSH"", ""تحليل الغدة الدرقية"", ""فحص TSH""]",1,1,1,0.99,"[""dataset_ahd5k_02685""]","[""dataset_derived""]","[""ahd5k_02685""]"
supp_ent_condition_cholesterol,ارتفاع الكوليسترول,ارتفاع الكوليسترول,DiseaseCondition,dataset_derived,true,"[""الكوليسترول"", ""ارتفاع الكوليسترول"", ""دهون الدم"", ""ارتفاع دهون الدم""]",1,1,1,0.99,"[""dataset_ahd5k_00171""]","[""dataset_derived""]","[""ahd5k_00171""]"
supp_ent_condition_kidney_stones,حصى الكلى,حصى الكلى,DiseaseCondition,dataset_derived,true,"[""حصى الكلى"", ""الحصى"", ""حصوة"", ""حصوات"", ""حصوات الكلى""]",1,1,1,0.99,"[""dataset_ahd5k_00012""]","[""dataset_derived""]","[""ahd5k_00012""]"
supp_ent_condition_ibs,القولون العصبي,القولون العصبي,DiseaseCondition,dataset_derived,true,"[""القولون العصبي"", ""قولون عصبي"", ""القولون""]",1,1,1,0.99,"[""dataset_ahd5k_01998""]","[""dataset_derived""]","[""ahd5k_01998""]"
supp_ent_fetal_bones,عظام الجنين,عظام الجنين,BodyPart,dataset_derived,true,"[""عظام الجنين"", ""تكوين عظام الجنين"", ""العظام عند الجنين""]",1,1,1,0.99,"[""dataset_ahd5k_00230""]","[""dataset_derived""]","[""ahd5k_00230""]"
supp_ent_mouth_fungus,فطريات الفم,فطريات الفم,DiseaseCondition,dataset_derived,true,"[""فطريات الفم"", ""فطريات اللسان"", ""تعرجات اللسان"", ""التهاب اللسان""]",1,1,1,0.99,"[""dataset_ahd5k_00142""]","[""dataset_derived""]","[""ahd5k_00142""]"
supp_ent_range_bp,140-80 إذا لا توجد أمراض مصاحبة,140-80 اذا لا توجد امراض مصاحبه,Range,dataset_derived,true,"[""أقل من 120/80"", ""120/80""]",1,1,1,0.99,"[""dataset_ahd5k_00085""]","[""dataset_derived""]","[""ahd5k_00085""]"
supp_ent_range_hr,65-85 تقريبا وقد يقبل أقل أو أكثر,65-85 تقريبا وقد يقبل اقل او اكثر,Range,dataset_derived,true,"[""60 إلى 100"", ""60-100"", ""ستين إلى مئة نبضة""]",1,1,1,0.99,"[""dataset_ahd5k_00085""]","[""dataset_derived""]","[""ahd5k_00085""]"
supp_ent_side_effect_gi,تهيج المعدة ومشاكل هضمية,تهيج المعده ومشاكل هضميه,SideEffect,dataset_derived,true,"[""تهيج المعدة"", ""مشاكل هضمية"", ""ألم المعدة""]",1,1,1,0.99,"[""dataset_ahd5k_00065""]","[""dataset_derived""]","[""ahd5k_00065""]"
supp_ent_migraine,الصداع الشقيقة,الصداع الشقيقه,Symptom,dataset_derived,true,"[""الشقيقة"", ""الصداع الشقيقة"", ""صداع نصفي""]",1,1,1,0.99,"[""dataset_ahd5k_00065""]","[""dataset_derived""]","[""ahd5k_00065""]"
supp_ent_state_pregnancy,إيقاف الدواء ومراجعة الطبيب أثناء الحمل,ايقاف الدواء ومراجعه الطبيب اثناء الحمل,Condition,dataset_derived,true,"[""الحمل"", ""الحامل"", ""أثناء الحمل""]",1,1,1,0.99,"[""dataset_ahd5k_00439""]","[""dataset_derived""]","[""ahd5k_00439""]"
supp_ent_aftercare_coffee,يمكن شرب القهوة والشاي مع المحافظة على تنظيف الأسنان,يمكن شرب القهوه والشاي مع المحافظه علي تنظيف الاسنان,AftercareInstruction,dataset_derived,true,"[""تجنب القهوة"", ""تجنب الشاي"", ""القهوة والشاي""]",1,1,1,0.99,"[""dataset_ahd5k_00315""]","[""dataset_derived""]","[""ahd5k_00315""]"
supp_ent_thyroid,الغدة الدرقية,الغده الدرقيه,DiseaseCondition,dataset_derived,true,"[""الغدة الدرقية"", ""الغدة"", ""الغده الدرقيه""]",1,1,1,0.99,"[""dataset_ahd5k_02685""]","[""dataset_derived""]","[""ahd5k_02685""]"
supp_ent_lifestyle_cholesterol,تقليل الدهون والرياضة,تقليل الدهون والرياضه,LifestyleRecommendation,dataset_derived,true,"[""تقليل الدهون"", ""الرياضة"", ""إنقاص الوزن""]",1,1,1,0.99,"[""dataset_ahd5k_00171""]","[""dataset_derived""]","[""ahd5k_00171""]"
supp_ent_kidney_stones_management,الإكثار من السوائل والتقييم الطبي,الاكثار من السوائل والتقييم الطبي,Treatment,dataset_derived,true,"[""الإكثار من السوائل"", ""شرب الماء"", ""تقييم الطبيب""]",1,1,1,0.99,"[""dataset_ahd5k_00012""]","[""dataset_derived""]","[""ahd5k_00012""]"
supp_ent_ibs_lifestyle,تنظيم الغذاء وتقليل المهيجات,تنظيم الغذاء وتقليل المهيجات,LifestyleRecommendation,dataset_derived,true,"[""تنظيم الغذاء"", ""تقليل المهيجات"", ""تقليل الغازات""]",1,1,1,0.99,"[""dataset_ahd5k_01998""]","[""dataset_derived""]","[""ahd5k_01998""]"
supp_ent_pregnancy_second_month,نهاية الأسبوع السادس تقريبا,نهايه الاسبوع السادس تقريبا,TimePeriod,dataset_derived,true,"[""الشهر الثاني"", ""الأسابيع الأولى"", ""بداية الحمل""]",1,1,1,0.99,"[""dataset_ahd5k_00230""]","[""dataset_derived""]","[""ahd5k_00230""]"
supp_ent_mouth_fungus_eval,مراجعة طبيب اختصاصي لتأكيد التشخيص,مراجعه طبيب اختصاصي لتاكيد التشخيص,Treatment,dataset_derived,true,"[""فحص الطبيب"", ""مضاد فطري"", ""علاج فطريات الفم""]",1,1,1,0.99,"[""dataset_ahd5k_00142""]","[""dataset_derived""]","[""ahd5k_00142""]"
focus_ent_dental_filling,حشو الأسنان,حشو الاسنان,Treatment,dataset_derived_focused,true,"[""حشوة"", ""حشو الاسنان"", ""حشو الأسنان""]",1,1,1,0.97,"[""dataset_ahd5k_00484""]","[""focused_dataset_extraction""]","[""ahd5k_00484""]"
focus_ent_face_dimple,غمازة الوجه,غمازه الوجه,BodyFeature,dataset_derived_focused,true,"[""غمازة"", ""غمازه"", ""غمازة وجهي""]",1,1,1,0.97,"[""dataset_ahd5k_00484""]","[""focused_dataset_extraction""]","[""ahd5k_00484""]"
focus_ent_strong_local_anesthesia,تخدير موضعي قوي,تخدير موضعي قوي,Treatment,dataset_derived_focused,true,"[""مخدر قوي"", ""تخدير المنطقة""]",1,1,1,0.97,"[""dataset_ahd5k_00484""]","[""focused_dataset_extraction""]","[""ahd5k_00484""]"
focus_ent_hemorrhoid_surgery,عملية البواسير,عمليه البواسير,Procedure,dataset_derived_focused,true,"[""عملية بواسير"", ""جراحة البواسير""]",1,1,1,0.97,"[""dataset_ahd5k_00530""]","[""focused_dataset_extraction""]","[""ahd5k_00530""]"
focus_ent_postop_urinary_pain_16_days,استمرار صعوبة البول والألم بعد 16 يوم,استمرار صعوبه البول والالم بعد 16 يوم,Symptom,dataset_derived_focused,true,"[""صعوبة البول"", ""ألم المثانة"", ""ألم الخصيتان""]",1,1,1,0.97,"[""dataset_ahd5k_00530""]","[""focused_dataset_extraction""]","[""ahd5k_00530""]"
focus_ent_anemia,فقر الدم,فقر الدم,DiseaseCondition,dataset_derived_focused,true,"[""انيميا"", ""أنيميا"", ""فقر دم""]",1,1,1,0.97,"[""dataset_ahd5k_00594""]","[""focused_dataset_extraction""]","[""ahd5k_00594""]"
focus_ent_iron_rich_foods,أغذية غنية بالحديد والفولات وفيتامين ب12,اغذيه غنيه بالحديد والفولات وفيتامين ب12,DietaryRecommendation,dataset_derived_focused,true,"[""أغذية لفقر الدم"", ""أطعمة غنية بالحديد""]",1,1,1,0.97,"[""dataset_ahd5k_00594""]","[""focused_dataset_extraction""]","[""ahd5k_00594""]"
focus_ent_vitamin_c_foods,أطعمة غنية بفيتامين ج,اطعمه غنيه بفيتامين ج,DietaryRecommendation,dataset_derived_focused,true,"[""فيتامين ج"", ""فيتامين C"", ""برتقال"", ""طماطم"", ""فراولة""]",1,1,1,0.97,"[""dataset_ahd5k_00594""]","[""focused_dataset_extraction""]","[""ahd5k_00594""]"
focus_ent_tea_coffee_calcium,الشاي والقهوة والكالسيوم مع الحديد,الشاي والقهوه والكالسيوم مع الحديد,DietaryCaution,dataset_derived_focused,true,"[""الشاي"", ""القهوة"", ""الكالسيوم"", ""الحليب""]",1,1,1,0.97,"[""dataset_ahd5k_00594""]","[""focused_dataset_extraction""]","[""ahd5k_00594""]"
focus_ent_iron_injections,إبر الحديد,ابر الحديد,Treatment,dataset_derived_focused,true,"[""ابر الحديد"", ""إبر حديد"", ""حقن الحديد""]",1,1,1,0.97,"[""dataset_ahd5k_01162""]","[""focused_dataset_extraction""]","[""ahd5k_01162""]"
focus_ent_hb_and_iron_type,نسبة الهيموغلوبين ونوع علاج الحديد,نسبه الهيموغلوبين ونوع علاج الحديد,ClinicalFactor,dataset_derived_focused,true,"[""الهيموغلوبين"", ""نوع العلاج"", ""مخزون الحديد""]",1,1,1,0.97,"[""dataset_ahd5k_01162""]","[""focused_dataset_extraction""]","[""ahd5k_01162""]"
focus_ent_tooth_filing,برد الأسنان,برد الاسنان,Procedure,dataset_derived_focused,true,"[""برد الاسنان"", ""برد الأسنان""]",1,1,1,0.97,"[""dataset_ahd5k_00828""]","[""focused_dataset_extraction""]","[""ahd5k_00828""]"
focus_ent_tooth_sensitivity,حساسية الأسنان,حساسيه الاسنان,Symptom,dataset_derived_focused,true,"[""حساسية الاسنان"", ""حساسية الأسنان""]",1,1,1,0.97,"[""dataset_ahd5k_00828""]","[""focused_dataset_extraction""]","[""ahd5k_00828""]"
focus_ent_one_two_sessions,جلسة واحدة أو جلستان,جلسه واحده او جلستان,ProcedureDuration,dataset_derived_focused,true,"[""جلسة"", ""جلستين""]",1,1,1,0.97,"[""dataset_ahd5k_00828""]","[""focused_dataset_extraction""]","[""ahd5k_00828""]"
focus_ent_dyspnea_fatigue,صعوبة التنفس والإرهاق,صعوبه التنفس والارهاق,Symptom,dataset_derived_focused,true,"[""صعوبة التنفس"", ""الإرهاق"", ""الارهاق""]",1,1,1,0.97,"[""dataset_ahd5k_00855""]","[""focused_dataset_extraction""]","[""ahd5k_00855""]"
focus_ent_respiratory_anemia_circulation,التهاب تنفسي أو فقر دم أو اضطراب دموي أو دوراني,التهاب تنفسي او فقر دم او اضطراب دموي او دوراني,PossibleCondition,dataset_derived_focused,true,"[""التهاب الجهاز التنفسي"", ""فقر الدم"", ""اضطرابات دموية"", ""الدورة الدموية""]",1,1,1,0.97,"[""dataset_ahd5k_00855""]","[""focused_dataset_extraction""]","[""ahd5k_00855""]"
focus_ent_history_physical_exam,التاريخ المرضي والفحص السريري,التاريخ المرضي والفحص السريري,DiagnosticProcedure,dataset_derived_focused,true,"[""التاريخ المرضي"", ""الفحص السريري"", ""فحص طبي""]",1,1,1,0.97,"[""dataset_ahd5k_00855""]","[""focused_dataset_extraction""]","[""ahd5k_00855""]"
focus_ent_ovulation_stimulation_hormones,تنشيط المبايض,تنشيط المبايض,Treatment,dataset_derived_focused,true,"[""تنشيط المبايض"", ""تنشيط الإباضة"", ""منشطات المبايض"", ""هرمونات تنشيط الإباضة""]",1,1,1,0.97,"[""dataset_ahd5k_01770""]","[""focused_dataset_extraction""]","[""ahd5k_01770""]"
focus_ent_no_reported_harm_ivf,لا يوجد تأثير مضر مذكور قبل الحقن المجهري,لا يوجد تاثير مضر مذكور قبل الحقن المجهري,SafetyFinding,dataset_derived_focused,true,"[""لا يوجد ضرر"", ""الحقن المجهري""]",1,1,1,0.97,"[""dataset_ahd5k_01770""]","[""focused_dataset_extraction""]","[""ahd5k_01770""]"
focus_ent_high_crp_wbc,ارتفاع CRP وكريات الدم البيضاء,ارتفاع crp وكريات الدم البيضاء,LabFinding,dataset_derived_focused,true,"[""CRP"", ""كريات الدم البيضاء"", ""ارتفاع التحليل""]",1,1,1,0.97,"[""dataset_ahd5k_02627""]","[""focused_dataset_extraction""]","[""ahd5k_02627""]"
focus_ent_inflammation,التهاب,التهاب,DiseaseCondition,dataset_derived_focused,true,"[""التهاب"", ""انفلونزا"", ""التهاب اللثة""]",1,1,1,0.97,"[""dataset_ahd5k_02627""]","[""focused_dataset_extraction""]","[""ahd5k_02627""]"
focus_ent_wbc_pregnancy,كريات الدم البيضاء أثناء الحمل,كريات الدم البيضاء اثناء الحمل,LabFinding,dataset_derived_focused,true,"[""كريات الدم البيضاء"", ""الحمل""]",1,1,1,0.97,"[""dataset_ahd5k_02627""]","[""focused_dataset_extraction""]","[""ahd5k_02627""]"
focus_ent_wbc_16000_pregnancy,حتى 16000 أثناء الحمل وقد تصل 20000 أثناء الولادة,حتي 16000 اثناء الحمل وقد تصل 20000 اثناء الولاده,Range,dataset_derived_focused,true,"[""16000"", ""20000"", ""الولادة""]",1,1,1,0.97,"[""dataset_ahd5k_02627""]","[""focused_dataset_extraction""]","[""ahd5k_02627""]"
target_ent_thyroid_hormone_pregnancy,هرمون الثيروكسين أثناء الحمل,هرمون الثيروكسين اثناء الحمل,Hormone,dataset_derived_targeted,true,"[""الغدة"", ""الغدة الدرقية"", ""هرمون الغدة"", ""الثيروكسين"", ""التروكسين""]",1,1,1,0.98,"[""targeted_ahd5k_00048""]","[""targeted_dataset_review""]","[""ahd5k_00048""]"
target_ent_fetal_mental_physical_growth,نمو الجنين العقلي والجسدي,نمو الجنين العقلي والجسدي,DevelopmentProcess,dataset_derived_targeted,true,"[""نمو الجنين"", ""الجنين"", ""نمو عقلي"", ""نمو جسدي""]",1,1,1,0.98,"[""targeted_ahd5k_00048""]","[""targeted_dataset_review""]","[""ahd5k_00048""]"
target_ent_untreated_hypothyroidism_pregnancy,خمول الغدة الدرقية غير المعالج أثناء الحمل,خمول الغده الدرقيه غير المعالج اثناء الحمل,DiseaseCondition,dataset_derived_targeted,true,"[""خمول الغدة"", ""خمول الغدة الدرقية"", ""نقص افراز هرمون الغدة"", ""الغدة والحمل""]",1,1,1,0.98,"[""targeted_ahd5k_00048""]","[""targeted_dataset_review""]","[""ahd5k_00048""]"
target_ent_fetal_congenital_effects,تشوهات خلقية أو تقزم الجنين,تشوهات خلقيه او تقزم الجنين,Risk,dataset_derived_targeted,true,"[""تشوهات خلقية"", ""تشوهات الجنين"", ""تقزم"", ""تأثير على الجنين""]",1,1,1,0.98,"[""targeted_ahd5k_00048""]","[""targeted_dataset_review""]","[""ahd5k_00048""]"
target_ent_post_hemorrhoid_surgery,بعد عملية البواسير,بعد عمليه البواسير,ProcedureContext,dataset_derived_targeted,true,"[""عملية بواسير"", ""عملية البواسير"", ""بعد عملية البواسير""]",1,1,1,0.98,"[""targeted_ahd5k_00530""]","[""targeted_dataset_review""]","[""ahd5k_00530""]"
target_ent_persistent_urinary_pain_16_days,استمرار صعوبة البول والألم بعد 16 يوما,استمرار صعوبه البول والالم بعد 16 يوما,Symptom,dataset_derived_targeted,true,"[""صعوبة البول"", ""ألم المثانة"", ""ألم الخصيتان"", ""الم بعد عملية البواسير""]",1,1,1,0.98,"[""targeted_ahd5k_00530""]","[""targeted_dataset_review""]","[""ahd5k_00530""]"
target_ent_anemia_nutrition,فقر الدم,فقر الدم,DiseaseCondition,dataset_derived_targeted,true,"[""فقر دم"", ""فقر الدم"", ""انيميا"", ""أنيميا""]",1,1,1,0.98,"[""targeted_ahd5k_00594""]","[""targeted_dataset_review""]","[""ahd5k_00594""]"
target_ent_iron_folate_b12_foods,غذاء غني بالحديد والفولات وفيتامين ب12,غذاء غني بالحديد والفولات وفيتامين ب12,DietaryRecommendation,dataset_derived_targeted,true,"[""أغذية مفيدة لفقر الدم"", ""اطعمة غنية بالحديد"", ""حمض الفوليك"", ""فيتامين ب12""]",1,1,1,0.98,"[""targeted_ahd5k_00594""]","[""targeted_dataset_review""]","[""ahd5k_00594""]"
target_ent_open_heart_surgery,عملية القلب المفتوح,عمليه القلب المفتوح,Procedure,dataset_derived_targeted,true,"[""عملية القلب المفتوح"", ""تبديل شرايين"", ""تبديل الصمام"", ""جراحة القلب""]",1,1,1,0.98,"[""targeted_ahd5k_01704""]","[""targeted_dataset_review""]","[""ahd5k_01704""]"
target_ent_postop_weakness_after_cardiac_surgery,الضعف بعد جراحة القلب,الضعف بعد جراحه القلب,Symptom,dataset_derived_targeted,true,"[""ضعف بعد العملية"", ""ضعف بعد القلب المفتوح"", ""تعب بعد العملية""]",1,1,1,0.98,"[""targeted_ahd5k_01704""]","[""targeted_dataset_review""]","[""ahd5k_01704""]"
target_ent_coronary_stenosis_weak_heart,ضعف عضلة القلب وضيق الشرايين,ضعف عضله القلب وضيق الشرايين,DiseaseCondition,dataset_derived_targeted,true,"[""ضعف عضلة القلب"", ""ضيق الشرايين"", ""انسداد الشرايين"", ""ثلاث شرايين""]",1,1,1,0.98,"[""targeted_ahd5k_04912""]","[""targeted_dataset_review""]","[""ahd5k_04912""]"
target_ent_cardiac_team_assessment,تقييم الفريق الطبي ووظائف الأعضاء,تقييم الفريق الطبي ووظائف الاعضاء,ClinicalAssessment,dataset_derived_targeted,true,"[""تقييم طبي"", ""نتائج القثطرة"", ""وظائف الكلى"", ""وظائف الجهاز التنفسي""]",1,1,1,0.98,"[""targeted_ahd5k_04912""]","[""targeted_dataset_review""]","[""ahd5k_04912""]"
target_ent_cephadar_forte,Cephadar forte,cephadar forte,Drug,dataset_derived_targeted,true,"[""cephadar"", ""Cephadar"", ""cephadar forte"", ""سيفادار"", ""سيفادار فورت""]",1,1,1,0.98,"[""targeted_ahd5k_00625""]","[""targeted_dataset_review""]","[""ahd5k_00625""]"
target_ent_tooth_pain_analgesic,مسكن ألم الأسنان,مسكن الم الاسنان,Treatment,dataset_derived_targeted,true,"[""ألم الأسنان"", ""الام الاسنان"", ""مسكن ألم"", ""Brufen"", ""بروفين""]",1,1,1,0.98,"[""targeted_ahd5k_00625""]","[""targeted_dataset_review""]","[""ahd5k_00625""]"
target_ent_dyspnea_fatigue,صعوبة التنفس والإرهاق,صعوبه التنفس والارهاق,Symptom,dataset_derived_targeted,true,"[""صعوبة التنفس"", ""ضيق التنفس"", ""الإرهاق"", ""الارهاق"", ""سرعة التعب""]",1,1,1,0.98,"[""targeted_ahd5k_00855""]","[""targeted_dataset_review""]","[""ahd5k_00855""]"
target_ent_respiratory_anemia_circulation_causes,التهاب تنفسي أو فقر دم أو اضطراب دموي أو دوراني,التهاب تنفسي او فقر دم او اضطراب دموي او دوراني,PossibleCondition,dataset_derived_targeted,true,"[""التهاب الجهاز التنفسي"", ""فقر الدم"", ""اضطرابات دموية"", ""جهاز الدورة الدموية""]",1,1,1,0.98,"[""targeted_ahd5k_00855""]","[""targeted_dataset_review""]","[""ahd5k_00855""]"
target_ent_history_physical_exam,التاريخ المرضي والفحص السريري,التاريخ المرضي والفحص السريري,DiagnosticProcedure,dataset_derived_targeted,true,"[""التاريخ المرضي"", ""الفحص السريري"", ""فحص طبي""]",1,1,1,0.98,"[""targeted_ahd5k_00855""]","[""targeted_dataset_review""]","[""ahd5k_00855""]"
target_ent_ectopic_heart_beats,الضربات الهاجرة في القلب,الضربات الهاجره في القلب,Symptom,dataset_derived_targeted,true,"[""ضربات هاجرة"", ""الضربات الهاجرة"", ""خفقان"", ""نبضات قوية""]",1,1,1,0.98,"[""targeted_ahd5k_00189""]","[""targeted_dataset_review""]","[""ahd5k_00189""]"
target_ent_thyroid_anemia_multiple_causes,اضطراب الغدة الدرقية أو فقر الدم أو أسباب متعددة,اضطراب الغده الدرقيه او فقر الدم او اسباب متعدده,PossibleCondition,dataset_derived_targeted,true,"[""الغدة الدرقية"", ""فقر الدم"", ""أسباب متعددة""]",1,1,1,0.98,"[""targeted_ahd5k_00189""]","[""targeted_dataset_review""]","[""ahd5k_00189""]"
target_ent_precise_arrhythmia_diagnosis,التشخيص الدقيق لنوع اضطراب النظم,التشخيص الدقيق لنوع اضطراب النظم,ClinicalAssessment,dataset_derived_targeted,true,"[""التشخيص الدقيق"", ""تشخيص اضطراب النظم"", ""فئة الضربات""]",1,1,1,0.98,"[""targeted_ahd5k_00189""]","[""targeted_dataset_review""]","[""ahd5k_00189""]"
target_ent_ovulation_stimulation_before_ivf,تنشيط المبايض قبل الحقن المجهري,تنشيط المبايض قبل الحقن المجهري,Treatment,dataset_derived_targeted,true,"[""تنشيط المبايض"", ""تنشيط الاباضة"", ""منشطات المبايض"", ""الحقن المجهري""]",1,1,1,0.98,"[""targeted_ahd5k_01770""]","[""targeted_dataset_review""]","[""ahd5k_01770""]"
target_ent_no_harm_ovulation_hormones,لا يوجد تأثير مضر مذكور للهرمونات,لا يوجد تاثير مضر مذكور للهرمونات,SafetyFinding,dataset_derived_targeted,true,"[""لا يوجد ضرر"", ""تأثير مضر"", ""هرمونات التنشيط""]",1,1,1,0.98,"[""targeted_ahd5k_01770""]","[""targeted_dataset_review""]","[""ahd5k_01770""]"
target_ent_impacted_wisdom_tooth,ضرس العقل المطمور,ضرس العقل المطمور,DiseaseCondition,dataset_derived_targeted,true,"[""ضرس العقل"", ""ضرس عقل مطمور"", ""ضرس مطمور"", ""انتفاخ ضرس العقل""]",1,1,1,0.98,"[""targeted_ahd5k_00507""]","[""targeted_dataset_review""]","[""ahd5k_00507""]"
target_ent_oral_maxillofacial_dentist,طبيب أسنان أو جراح وجه وفكين,طبيب اسنان او جراح وجه وفكين,Specialist,dataset_derived_targeted,true,"[""طبيب الأسنان"", ""جراح وجه وفكين"", ""إزالة ضرس العقل""]",1,1,1,0.98,"[""targeted_ahd5k_00507""]","[""targeted_dataset_review""]","[""ahd5k_00507""]"
target_ent_left_chest_back_pain,نغزات الجهة اليسرى من الصدر والظهر,نغزات الجهه اليسري من الصدر والظهر,Symptom,dataset_derived_targeted,true,"[""نغزات الصدر"", ""ألم الصدر الأيسر"", ""ألم الظهر"", ""الجهة اليسرى""]",1,1,1,0.98,"[""targeted_ahd5k_04975""]","[""targeted_dataset_review""]","[""ahd5k_04975""]"
target_ent_heart_source,مصدر قلبي,مصدر قلبي,PossibleCondition,dataset_derived_targeted,true,"[""القلب"", ""أمراض القلب"", ""مصدر القلب""]",1,1,1,0.98,"[""targeted_ahd5k_04975""]","[""targeted_dataset_review""]","[""ahd5k_04975""]"
target_ent_high_cholesterol,ارتفاع الكوليسترول,ارتفاع الكوليسترول,DiseaseCondition,dataset_derived_targeted,true,"[""الكوليسترول"", ""ارتفاع الكوليسترول"", ""دهون الدم"", ""الدهون الثلاثية""]",1,1,1,0.98,"[""targeted_ahd5k_00171""]","[""targeted_dataset_review""]","[""ahd5k_00171""]"
target_ent_lipid_profile_weight_chronic_disease,فحص الدهون وتقييم الوزن والأمراض المزمنة,فحص الدهون وتقييم الوزن والامراض المزمنه,ClinicalAssessment,dataset_derived_targeted,true,"[""فحص الدهون"", ""الكوليسترول الحميد"", ""الدهون الثلاثية"", ""الوزن"", ""مرض مزمن""]",1,1,1,0.98,"[""targeted_ahd5k_00171""]","[""targeted_dataset_review""]","[""ahd5k_00171""]"
exact_ent_trial_query_003_topic,بنتي سنتين ونصف عندها حساسيه حليب البقر وتاخذ,بنتي سنتين ونصف عندها حساسيه حليب البقر وتاخذ,QuestionTopic,exact_source_answer_expansion,true,"[""بنتي سنتين ونصف عندها حساسيه"", ""بنتي سنتين ونصف عندها"", ""بنتي سنتين ونصف"", ""بنتي سنتين"", ""بنتي"", ""سنتين"", ""ونصف"", ""عندها"", ""حساسيه"", ""حليب"", ""البقر"", ""وتاخذ""]",1,1,1,0.99,"[""exact_source_ahd5k_00020""]","[""exact_source_answer_expansion""]","[""ahd5k_00020""]"
exact_ent_trial_query_003_source_answer,إجابة مصدر AHD ahd5k_00020,اجابه مصدر ahd ahd5k_00020,SourceAnswer,exact_source_answer_expansion,false,"[""ahd5k_00020"", ""إجابة مصدر AHD""]",1,1,1,0.99,"[""exact_source_ahd5k_00020""]","[""exact_source_answer_expansion""]","[""ahd5k_00020""]"
exact_ent_trial_query_009_topic,دوائي طبيعي لعلاج انفراص بالفاصل العجزي القطني,دوائي طبيعي لعلاج انفراص بالفاصل العجزي القطني,QuestionTopic,exact_source_answer_expansion,true,"[""دوائي طبيعي لعلاج انفراص بالفاصل"", ""دوائي طبيعي لعلاج انفراص"", ""دوائي طبيعي لعلاج"", ""دوائي طبيعي"", ""دوائي"", ""طبيعي"", ""لعلاج"", ""انفراص"", ""بالفاصل"", ""العجزي"", ""القطني""]",1,1,1,0.99,"[""exact_source_ahd5k_00088""]","[""exact_source_answer_expansion""]","[""ahd5k_00088""]"
exact_ent_trial_query_009_source_answer,إجابة مصدر AHD ahd5k_00088,اجابه مصدر ahd ahd5k_00088,SourceAnswer,exact_source_answer_expansion,false,"[""ahd5k_00088"", ""إجابة مصدر AHD""]",1,1,1,0.99,"[""exact_source_ahd5k_00088""]","[""exact_source_answer_expansion""]","[""ahd5k_00088""]"
exact_ent_trial_query_010_topic,ان تحس المراه بوجع طفيف علي مستوي الثدي,ان تحس المراه بوجع طفيف علي مستوي الثدي,QuestionTopic,exact_source_answer_expansion,true,"[""ان تحس المراه بوجع طفيف"", ""ان تحس المراه بوجع"", ""ان تحس المراه"", ""ان تحس"", ""ان"", ""تحس"", ""المراه"", ""بوجع"", ""طفيف"", ""علي"", ""مستوي"", ""الثدي""]",1,1,1,0.99,"[""exact_source_ahd5k_00140""]","[""exact_source_answer_expansion""]","[""ahd5k_00140""]"
exact_ent_trial_query_010_source_answer,إجابة مصدر AHD ahd5k_00140,اجابه مصدر ahd ahd5k_00140,SourceAnswer,exact_source_answer_expansion,false,"[""ahd5k_00140"", ""إجابة مصدر AHD""]",1,1,1,0.99,"[""exact_source_ahd5k_00140""]","[""exact_source_answer_expansion""]","[""ahd5k_00140""]"
exact_ent_trial_query_017_topic,عليكم، هو الفرق بين ضغط الدم الخاص بالجسم,عليكم، هو الفرق بين ضغط الدم الخاص بالجسم,QuestionTopic,exact_source_answer_expansion,true,"[""عليكم، هو الفرق بين ضغط"", ""عليكم، هو الفرق بين"", ""عليكم، هو الفرق"", ""عليكم، هو"", ""عليكم،"", ""هو"", ""الفرق"", ""بين"", ""ضغط"", ""الدم"", ""الخاص"", ""بالجسم""]",1,1,1,0.99,"[""exact_source_ahd5k_00237""]","[""exact_source_answer_expansion""]","[""ahd5k_00237""]"
exact_ent_trial_query_017_source_answer,إجابة مصدر AHD ahd5k_00237,اجابه مصدر ahd ahd5k_00237,SourceAnswer,exact_source_answer_expansion,false,"[""ahd5k_00237"", ""إجابة مصدر AHD""]",1,1,1,0.99,"[""exact_source_ahd5k_00237""]","[""exact_source_answer_expansion""]","[""ahd5k_00237""]"
exact_ent_trial_query_020_topic,مالمقصود باللمف,مالمقصود باللمف,QuestionTopic,exact_source_answer_expansion,true,"[""مالمقصود باللمف"", ""مالمقصود"", ""باللمف""]",1,1,1,0.99,"[""exact_source_ahd5k_00291""]","[""exact_source_answer_expansion""]","[""ahd5k_00291""]"
exact_ent_trial_query_020_source_answer,إجابة مصدر AHD ahd5k_00291,اجابه مصدر ahd ahd5k_00291,SourceAnswer,exact_source_answer_expansion,false,"[""ahd5k_00291"", ""إجابة مصدر AHD""]",1,1,1,0.99,"[""exact_source_ahd5k_00291""]","[""exact_source_answer_expansion""]","[""ahd5k_00291""]"
exact_ent_trial_query_021_topic,علاقه بين انخفاض الصفيحات الدمويه 122 وارتفاع خضاب,علاقه بين انخفاض الصفيحات الدمويه 122 وارتفاع خضاب,QuestionTopic,exact_source_answer_expansion,true,"[""علاقه بين انخفاض الصفيحات الدمويه"", ""علاقه بين انخفاض الصفيحات"", ""علاقه بين انخفاض"", ""علاقه بين"", ""علاقه"", ""بين"", ""انخفاض"", ""الصفيحات"", ""الدمويه"", ""122"", ""وارتفاع"", ""خضاب""]",1,1,1,0.99,"[""exact_source_ahd5k_00313""]","[""exact_source_answer_expansion""]","[""ahd5k_00313""]"
exact_ent_trial_query_021_source_answer,إجابة مصدر AHD ahd5k_00313,اجابه مصدر ahd ahd5k_00313,SourceAnswer,exact_source_answer_expansion,false,"[""ahd5k_00313"", ""إجابة مصدر AHD""]",1,1,1,0.99,"[""exact_source_ahd5k_00313""]","[""exact_source_answer_expansion""]","[""ahd5k_00313""]"
exact_ent_trial_query_023_topic,حد بقدر يساعدني امي عملت فحص tah وهاي,حد بقدر يساعدني امي عملت فحص tah وهاي,QuestionTopic,exact_source_answer_expansion,true,"[""حد بقدر يساعدني امي عملت"", ""حد بقدر يساعدني امي"", ""حد بقدر يساعدني"", ""حد بقدر"", ""حد"", ""بقدر"", ""يساعدني"", ""امي"", ""عملت"", ""فحص"", ""tah"", ""وهاي""]",1,1,1,0.99,"[""exact_source_ahd5k_00372""]","[""exact_source_answer_expansion""]","[""ahd5k_00372""]"
exact_ent_trial_query_023_source_answer,إجابة مصدر AHD ahd5k_00372,اجابه مصدر ahd ahd5k_00372,SourceAnswer,exact_source_answer_expansion,false,"[""ahd5k_00372"", ""إجابة مصدر AHD""]",1,1,1,0.99,"[""exact_source_ahd5k_00372""]","[""exact_source_answer_expansion""]","[""ahd5k_00372""]"
exact_ent_trial_query_025_topic,ضغط والم وشعور بعدم الراحه منتصف الصدر يزداد,ضغط والم وشعور بعدم الراحه منتصف الصدر يزداد,QuestionTopic,exact_source_answer_expansion,true,"[""ضغط والم وشعور بعدم الراحه"", ""ضغط والم وشعور بعدم"", ""ضغط والم وشعور"", ""ضغط والم"", ""ضغط"", ""والم"", ""وشعور"", ""بعدم"", ""الراحه"", ""منتصف"", ""الصدر"", ""يزداد""]",1,1,1,0.99,"[""exact_source_ahd5k_00436""]","[""exact_source_answer_expansion""]","[""ahd5k_00436""]"
exact_ent_trial_query_025_source_answer,إجابة مصدر AHD ahd5k_00436,اجابه مصدر ahd ahd5k_00436,SourceAnswer,exact_source_answer_expansion,false,"[""ahd5k_00436"", ""إجابة مصدر AHD""]",1,1,1,0.99,"[""exact_source_ahd5k_00436""]","[""exact_source_answer_expansion""]","[""ahd5k_00436""]"
exact_ent_trial_query_027_topic,مصاب بفيروس س4 واخذتعﻻج بيغاسي ولم اشفي جري,مصاب بفيروس س4 واخذتعﻻج بيغاسي ولم اشفي جري,QuestionTopic,exact_source_answer_expansion,true,"[""مصاب بفيروس س4 واخذتعﻻج بيغاسي"", ""مصاب بفيروس س4 واخذتعﻻج"", ""مصاب بفيروس س4"", ""مصاب بفيروس"", ""مصاب"", ""بفيروس"", ""س4"", ""واخذتعﻻج"", ""بيغاسي"", ""ولم"", ""اشفي"", ""جري""]",1,1,1,0.99,"[""exact_source_ahd5k_00480""]","[""exact_source_answer_expansion""]","[""ahd5k_00480""]"
exact_ent_trial_query_027_source_answer,إجابة مصدر AHD ahd5k_00480,اجابه مصدر ahd ahd5k_00480,SourceAnswer,exact_source_answer_expansion,false,"[""ahd5k_00480"", ""إجابة مصدر AHD""]",1,1,1,0.99,"[""exact_source_ahd5k_00480""]","[""exact_source_answer_expansion""]","[""ahd5k_00480""]"
exact_ent_trial_query_030_topic,الاعراض التاليه لها علاقه بالاسنان وهي صداع الراس,الاعراض التاليه لها علاقه بالاسنان وهي صداع الراس,QuestionTopic,exact_source_answer_expansion,true,"[""الاعراض التاليه لها علاقه بالاسنان"", ""الاعراض التاليه لها علاقه"", ""الاعراض التاليه لها"", ""الاعراض التاليه"", ""الاعراض"", ""التاليه"", ""لها"", ""علاقه"", ""بالاسنان"", ""وهي"", ""صداع"", ""الراس""]",1,1,1,0.99,"[""exact_source_ahd5k_00507""]","[""exact_source_answer_expansion""]","[""ahd5k_00507""]"
exact_ent_trial_query_030_source_answer,إجابة مصدر AHD ahd5k_00507,اجابه مصدر ahd ahd5k_00507,SourceAnswer,exact_source_answer_expansion,false,"[""ahd5k_00507"", ""إجابة مصدر AHD""]",1,1,1,0.99,"[""exact_source_ahd5k_00507""]","[""exact_source_answer_expansion""]","[""ahd5k_00507""]"
exact_ent_trial_query_031_topic,تؤخر علاجات الحساسيه والربو عمليه الحمل,تؤخر علاجات الحساسيه والربو عمليه الحمل,QuestionTopic,exact_source_answer_expansion,true,"[""تؤخر علاجات الحساسيه والربو عمليه"", ""تؤخر علاجات الحساسيه والربو"", ""تؤخر علاجات الحساسيه"", ""تؤخر علاجات"", ""تؤخر"", ""علاجات"", ""الحساسيه"", ""والربو"", ""عمليه"", ""الحمل""]",1,1,1,0.99,"[""exact_source_ahd5k_00510""]","[""exact_source_answer_expansion""]","[""ahd5k_00510""]"
exact_ent_trial_query_031_source_answer,إجابة مصدر AHD ahd5k_00510,اجابه مصدر ahd ahd5k_00510,SourceAnswer,exact_source_answer_expansion,false,"[""ahd5k_00510"", ""إجابة مصدر AHD""]",1,1,1,0.99,"[""exact_source_ahd5k_00510""]","[""exact_source_answer_expansion""]","[""ahd5k_00510""]"
exact_ent_trial_query_033_topic,اختي عملت تحاليل ماقبل الزواج وهي وخطيبها طلعوا,اختي عملت تحاليل ماقبل الزواج وهي وخطيبها طلعوا,QuestionTopic,exact_source_answer_expansion,true,"[""اختي عملت تحاليل ماقبل الزواج"", ""اختي عملت تحاليل ماقبل"", ""اختي عملت تحاليل"", ""اختي عملت"", ""اختي"", ""عملت"", ""تحاليل"", ""ماقبل"", ""الزواج"", ""وهي"", ""وخطيبها"", ""طلعوا""]",1,1,1,0.99,"[""exact_source_ahd5k_00543""]","[""exact_source_answer_expansion""]","[""ahd5k_00543""]"
exact_ent_trial_query_033_source_answer,إجابة مصدر AHD ahd5k_00543,اجابه مصدر ahd ahd5k_00543,SourceAnswer,exact_source_answer_expansion,false,"[""ahd5k_00543"", ""إجابة مصدر AHD""]",1,1,1,0.99,"[""exact_source_ahd5k_00543""]","[""exact_source_answer_expansion""]","[""ahd5k_00543""]"
exact_ent_trial_query_038_topic,زوجتي حامل نهايه شهرها السابع وتبين صور الاشعه,زوجتي حامل نهايه شهرها السابع وتبين صور الاشعه,QuestionTopic,exact_source_answer_expansion,true,"[""زوجتي حامل نهايه شهرها السابع"", ""زوجتي حامل نهايه شهرها"", ""زوجتي حامل نهايه"", ""زوجتي حامل"", ""زوجتي"", ""حامل"", ""نهايه"", ""شهرها"", ""السابع"", ""وتبين"", ""صور"", ""الاشعه""]",1,1,1,0.99,"[""exact_source_ahd5k_00604""]","[""exact_source_answer_expansion""]","[""ahd5k_00604""]"
exact_ent_trial_query_038_source_answer,إجابة مصدر AHD ahd5k_00604,اجابه مصدر ahd ahd5k_00604,SourceAnswer,exact_source_answer_expansion,false,"[""ahd5k_00604"", ""إجابة مصدر AHD""]",1,1,1,0.99,"[""exact_source_ahd5k_00604""]","[""exact_source_answer_expansion""]","[""ahd5k_00604""]"
exact_ent_trial_query_039_topic,عشبه الزعرور تتعارض مميعات الدم كالاسبرين وتؤدي لنتيجه,عشبه الزعرور تتعارض مميعات الدم كالاسبرين وتؤدي لنتيجه,QuestionTopic,exact_source_answer_expansion,true,"[""عشبه الزعرور تتعارض مميعات الدم"", ""عشبه الزعرور تتعارض مميعات"", ""عشبه الزعرور تتعارض"", ""عشبه الزعرور"", ""عشبه"", ""الزعرور"", ""تتعارض"", ""مميعات"", ""الدم"", ""كالاسبرين"", ""وتؤدي"", ""لنتيجه""]",1,1,1,0.99,"[""exact_source_ahd5k_00614""]","[""exact_source_answer_expansion""]","[""ahd5k_00614""]"
exact_ent_trial_query_039_source_answer,إجابة مصدر AHD ahd5k_00614,اجابه مصدر ahd ahd5k_00614,SourceAnswer,exact_source_answer_expansion,false,"[""ahd5k_00614"", ""إجابة مصدر AHD""]",1,1,1,0.99,"[""exact_source_ahd5k_00614""]","[""exact_source_answer_expansion""]","[""ahd5k_00614""]"
exact_ent_trial_query_040_topic,حلمه ثديي الايمن لا بها فتحه اي انها,حلمه ثديي الايمن لا بها فتحه اي انها,QuestionTopic,exact_source_answer_expansion,true,"[""حلمه ثديي الايمن لا بها"", ""حلمه ثديي الايمن لا"", ""حلمه ثديي الايمن"", ""حلمه ثديي"", ""حلمه"", ""ثديي"", ""الايمن"", ""لا"", ""بها"", ""فتحه"", ""اي"", ""انها""]",1,1,1,0.99,"[""exact_source_ahd5k_00615""]","[""exact_source_answer_expansion""]","[""ahd5k_00615""]"
exact_ent_trial_query_040_source_answer,إجابة مصدر AHD ahd5k_00615,اجابه مصدر ahd ahd5k_00615,SourceAnswer,exact_source_answer_expansion,false,"[""ahd5k_00615"", ""إجابة مصدر AHD""]",1,1,1,0.99,"[""exact_source_ahd5k_00615""]","[""exact_source_answer_expansion""]","[""ahd5k_00615""]"
exact_ent_trial_query_042_topic,عمله تحاليل مختبر للغده الدرقيه ولم اجد الطبيب,عمله تحاليل مختبر للغده الدرقيه ولم اجد الطبيب,QuestionTopic,exact_source_answer_expansion,true,"[""عمله تحاليل مختبر للغده الدرقيه"", ""عمله تحاليل مختبر للغده"", ""عمله تحاليل مختبر"", ""عمله تحاليل"", ""عمله"", ""تحاليل"", ""مختبر"", ""للغده"", ""الدرقيه"", ""ولم"", ""اجد"", ""الطبيب""]",1,1,1,0.99,"[""exact_source_ahd5k_00632""]","[""exact_source_answer_expansion""]","[""ahd5k_00632""]"
exact_ent_trial_query_042_source_answer,إجابة مصدر AHD ahd5k_00632,اجابه مصدر ahd ahd5k_00632,SourceAnswer,exact_source_answer_expansion,false,"[""ahd5k_00632"", ""إجابة مصدر AHD""]",1,1,1,0.99,"[""exact_source_ahd5k_00632""]","[""exact_source_answer_expansion""]","[""ahd5k_00632""]"
exact_ent_trial_query_044_topic,مريضه بالسكر واستخدم فيرومن كبريتات الحديد لان فقر,مريضه بالسكر واستخدم فيرومن كبريتات الحديد لان فقر,QuestionTopic,exact_source_answer_expansion,true,"[""مريضه بالسكر واستخدم فيرومن كبريتات"", ""مريضه بالسكر واستخدم فيرومن"", ""مريضه بالسكر واستخدم"", ""مريضه بالسكر"", ""مريضه"", ""بالسكر"", ""واستخدم"", ""فيرومن"", ""كبريتات"", ""الحديد"", ""لان"", ""فقر""]",1,1,1,0.99,"[""exact_source_ahd5k_00655""]","[""exact_source_answer_expansion""]","[""ahd5k_00655""]"
exact_ent_trial_query_044_source_answer,إجابة مصدر AHD ahd5k_00655,اجابه مصدر ahd ahd5k_00655,SourceAnswer,exact_source_answer_expansion,false,"[""ahd5k_00655"", ""إجابة مصدر AHD""]",1,1,1,0.99,"[""exact_source_ahd5k_00655""]","[""exact_source_answer_expansion""]","[""ahd5k_00655""]"
exact_ent_trial_query_045_topic,العمر 47 لاول مره تعاني الم الصدر ويمتد,العمر 47 لاول مره تعاني الم الصدر ويمتد,QuestionTopic,exact_source_answer_expansion,true,"[""العمر 47 لاول مره تعاني"", ""العمر 47 لاول مره"", ""العمر 47 لاول"", ""العمر 47"", ""العمر"", ""47"", ""لاول"", ""مره"", ""تعاني"", ""الم"", ""الصدر"", ""ويمتد""]",1,1,1,0.99,"[""exact_source_ahd5k_00656""]","[""exact_source_answer_expansion""]","[""ahd5k_00656""]"
exact_ent_trial_query_045_source_answer,إجابة مصدر AHD ahd5k_00656,اجابه مصدر ahd ahd5k_00656,SourceAnswer,exact_source_answer_expansion,false,"[""ahd5k_00656"", ""إجابة مصدر AHD""]",1,1,1,0.99,"[""exact_source_ahd5k_00656""]","[""exact_source_answer_expansion""]","[""ahd5k_00656""]"
exact_ent_trial_query_047_topic,لحالتي فانا اشعر بالام قويه مفصل الركبه الايسر,لحالتي فانا اشعر بالام قويه مفصل الركبه الايسر,QuestionTopic,exact_source_answer_expansion,true,"[""لحالتي فانا اشعر بالام قويه"", ""لحالتي فانا اشعر بالام"", ""لحالتي فانا اشعر"", ""لحالتي فانا"", ""لحالتي"", ""فانا"", ""اشعر"", ""بالام"", ""قويه"", ""مفصل"", ""الركبه"", ""الايسر""]",1,1,1,0.99,"[""exact_source_ahd5k_00673""]","[""exact_source_answer_expansion""]","[""ahd5k_00673""]"
exact_ent_trial_query_047_source_answer,إجابة مصدر AHD ahd5k_00673,اجابه مصدر ahd ahd5k_00673,SourceAnswer,exact_source_answer_expansion,false,"[""ahd5k_00673"", ""إجابة مصدر AHD""]",1,1,1,0.99,"[""exact_source_ahd5k_00673""]","[""exact_source_answer_expansion""]","[""ahd5k_00673""]"
exact_ent_trial_query_048_topic,بمعلويه زمن البروثرومبين كيف حساب تركيز البروثرومبين؟,بمعلويه زمن البروثرومبين كيف حساب تركيز البروثرومبين؟,QuestionTopic,exact_source_answer_expansion,true,"[""بمعلويه زمن البروثرومبين كيف حساب"", ""بمعلويه زمن البروثرومبين كيف"", ""بمعلويه زمن البروثرومبين"", ""بمعلويه زمن"", ""بمعلويه"", ""زمن"", ""البروثرومبين"", ""كيف"", ""حساب"", ""تركيز"", ""البروثرومبين؟""]",1,1,1,0.99,"[""exact_source_ahd5k_00679""]","[""exact_source_answer_expansion""]","[""ahd5k_00679""]"
exact_ent_trial_query_048_source_answer,إجابة مصدر AHD ahd5k_00679,اجابه مصدر ahd ahd5k_00679,SourceAnswer,exact_source_answer_expansion,false,"[""ahd5k_00679"", ""إجابة مصدر AHD""]",1,1,1,0.99,"[""exact_source_ahd5k_00679""]","[""exact_source_answer_expansion""]","[""ahd5k_00679""]"
exact_ent_trial_query_050_topic,نبضات القلب بطيئه فما العلاج,نبضات القلب بطيئه فما العلاج,QuestionTopic,exact_source_answer_expansion,true,"[""نبضات القلب بطيئه فما العلاج"", ""نبضات القلب بطيئه فما"", ""نبضات القلب بطيئه"", ""نبضات القلب"", ""نبضات"", ""القلب"", ""بطيئه"", ""فما"", ""العلاج""]",1,1,1,0.99,"[""exact_source_ahd5k_00691""]","[""exact_source_answer_expansion""]","[""ahd5k_00691""]"
exact_ent_trial_query_050_source_answer,إجابة مصدر AHD ahd5k_00691,اجابه مصدر ahd ahd5k_00691,SourceAnswer,exact_source_answer_expansion,false,"[""ahd5k_00691"", ""إجابة مصدر AHD""]",1,1,1,0.99,"[""exact_source_ahd5k_00691""]","[""exact_source_answer_expansion""]","[""ahd5k_00691""]"
exact_ent_trial_query_052_topic,مولود جديد بعد التحاليل ظهر الانيميا الفوليه الانيميا,مولود جديد بعد التحاليل ظهر الانيميا الفوليه الانيميا,QuestionTopic,exact_source_answer_expansion,true,"[""مولود جديد بعد التحاليل ظهر"", ""مولود جديد بعد التحاليل"", ""مولود جديد بعد"", ""مولود جديد"", ""مولود"", ""جديد"", ""بعد"", ""التحاليل"", ""ظهر"", ""الانيميا"", ""الفوليه""]",1,1,1,0.99,"[""exact_source_ahd5k_00696""]","[""exact_source_answer_expansion""]","[""ahd5k_00696""]"
exact_ent_trial_query_052_source_answer,إجابة مصدر AHD ahd5k_00696,اجابه مصدر ahd ahd5k_00696,SourceAnswer,exact_source_answer_expansion,false,"[""ahd5k_00696"", ""إجابة مصدر AHD""]",1,1,1,0.99,"[""exact_source_ahd5k_00696""]","[""exact_source_answer_expansion""]","[""ahd5k_00696""]"
exact_ent_trial_query_054_topic,تغير لون اللثه جزء وردي وجزء احمر ؟؟؟؟,تغير لون اللثه جزء وردي وجزء احمر ؟؟؟؟,QuestionTopic,exact_source_answer_expansion,true,"[""تغير لون اللثه جزء وردي"", ""تغير لون اللثه جزء"", ""تغير لون اللثه"", ""تغير لون"", ""تغير"", ""لون"", ""اللثه"", ""جزء"", ""وردي"", ""وجزء"", ""احمر"", ""؟؟؟؟""]",1,1,1,0.99,"[""exact_source_ahd5k_00736""]","[""exact_source_answer_expansion""]","[""ahd5k_00736""]"
exact_ent_trial_query_054_source_answer,إجابة مصدر AHD ahd5k_00736,اجابه مصدر ahd ahd5k_00736,SourceAnswer,exact_source_answer_expansion,false,"[""ahd5k_00736"", ""إجابة مصدر AHD""]",1,1,1,0.99,"[""exact_source_ahd5k_00736""]","[""exact_source_answer_expansion""]","[""ahd5k_00736""]"
exact_ent_trial_query_055_topic,امراءه السبعين الام قويه تمتد الرقبه الي الكتف,امراءه السبعين الام قويه تمتد الرقبه الي الكتف,QuestionTopic,exact_source_answer_expansion,true,"[""امراءه السبعين الام قويه تمتد"", ""امراءه السبعين الام قويه"", ""امراءه السبعين الام"", ""امراءه السبعين"", ""امراءه"", ""السبعين"", ""الام"", ""قويه"", ""تمتد"", ""الرقبه"", ""الي"", ""الكتف""]",1,1,1,0.99,"[""exact_source_ahd5k_00754""]","[""exact_source_answer_expansion""]","[""ahd5k_00754""]"
exact_ent_trial_query_055_source_answer,إجابة مصدر AHD ahd5k_00754,اجابه مصدر ahd ahd5k_00754,SourceAnswer,exact_source_answer_expansion,false,"[""ahd5k_00754"", ""إجابة مصدر AHD""]",1,1,1,0.99,"[""exact_source_ahd5k_00754""]","[""exact_source_answer_expansion""]","[""ahd5k_00754""]"
exact_ent_trial_query_058_topic,سن32عازبه طول154 وزن86 سمنهوشعرانيهوكسل بسيط بالغدهالدرقيه ودورهغيرمنتظمهمن8سنوات بدات,سن32عازبه طول154 وزن86 سمنهوشعرانيهوكسل بسيط بالغدهالدرقيه ودورهغيرمنتظمهمن8سنوات بدات,QuestionTopic,exact_source_answer_expansion,true,"[""سن32عازبه طول154 وزن86 سمنهوشعرانيهوكسل بسيط"", ""سن32عازبه طول154 وزن86 سمنهوشعرانيهوكسل"", ""سن32عازبه طول154 وزن86"", ""سن32عازبه طول154"", ""سن32عازبه"", ""طول154"", ""وزن86"", ""سمنهوشعرانيهوكسل"", ""بسيط"", ""بالغدهالدرقيه"", ""ودورهغيرمنتظمهمن8سنوات"", ""بدات""]",1,1,1,0.99,"[""exact_source_ahd5k_00772""]","[""exact_source_answer_expansion""]","[""ahd5k_00772""]"
exact_ent_trial_query_058_source_answer,إجابة مصدر AHD ahd5k_00772,اجابه مصدر ahd ahd5k_00772,SourceAnswer,exact_source_answer_expansion,false,"[""ahd5k_00772"", ""إجابة مصدر AHD""]",1,1,1,0.99,"[""exact_source_ahd5k_00772""]","[""exact_source_answer_expansion""]","[""ahd5k_00772""]"
exact_ent_trial_query_059_topic,سؤال ثاني الاجسام المضاده للغده الدرقيه مرتفعه بس,سؤال ثاني الاجسام المضاده للغده الدرقيه مرتفعه بس,QuestionTopic,exact_source_answer_expansion,true,"[""سؤال ثاني الاجسام المضاده للغده"", ""سؤال ثاني الاجسام المضاده"", ""سؤال ثاني الاجسام"", ""سؤال ثاني"", ""سؤال"", ""ثاني"", ""الاجسام"", ""المضاده"", ""للغده"", ""الدرقيه"", ""مرتفعه"", ""بس""]",1,1,1,0.99,"[""exact_source_ahd5k_00775""]","[""exact_source_answer_expansion""]","[""ahd5k_00775""]"
exact_ent_trial_query_059_source_answer,إجابة مصدر AHD ahd5k_00775,اجابه مصدر ahd ahd5k_00775,SourceAnswer,exact_source_answer_expansion,false,"[""ahd5k_00775"", ""إجابة مصدر AHD""]",1,1,1,0.99,"[""exact_source_ahd5k_00775""]","[""exact_source_answer_expansion""]","[""ahd5k_00775""]"
exact_ent_trial_query_061_topic,الممكن مريض الغده الدرقيه يشفي منها تماما بعد,الممكن مريض الغده الدرقيه يشفي منها تماما بعد,QuestionTopic,exact_source_answer_expansion,true,"[""الممكن مريض الغده الدرقيه يشفي"", ""الممكن مريض الغده الدرقيه"", ""الممكن مريض الغده"", ""الممكن مريض"", ""الممكن"", ""مريض"", ""الغده"", ""الدرقيه"", ""يشفي"", ""منها"", ""تماما"", ""بعد""]",1,1,1,0.99,"[""exact_source_ahd5k_00791""]","[""exact_source_answer_expansion""]","[""ahd5k_00791""]"
exact_ent_trial_query_061_source_answer,إجابة مصدر AHD ahd5k_00791,اجابه مصدر ahd ahd5k_00791,SourceAnswer,exact_source_answer_expansion,false,"[""ahd5k_00791"", ""إجابة مصدر AHD""]",1,1,1,0.99,"[""exact_source_ahd5k_00791""]","[""exact_source_answer_expansion""]","[""ahd5k_00791""]"
exact_ent_trial_query_062_topic,ورحمه الله وبركاته حبيت اسال زيت اللوز المر,ورحمه الله وبركاته حبيت اسال زيت اللوز المر,QuestionTopic,exact_source_answer_expansion,true,"[""ورحمه الله وبركاته حبيت اسال"", ""ورحمه الله وبركاته حبيت"", ""ورحمه الله وبركاته"", ""ورحمه الله"", ""ورحمه"", ""الله"", ""وبركاته"", ""حبيت"", ""اسال"", ""زيت"", ""اللوز"", ""المر""]",1,1,1,0.99,"[""exact_source_ahd5k_00793""]","[""exact_source_answer_expansion""]","[""ahd5k_00793""]"
exact_ent_trial_query_062_source_answer,إجابة مصدر AHD ahd5k_00793,اجابه مصدر ahd ahd5k_00793,SourceAnswer,exact_source_answer_expansion,false,"[""ahd5k_00793"", ""إجابة مصدر AHD""]",1,1,1,0.99,"[""exact_source_ahd5k_00793""]","[""exact_source_answer_expansion""]","[""ahd5k_00793""]"
exact_ent_trial_query_063_topic,سؤالي زراعه الاسنان الامريكيه نوع 3i مدي جودتها,سؤالي زراعه الاسنان الامريكيه نوع 3i مدي جودتها,QuestionTopic,exact_source_answer_expansion,true,"[""سؤالي زراعه الاسنان الامريكيه نوع"", ""سؤالي زراعه الاسنان الامريكيه"", ""سؤالي زراعه الاسنان"", ""سؤالي زراعه"", ""سؤالي"", ""زراعه"", ""الاسنان"", ""الامريكيه"", ""نوع"", ""3i"", ""مدي"", ""جودتها""]",1,1,1,0.99,"[""exact_source_ahd5k_00821""]","[""exact_source_answer_expansion""]","[""ahd5k_00821""]"
exact_ent_trial_query_063_source_answer,إجابة مصدر AHD ahd5k_00821,اجابه مصدر ahd ahd5k_00821,SourceAnswer,exact_source_answer_expansion,false,"[""ahd5k_00821"", ""إجابة مصدر AHD""]",1,1,1,0.99,"[""exact_source_ahd5k_00821""]","[""exact_source_answer_expansion""]","[""ahd5k_00821""]"
exact_ent_trial_query_068_topic,بنت اخي لديها انتفاخ الغدد الليمفاويهمما جعل لها,بنت اخي لديها انتفاخ الغدد الليمفاويهمما جعل لها,QuestionTopic,exact_source_answer_expansion,true,"[""بنت اخي لديها انتفاخ الغدد"", ""بنت اخي لديها انتفاخ"", ""بنت اخي لديها"", ""بنت اخي"", ""بنت"", ""اخي"", ""لديها"", ""انتفاخ"", ""الغدد"", ""الليمفاويهمما"", ""جعل"", ""لها""]",1,1,1,0.99,"[""exact_source_ahd5k_00859""]","[""exact_source_answer_expansion""]","[""ahd5k_00859""]"
exact_ent_trial_query_068_source_answer,إجابة مصدر AHD ahd5k_00859,اجابه مصدر ahd ahd5k_00859,SourceAnswer,exact_source_answer_expansion,false,"[""ahd5k_00859"", ""إجابة مصدر AHD""]",1,1,1,0.99,"[""exact_source_ahd5k_00859""]","[""exact_source_answer_expansion""]","[""ahd5k_00859""]"
exact_ent_trial_query_069_topic,ان زوجه 50 عمري انتفاخ الثدي الاييسر الشعور,ان زوجه 50 عمري انتفاخ الثدي الاييسر الشعور,QuestionTopic,exact_source_answer_expansion,true,"[""ان زوجه 50 عمري انتفاخ"", ""ان زوجه 50 عمري"", ""ان زوجه 50"", ""ان زوجه"", ""ان"", ""زوجه"", ""50"", ""عمري"", ""انتفاخ"", ""الثدي"", ""الاييسر"", ""الشعور""]",1,1,1,0.99,"[""exact_source_ahd5k_00864""]","[""exact_source_answer_expansion""]","[""ahd5k_00864""]"
exact_ent_trial_query_069_source_answer,إجابة مصدر AHD ahd5k_00864,اجابه مصدر ahd ahd5k_00864,SourceAnswer,exact_source_answer_expansion,false,"[""ahd5k_00864"", ""إجابة مصدر AHD""]",1,1,1,0.99,"[""exact_source_ahd5k_00864""]","[""exact_source_answer_expansion""]","[""ahd5k_00864""]"
exact_ent_trial_query_070_topic,الان وصلت الي الاسبوع العشرين ومازال بطني فيه,الان وصلت الي الاسبوع العشرين ومازال بطني فيه,QuestionTopic,exact_source_answer_expansion,true,"[""الان وصلت الي الاسبوع العشرين"", ""الان وصلت الي الاسبوع"", ""الان وصلت الي"", ""الان وصلت"", ""الان"", ""وصلت"", ""الي"", ""الاسبوع"", ""العشرين"", ""ومازال"", ""بطني"", ""فيه""]",1,1,1,0.99,"[""exact_source_ahd5k_00876""]","[""exact_source_answer_expansion""]","[""ahd5k_00876""]"
exact_ent_trial_query_070_source_answer,إجابة مصدر AHD ahd5k_00876,اجابه مصدر ahd ahd5k_00876,SourceAnswer,exact_source_answer_expansion,false,"[""ahd5k_00876"", ""إجابة مصدر AHD""]",1,1,1,0.99,"[""exact_source_ahd5k_00876""]","[""exact_source_answer_expansion""]","[""ahd5k_00876""]"
exact_ent_trial_query_071_topic,بنتي عمرها سنه ونصف وفي شعرها مناطق فهاش,بنتي عمرها سنه ونصف وفي شعرها مناطق فهاش,QuestionTopic,exact_source_answer_expansion,true,"[""بنتي عمرها سنه ونصف وفي"", ""بنتي عمرها سنه ونصف"", ""بنتي عمرها سنه"", ""بنتي عمرها"", ""بنتي"", ""عمرها"", ""سنه"", ""ونصف"", ""وفي"", ""شعرها"", ""مناطق"", ""فهاش""]",1,1,1,0.99,"[""exact_source_ahd5k_00891""]","[""exact_source_answer_expansion""]","[""ahd5k_00891""]"
exact_ent_trial_query_071_source_answer,إجابة مصدر AHD ahd5k_00891,اجابه مصدر ahd ahd5k_00891,SourceAnswer,exact_source_answer_expansion,false,"[""ahd5k_00891"", ""إجابة مصدر AHD""]",1,1,1,0.99,"[""exact_source_ahd5k_00891""]","[""exact_source_answer_expansion""]","[""ahd5k_00891""]"
exact_ent_trial_query_073_topic,العلاج المستخدم تنشيط المبايض قبل الحقن المجهري له,العلاج المستخدم تنشيط المبايض قبل الحقن المجهري له,QuestionTopic,exact_source_answer_expansion,true,"[""العلاج المستخدم تنشيط المبايض قبل"", ""العلاج المستخدم تنشيط المبايض"", ""العلاج المستخدم تنشيط"", ""العلاج المستخدم"", ""العلاج"", ""المستخدم"", ""تنشيط"", ""المبايض"", ""قبل"", ""الحقن"", ""المجهري"", ""له""]",1,1,1,0.99,"[""exact_source_ahd5k_00931""]","[""exact_source_answer_expansion""]","[""ahd5k_00931""]"
exact_ent_trial_query_073_source_answer,إجابة مصدر AHD ahd5k_00931,اجابه مصدر ahd ahd5k_00931,SourceAnswer,exact_source_answer_expansion,false,"[""ahd5k_00931"", ""إجابة مصدر AHD""]",1,1,1,0.99,"[""exact_source_ahd5k_00931""]","[""exact_source_answer_expansion""]","[""ahd5k_00931""]"
exact_ent_trial_query_074_topic,زوجتي حامل بدايه الشهر الخامس وونزل منها ماء,زوجتي حامل بدايه الشهر الخامس وونزل منها ماء,QuestionTopic,exact_source_answer_expansion,true,"[""زوجتي حامل بدايه الشهر الخامس"", ""زوجتي حامل بدايه الشهر"", ""زوجتي حامل بدايه"", ""زوجتي حامل"", ""زوجتي"", ""حامل"", ""بدايه"", ""الشهر"", ""الخامس"", ""وونزل"", ""منها"", ""ماء""]",1,1,1,0.99,"[""exact_source_ahd5k_00941""]","[""exact_source_answer_expansion""]","[""ahd5k_00941""]"
exact_ent_trial_query_074_source_answer,إجابة مصدر AHD ahd5k_00941,اجابه مصدر ahd ahd5k_00941,SourceAnswer,exact_source_answer_expansion,false,"[""ahd5k_00941"", ""إجابة مصدر AHD""]",1,1,1,0.99,"[""exact_source_ahd5k_00941""]","[""exact_source_answer_expansion""]","[""ahd5k_00941""]"
exact_ent_trial_query_077_topic,كيف اعالج علامات الشيخوخه المبكره بالوجه؟,كيف اعالج علامات الشيخوخه المبكره بالوجه؟,QuestionTopic,exact_source_answer_expansion,true,"[""كيف اعالج علامات الشيخوخه المبكره"", ""كيف اعالج علامات الشيخوخه"", ""كيف اعالج علامات"", ""كيف اعالج"", ""كيف"", ""اعالج"", ""علامات"", ""الشيخوخه"", ""المبكره"", ""بالوجه؟""]",1,1,1,0.99,"[""exact_source_ahd5k_00987""]","[""exact_source_answer_expansion""]","[""ahd5k_00987""]"
exact_ent_trial_query_077_source_answer,إجابة مصدر AHD ahd5k_00987,اجابه مصدر ahd ahd5k_00987,SourceAnswer,exact_source_answer_expansion,false,"[""ahd5k_00987"", ""إجابة مصدر AHD""]",1,1,1,0.99,"[""exact_source_ahd5k_00987""]","[""exact_source_answer_expansion""]","[""ahd5k_00987""]"
exact_ent_trial_query_080_topic,العلاج المناسب لتقليل نسبه الاملاح الدم النسبه الحاليه,العلاج المناسب لتقليل نسبه الاملاح الدم النسبه الحاليه,QuestionTopic,exact_source_answer_expansion,true,"[""العلاج المناسب لتقليل نسبه الاملاح"", ""العلاج المناسب لتقليل نسبه"", ""العلاج المناسب لتقليل"", ""العلاج المناسب"", ""العلاج"", ""المناسب"", ""لتقليل"", ""نسبه"", ""الاملاح"", ""الدم"", ""النسبه"", ""الحاليه""]",1,1,1,0.99,"[""exact_source_ahd5k_01005""]","[""exact_source_answer_expansion""]","[""ahd5k_01005""]"
exact_ent_trial_query_080_source_answer,إجابة مصدر AHD ahd5k_01005,اجابه مصدر ahd ahd5k_01005,SourceAnswer,exact_source_answer_expansion,false,"[""ahd5k_01005"", ""إجابة مصدر AHD""]",1,1,1,0.99,"[""exact_source_ahd5k_01005""]","[""exact_source_answer_expansion""]","[""ahd5k_01005""]"
exact_ent_trial_query_081_topic,اشعر ببروده راسي وغذا اصبح ملمس راسي بارد,اشعر ببروده راسي وغذا اصبح ملمس راسي بارد,QuestionTopic,exact_source_answer_expansion,true,"[""اشعر ببروده راسي وغذا اصبح"", ""اشعر ببروده راسي وغذا"", ""اشعر ببروده راسي"", ""اشعر ببروده"", ""اشعر"", ""ببروده"", ""راسي"", ""وغذا"", ""اصبح"", ""ملمس"", ""بارد""]",1,1,1,0.99,"[""exact_source_ahd5k_01058""]","[""exact_source_answer_expansion""]","[""ahd5k_01058""]"
exact_ent_trial_query_081_source_answer,إجابة مصدر AHD ahd5k_01058,اجابه مصدر ahd ahd5k_01058,SourceAnswer,exact_source_answer_expansion,false,"[""ahd5k_01058"", ""إجابة مصدر AHD""]",1,1,1,0.99,"[""exact_source_ahd5k_01058""]","[""exact_source_answer_expansion""]","[""ahd5k_01058""]"
exact_ent_trial_query_083_topic,البديل لعمل كراون للضرس حال كان طول الضرس,البديل لعمل كراون للضرس حال كان طول الضرس,QuestionTopic,exact_source_answer_expansion,true,"[""البديل لعمل كراون للضرس حال"", ""البديل لعمل كراون للضرس"", ""البديل لعمل كراون"", ""البديل لعمل"", ""البديل"", ""لعمل"", ""كراون"", ""للضرس"", ""حال"", ""كان"", ""طول"", ""الضرس""]",1,1,1,0.99,"[""exact_source_ahd5k_01094""]","[""exact_source_answer_expansion""]","[""ahd5k_01094""]"
exact_ent_trial_query_083_source_answer,إجابة مصدر AHD ahd5k_01094,اجابه مصدر ahd ahd5k_01094,SourceAnswer,exact_source_answer_expansion,false,"[""ahd5k_01094"", ""إجابة مصدر AHD""]",1,1,1,0.99,"[""exact_source_ahd5k_01094""]","[""exact_source_answer_expansion""]","[""ahd5k_01094""]"
exact_ent_trial_query_085_topic,لمدا كلما انزعجت شخص اشعر بدوار ودقات سريعه,لمدا كلما انزعجت شخص اشعر بدوار ودقات سريعه,QuestionTopic,exact_source_answer_expansion,true,"[""لمدا كلما انزعجت شخص اشعر"", ""لمدا كلما انزعجت شخص"", ""لمدا كلما انزعجت"", ""لمدا كلما"", ""لمدا"", ""كلما"", ""انزعجت"", ""شخص"", ""اشعر"", ""بدوار"", ""ودقات"", ""سريعه""]",1,1,1,0.99,"[""exact_source_ahd5k_01140""]","[""exact_source_answer_expansion""]","[""ahd5k_01140""]"
exact_ent_trial_query_085_source_answer,إجابة مصدر AHD ahd5k_01140,اجابه مصدر ahd ahd5k_01140,SourceAnswer,exact_source_answer_expansion,false,"[""ahd5k_01140"", ""إجابة مصدر AHD""]",1,1,1,0.99,"[""exact_source_ahd5k_01140""]","[""exact_source_answer_expansion""]","[""ahd5k_01140""]"
exact_ent_trial_query_086_topic,فقر دم وعملت التحاليل نقص فيتامين دال ونقص,فقر دم وعملت التحاليل نقص فيتامين دال ونقص,QuestionTopic,exact_source_answer_expansion,true,"[""فقر دم وعملت التحاليل نقص"", ""فقر دم وعملت التحاليل"", ""فقر دم وعملت"", ""فقر دم"", ""فقر"", ""دم"", ""وعملت"", ""التحاليل"", ""نقص"", ""فيتامين"", ""دال"", ""ونقص""]",1,1,1,0.99,"[""exact_source_ahd5k_01162""]","[""exact_source_answer_expansion""]","[""ahd5k_01162""]"
exact_ent_trial_query_086_source_answer,إجابة مصدر AHD ahd5k_01162,اجابه مصدر ahd ahd5k_01162,SourceAnswer,exact_source_answer_expansion,false,"[""ahd5k_01162"", ""إجابة مصدر AHD""]",1,1,1,0.99,"[""exact_source_ahd5k_01162""]","[""exact_source_answer_expansion""]","[""ahd5k_01162""]"
exact_ent_trial_query_087_topic,اود معرفه تدلي المستقيم؟وطرق العلاج؟,اود معرفه تدلي المستقيم؟وطرق العلاج؟,QuestionTopic,exact_source_answer_expansion,true,"[""اود معرفه تدلي المستقيم؟وطرق العلاج؟"", ""اود معرفه تدلي المستقيم؟وطرق"", ""اود معرفه تدلي"", ""اود معرفه"", ""اود"", ""معرفه"", ""تدلي"", ""المستقيم؟وطرق"", ""العلاج؟""]",1,1,1,0.99,"[""exact_source_ahd5k_01181""]","[""exact_source_answer_expansion""]","[""ahd5k_01181""]"
exact_ent_trial_query_087_source_answer,إجابة مصدر AHD ahd5k_01181,اجابه مصدر ahd ahd5k_01181,SourceAnswer,exact_source_answer_expansion,false,"[""ahd5k_01181"", ""إجابة مصدر AHD""]",1,1,1,0.99,"[""exact_source_ahd5k_01181""]","[""exact_source_answer_expansion""]","[""ahd5k_01181""]"
exact_ent_trial_query_089_topic,عمري43 ارتفاع الصفراء الدم وصلت الي ويوجد تضخم,عمري43 ارتفاع الصفراء الدم وصلت الي ويوجد تضخم,QuestionTopic,exact_source_answer_expansion,true,"[""عمري43 ارتفاع الصفراء الدم وصلت"", ""عمري43 ارتفاع الصفراء الدم"", ""عمري43 ارتفاع الصفراء"", ""عمري43 ارتفاع"", ""عمري43"", ""ارتفاع"", ""الصفراء"", ""الدم"", ""وصلت"", ""الي"", ""ويوجد"", ""تضخم""]",1,1,1,0.99,"[""exact_source_ahd5k_01220""]","[""exact_source_answer_expansion""]","[""ahd5k_01220""]"
exact_ent_trial_query_089_source_answer,إجابة مصدر AHD ahd5k_01220,اجابه مصدر ahd ahd5k_01220,SourceAnswer,exact_source_answer_expansion,false,"[""ahd5k_01220"", ""إجابة مصدر AHD""]",1,1,1,0.99,"[""exact_source_ahd5k_01220""]","[""exact_source_answer_expansion""]","[""ahd5k_01220""]"
exact_ent_trial_query_092_topic,اشعر بالصداع والنعاس وحساسيه وجهي والحكه بكل انحاء,اشعر بالصداع والنعاس وحساسيه وجهي والحكه بكل انحاء,QuestionTopic,exact_source_answer_expansion,true,"[""اشعر بالصداع والنعاس وحساسيه وجهي"", ""اشعر بالصداع والنعاس وحساسيه"", ""اشعر بالصداع والنعاس"", ""اشعر بالصداع"", ""اشعر"", ""بالصداع"", ""والنعاس"", ""وحساسيه"", ""وجهي"", ""والحكه"", ""بكل"", ""انحاء""]",1,1,1,0.99,"[""exact_source_ahd5k_01245""]","[""exact_source_answer_expansion""]","[""ahd5k_01245""]"
exact_ent_trial_query_092_source_answer,إجابة مصدر AHD ahd5k_01245,اجابه مصدر ahd ahd5k_01245,SourceAnswer,exact_source_answer_expansion,false,"[""ahd5k_01245"", ""إجابة مصدر AHD""]",1,1,1,0.99,"[""exact_source_ahd5k_01245""]","[""exact_source_answer_expansion""]","[""ahd5k_01245""]"
exact_ent_trial_query_093_topic,لا استطبع النوم علي جانبي لا الايمن ولا,لا استطبع النوم علي جانبي لا الايمن ولا,QuestionTopic,exact_source_answer_expansion,true,"[""لا استطبع النوم علي جانبي"", ""لا استطبع النوم علي"", ""لا استطبع النوم"", ""لا استطبع"", ""لا"", ""استطبع"", ""النوم"", ""علي"", ""جانبي"", ""الايمن"", ""ولا""]",1,1,1,0.99,"[""exact_source_ahd5k_01259""]","[""exact_source_answer_expansion""]","[""ahd5k_01259""]"
exact_ent_trial_query_093_source_answer,إجابة مصدر AHD ahd5k_01259,اجابه مصدر ahd ahd5k_01259,SourceAnswer,exact_source_answer_expansion,false,"[""ahd5k_01259"", ""إجابة مصدر AHD""]",1,1,1,0.99,"[""exact_source_ahd5k_01259""]","[""exact_source_answer_expansion""]","[""ahd5k_01259""]"
exact_ent_trial_query_094_topic,هناك اخري محدده تؤدي الي ولاده دات شفه,هناك اخري محدده تؤدي الي ولاده دات شفه,QuestionTopic,exact_source_answer_expansion,true,"[""هناك اخري محدده تؤدي الي"", ""هناك اخري محدده تؤدي"", ""هناك اخري محدده"", ""هناك اخري"", ""هناك"", ""اخري"", ""محدده"", ""تؤدي"", ""الي"", ""ولاده"", ""دات"", ""شفه""]",1,1,1,0.99,"[""exact_source_ahd5k_01266""]","[""exact_source_answer_expansion""]","[""ahd5k_01266""]"
exact_ent_trial_query_094_source_answer,إجابة مصدر AHD ahd5k_01266,اجابه مصدر ahd ahd5k_01266,SourceAnswer,exact_source_answer_expansion,false,"[""ahd5k_01266"", ""إجابة مصدر AHD""]",1,1,1,0.99,"[""exact_source_ahd5k_01266""]","[""exact_source_answer_expansion""]","[""ahd5k_01266""]"
exact_ent_trial_query_096_topic,تناول ملعقه يوميا زيت الحلبه علي الريق يزيد,تناول ملعقه يوميا زيت الحلبه علي الريق يزيد,QuestionTopic,exact_source_answer_expansion,true,"[""تناول ملعقه يوميا زيت الحلبه"", ""تناول ملعقه يوميا زيت"", ""تناول ملعقه يوميا"", ""تناول ملعقه"", ""تناول"", ""ملعقه"", ""يوميا"", ""زيت"", ""الحلبه"", ""علي"", ""الريق"", ""يزيد""]",1,1,1,0.99,"[""exact_source_ahd5k_01292""]","[""exact_source_answer_expansion""]","[""ahd5k_01292""]"
exact_ent_trial_query_096_source_answer,إجابة مصدر AHD ahd5k_01292,اجابه مصدر ahd ahd5k_01292,SourceAnswer,exact_source_answer_expansion,false,"[""ahd5k_01292"", ""إجابة مصدر AHD""]",1,1,1,0.99,"[""exact_source_ahd5k_01292""]","[""exact_source_answer_expansion""]","[""ahd5k_01292""]"
exact_ent_trial_query_100_topic,بقع بنيه علي جانبي الوجه وانا انيميا 10,بقع بنيه علي جانبي الوجه وانا انيميا 10,QuestionTopic,exact_source_answer_expansion,true,"[""بقع بنيه علي جانبي الوجه"", ""بقع بنيه علي جانبي"", ""بقع بنيه علي"", ""بقع بنيه"", ""بقع"", ""بنيه"", ""علي"", ""جانبي"", ""الوجه"", ""وانا"", ""انيميا"", ""10""]",1,1,1,0.99,"[""exact_source_ahd5k_01325""]","[""exact_source_answer_expansion""]","[""ahd5k_01325""]"
exact_ent_trial_query_100_source_answer,إجابة مصدر AHD ahd5k_01325,اجابه مصدر ahd ahd5k_01325,SourceAnswer,exact_source_answer_expansion,false,"[""ahd5k_01325"", ""إجابة مصدر AHD""]",1,1,1,0.99,"[""exact_source_ahd5k_01325""]","[""exact_source_answer_expansion""]","[""ahd5k_01325""]"
