query_id,query,final_answer_ar,explanation_ar,answerability_label,supporting_relations,sources_and_evidence,overall_reliability_score,reliability_score,reliability_label,relation_confidence,source_reliability,evidence_coverage,claim_support_rate,hallucination_rate,supporting_relation_count,unique_source_count,removed_claims,limitations_ar
trial_query_076,ما علاج البلغم (حساسية الصدر) رغم اخذى هلاج اكثر من مرة ولا فائدة ؟ هل امتنع عن طعام معين يزيد البلغم وانا غير مدخن واخذ علاج للضغط والكوليسترول عمرى 55...,تجنب المنتجات التي تحتوي على الجلوتين قد يساعد في تحسين الحساسية [E1 | ahd5k_00812] مضادات الهيستامين مثل تيليفاست قد تكون مفيدة في الحساسية [E4 | ahd5k_02470],تم دعم الإجابة بواسطة 2 علاقة طبية مسترجعة. اعتمدت الإجابة على 5 أدلة مصدرية من قاعدة AHD. درجة الثقة حُسبت من دعم الادعاءات، تغطية الأدلة، ثقة العلاقات، موثوقية المصادر، ومعدل الهلوسة. تم حذف الادعاءات غير المدعومة قبل إخراج الإجابة النهائية.,answerable,"[""حساسية --TREATED_BY--> تجنب المنتجات التي تحوي جلوتين"", ""حساسية --TREATED_BY--> تيليفاست""]","[{""evidence_id"": ""E1"", ""qa_id"": ""ahd5k_00812"", ""evidence_text"": ""للاسف اهم علاج تجنب المنتجات التي تحوي جلوتين"", ""relation"": ""حساسية --TREATED_BY--> تجنب المنتجات التي تحوي جلوتين""}, {""evidence_id"": ""E2"", ""qa_id"": ""ahd5k_01231"", ""evidence_text"": ""استخدمي مضاد هيسامين وكورتيزون موضعي"", ""relation"": ""حساسية --TREATED_BY--> مضاد الهيستامين""}, {""evidence_id"": ""E4"", ""qa_id"": ""ahd5k_02470"", ""evidence_text"": ""مضاد للهيستامين مثل تيليفاست"", ""relation"": ""حساسية --TREATED_BY--> تيليفاست""}, {""evidence_id"": ""E5"", ""qa_id"": ""ahd5k_00171"", ""evidence_text"": ""طرق تخفيض الكوليسترول بدون دواء تعتمد على الجهد والتمارين خاصة المشي والحمية وتجنب الدهون الحيوانية والمقليات."", ""relation"": ""ارتفاع الكوليسترول --MANAGED_BY--> تقليل الدهون والرياضة""}, {""evidence_id"": ""E6"", ""qa_id"": ""ahd5k_00020"", ""evidence_text"": ""اعطيها حليب مكسر بروتين الحليب بالكامل او حليب رز"", ""relation"": ""حساسية --TREATED_BY--> حليب مكسر بروتين الحليب""}]",0.8594,0.8594,high,0.7754,0.9542,0.3333,1.0,0.0,2,2,[],"[""عدم وجود أدلة مباشرة لعلاج البلغم المزمن رغم تناول هلاج"", ""العلاقات المتوفرة تركز على الحساسية العامة وليس البلغم المزمن""]"
trial_query_077,كيف اعالج علامات الشيخوخة المبكرة بالوجه؟,لا توجد أدلة كافية. يُنصح باستشارة طبيب مختص للحصول على تقييم دقيق.,لم يتم إصدار إجابة طبية لأن الأدلة المسترجعة لا تدعم ادعاءات كافية. الجملة الخاصة باستشارة الطبيب تُعامل كتنبيه سلامة ثابت وليست ادعاءً طبياً محسوباً ضمن الأدلة.,insufficient_evidence,[],"[{""evidence_id"": ""E1"", ""qa_id"": ""ahd5k_00255"", ""evidence_text"": ""عمل منظار قنوات مرارية الف سلامة"", ""relation"": ""تضيق القنوات الموجودة داخل الكبد --TREATED_BY--> منظار قنوات مرارية الف سلامة""}, {""evidence_id"": ""E3"", ""qa_id"": ""ahd5k_02039"", ""evidence_text"": ""لابد من رؤيتها من قبل طبيب وعمل تحاليل خاصه بالحساسيه"", ""relation"": ""حساسية --DIAGNOSED_BY--> تحاليل مخبرية""}, {""evidence_id"": ""E4"", ""qa_id"": ""ahd5k_01537"", ""evidence_text"": ""اشعة بالصبغة"", ""relation"": ""انتفاخ --INVESTIGATED_BY--> اشعة""}]",0.2,0.2,low,0.0,0.0,0.0,0.0,0.0,0,0,[],"[""عدم توفر علاقات أو أدلة مباشرة متعلقة بعلاج علامات الشيخوخة المبكرة""]"
trial_query_078,ماالعلاج الاسعافي لأنخفاض السكر مع فقدان الوعي,يُنصح بإعطاء المصاب عسلًا تحت لسانه في حالة انخفاض السكر مع فقدان الوعي [E3 | ahd5k_00992],تم دعم الإجابة بواسطة 1 علاقة طبية مسترجعة. اعتمدت الإجابة على 4 أدلة مصدرية من قاعدة AHD. درجة الثقة حُسبت من دعم الادعاءات، تغطية الأدلة، ثقة العلاقات، موثوقية المصادر، ومعدل الهلوسة. تم حذف الادعاءات غير المدعومة قبل إخراج الإجابة النهائية.,answerable,"[""فقدان الوعي --TREATED_BY--> عسل""]","[{""evidence_id"": ""E1"", ""qa_id"": ""ahd5k_04912"", ""evidence_text"": ""مع العلم أن المريض يعاني من مرض السكر"", ""relation"": ""مرض السكري --HAS_SYMPTOM--> ضغط الدم""}, {""evidence_id"": ""E2"", ""qa_id"": ""ahd5k_01294"", ""evidence_text"": ""مرض السكري وضغط الدمز"", ""relation"": ""مرض السكري --HAS_SYMPTOM--> ضغط الدم""}, {""evidence_id"": ""E3"", ""qa_id"": ""ahd5k_00992"", ""evidence_text"": ""يجب عليك اعطاء المصاب عسل تحت لسانه"", ""relation"": ""فقدان الوعي --TREATED_BY--> عسل""}, {""evidence_id"": ""E4"", ""qa_id"": ""ahd5k_01551"", ""evidence_text"": ""تحاليل مخبرية"", ""relation"": ""مرض السكري --DIAGNOSED_BY--> تحاليل مخبرية""}]",0.8394,0.8394,high,0.8271,0.9594,0.1429,1.0,0.0,1,1,[],"[""العسل موصى به بناءً على دليل متوسط التأكد، ولا توجد أدلة إضافية عن طرق أخرى للعلاج الإسعافي.""]"
trial_query_079,هل الاشعة المقطعيه بالصبغه للقلب تسبب انتفاخ اسفل الوجه او انتفاخ الغده هل هو طبيعي,لا توجد أدلة كافية. يُنصح باستشارة طبيب مختص للحصول على تقييم دقيق.,لم يتم إصدار إجابة طبية لأن الأدلة المسترجعة لا تدعم ادعاءات كافية. الجملة الخاصة باستشارة الطبيب تُعامل كتنبيه سلامة ثابت وليست ادعاءً طبياً محسوباً ضمن الأدلة.,insufficient_evidence,"[""انتفاخ --INVESTIGATED_BY--> اشعة"", ""اشعة --INVESTIGATES--> انتفاخ""]","[{""evidence_id"": ""E1"", ""qa_id"": ""ahd5k_01537"", ""evidence_text"": ""اشعة بالصبغة"", ""relation"": ""انتفاخ --INVESTIGATED_BY--> اشعة""}, {""evidence_id"": ""E2"", ""qa_id"": ""ahd5k_00035"", ""evidence_text"": ""مستوى الهرمون في الدم"", ""relation"": ""مرض الغدة الدرقية --DIAGNOSED_BY--> الهرمون""}, {""evidence_id"": ""E4"", ""qa_id"": ""ahd5k_04844"", ""evidence_text"": ""أشعة"", ""relation"": ""أشعة --DIAGNOSES--> تسوس الأسنان""}, {""evidence_id"": ""E6"", ""qa_id"": ""ahd5k_00114"", ""evidence_text"": ""اجراء صورة اشعة عادية للحوض"", ""relation"": ""التهاب --DIAGNOSED_BY--> اشعة""}]",0.2,0.2,low,0.0,0.0,0.0,0.0,0.0,0,0,"[""الأشعة المقطعية بالصبغة تُستخدم لفحص الأعراض مثل الانتفاخ، لكن تفسير النتائج يتطلب تحليل تقرير الأشعة""]","[""عدم وجود أدلة مباشرة عن علاقة الأشعة بالصبغة بالانتفاخ في الغدة الدرقية أو الوجه"", ""الاعتماد على استفسار عام عن نتائج الأشعة دون تحليل مفصل""]"
trial_query_080,السلام عليكم..ماهو العلاج المناسب لتقليل نسبة الاملاح في الدم النسبة الحالية عندي هي (7.9) عمري 44 سنة /ذكر؟,يجب إجراء الفحص السريري والتحاليل المخبرية لتحديد السبب الجذري قبل تحديد العلاج [E1 | ahd5k_04490],تم دعم الإجابة بواسطة 1 علاقة طبية مسترجعة. اعتمدت الإجابة على 4 أدلة مصدرية من قاعدة AHD. درجة الثقة حُسبت من دعم الادعاءات، تغطية الأدلة، ثقة العلاقات، موثوقية المصادر، ومعدل الهلوسة. تم حذف الادعاءات غير المدعومة قبل إخراج الإجابة النهائية.,answerable,"[""حساسية الصدر --HAS_SYMPTOM--> سعال""]","[{""evidence_id"": ""E1"", ""qa_id"": ""ahd5k_04490"", ""evidence_text"": ""حساسية الصدر and سعال co-occur with explicit symptom-pathology link"", ""relation"": ""حساسية الصدر --HAS_SYMPTOM--> سعال""}, {""evidence_id"": ""E2"", ""qa_id"": ""ahd5k_00666"", ""evidence_text"": ""التهاب في المثانة أو الإحليل يسبب خروج الدم"", ""relation"": ""التهاب --HAS_SYMPTOM--> الدم""}, {""evidence_id"": ""E5"", ""qa_id"": ""ahd5k_00666"", ""evidence_text"": ""تصوير الجهاز البولي لتحديد سبب التهاب المثانة"", ""relation"": ""التهاب --DIAGNOSED_BY--> تصوير الجهاز البولي""}, {""evidence_id"": ""E6"", ""qa_id"": ""ahd5k_00666"", ""evidence_text"": ""تصوير الجهاز البولي لتحديد مكان خروج الدم"", ""relation"": ""الدم --INVESTIGATED_BY--> تصوير الجهاز البولي""}]",0.7355,0.7355,medium,0.5059,0.8973,0.1667,1.0,0.0,1,1,[],"[""البيانات المُسترجعة لا تشمل أدلة مباشرة عن ارتفاع نسبة الأملاح في الدم أو علاجه"", ""العلاقات الطبية المُسترجعة تركز على التهابات المسالك البولية وليس اضطرابات الإلكتروليت""]"
trial_query_081,السلام عليكم أنا أشعر ببرودة رأسي -وغذا اصبح ملمس رأسي بارد جاني صداع لايزول بالمسكنات- ذهبت لأفضل أخصائي أنف وأذن وحنجرة قال هذا المرض ماله علاج !! ماهي التحاليل الأزمة...,"الصداع قد يكون أحد أعراض التهاب السحايا أو التهاب الجيوب الأنفية أو الصداع التوتري [E1,E2,E3 | ahd5k_02662,ahd5k_02662,ahd5k_02662]",تم دعم الإجابة بواسطة 3 علاقة طبية مسترجعة. اعتمدت الإجابة على 3 أدلة مصدرية من قاعدة AHD. درجة الثقة حُسبت من دعم الادعاءات، تغطية الأدلة، ثقة العلاقات، موثوقية المصادر، ومعدل الهلوسة. تم حذف الادعاءات غير المدعومة قبل إخراج الإجابة النهائية.,answerable,"[""التهاب السحايا --HAS_SYMPTOM--> صداع"", ""صداع --SYMPTOM_OF--> التهاب السحايا"", ""التهاب الجيوب الأنفية --HAS_SYMPTOM--> صداع""]","[{""evidence_id"": ""E1"", ""qa_id"": ""ahd5k_02662"", ""evidence_text"": ""صداع"", ""relation"": ""التهاب السحايا --HAS_SYMPTOM--> صداع""}, {""evidence_id"": ""E5"", ""qa_id"": ""ahd5k_00780"", ""evidence_text"": ""الصداع التوتري قد يظهر كصداع يختلف حدته"", ""relation"": ""صداع --SYMPTOM_OF--> الصداع التوتري""}, {""evidence_id"": ""E6"", ""qa_id"": ""ahd5k_04356"", ""evidence_text"": ""ضرس العقل"", ""relation"": ""ضرس العقل --HAS_SYMPTOM--> صداع""}]",0.8772,0.8772,high,0.7318,0.9498,0.5,1.0,0.0,3,1,[],"[""البيانات المُسترجعة لا تتضمن تفاصيل محددة عن التحاليل المطلوبة لتأكيد التشخيص.""]"
trial_query_082,مامتي جدا تعبانه من القرحة من غير النزيف المستمر والان هي لا تتناول الاطعمة بسبب الغثيان ...ارجو مساعدتي ..وهي لا تريد المستشفی,"يمكن استخدام ايزومبرازول 40 مجم يومياً لمدة 3 شهور لعلاج القرحة بدون نزيف [E1,E3 | ahd5k_01066,ahd5k_01066] عدم تحسن الحالة خلال العلاج يتطلب الذهاب إلى المستشفى [E1,E3 | ahd5k_01066,ahd5k_01066]",تم دعم الإجابة بواسطة 2 علاقة طبية مسترجعة. اعتمدت الإجابة على 2 أدلة مصدرية من قاعدة AHD. درجة الثقة حُسبت من دعم الادعاءات، تغطية الأدلة، ثقة العلاقات، موثوقية المصادر، ومعدل الهلوسة. تم حذف الادعاءات غير المدعومة قبل إخراج الإجابة النهائية.,answerable,"[""قرحة --TREATED_BY--> ايزومبرازول"", ""ايزومبرازول --TREATS--> قرحة""]","[{""evidence_id"": ""E1"", ""qa_id"": ""ahd5k_01066"", ""evidence_text"": ""ممكن تجرب دواء اسمه ايزومبرازول"", ""relation"": ""قرحة --TREATED_BY--> ايزومبرازول""}, {""evidence_id"": ""E2"", ""qa_id"": ""ahd5k_03807"", ""evidence_text"": ""مضادات حيويه نكسيوم و كلاريثرومايسين واموكسسلين"", ""relation"": ""الملوية البوابية --TREATED_BY--> الدواء""}]",0.8072,0.8072,high,0.4711,0.7438,0.5,1.0,0.0,2,1,[],"[""البيانات المتوفرة لا تشمل إدارة الغثيان مباشرة"", ""العلاقة بين الدواء والقرحة ذات موثوقية محدودة""]"
trial_query_083,ما البديل لعمل كراون للضرس في حال كان طول الضرس قصير بسبب كسر وتآكل في السطح بعد حشو عصب مع حجم طبيعي للضرس ،حتى يعود يصبح في طول يسمح بتركيب...,لا توجد أدلة كافية. يُنصح باستشارة طبيب مختص للحصول على تقييم دقيق.,لم يتم إصدار إجابة طبية لأن الأدلة المسترجعة لا تدعم ادعاءات كافية. الجملة الخاصة باستشارة الطبيب تُعامل كتنبيه سلامة ثابت وليست ادعاءً طبياً محسوباً ضمن الأدلة.,insufficient_evidence,[],"[{""evidence_id"": ""E1"", ""qa_id"": ""ahd5k_00484"", ""evidence_text"": ""لا توجد علاقة مرتبطة بين حشو الأسنان وغمازة الوجه حسب مصدر AHD."", ""relation"": ""حشو الأسنان --NOT_ASSOCIATED_WITH--> غمازة الوجه""}, {""evidence_id"": ""E2"", ""qa_id"": ""ahd5k_00484"", ""evidence_text"": ""إذا تم تخدير منطقة الغمازة بمخدر قوي وكمية كبيرة فقد تزول الحالة خلال 24-48 ساعة."", ""relation"": ""تخدير موضعي قوي --MAY_TEMPORARILY_AFFECT--> غمازة الوجه""}, {""evidence_id"": ""E3"", ""qa_id"": ""ahd5k_00828"", ""evidence_text"": ""كثرة برد الأسنان قد تؤثر على الأسنان وتجعلها حساسة."", ""relation"": ""برد الأسنان --HAS_RISK--> حساسية الأسنان""}, {""evidence_id"": ""E4"", ""qa_id"": ""ahd5k_00828"", ""evidence_text"": ""برد الأسنان للتصغير قد يتم في جلسة واحدة، أما للتركيب وعمل أسنان صناعية فقد يحتاج جلسة أو جلستين."", ""relation"": ""برد الأسنان --PROCEDURE_DURATION--> جلسة واحدة أو جلستان""}, {""evidence_id"": ""E5"", ""qa_id"": ""ahd5k_04986"", ""evidence_text"": ""وجربت التمارين فترة بس ما لاحظت نتيجة كبيرة"", ""relation"": ""بروز في البطن --TREATED_BY--> تمارين رياضية""}]",0.2,0.2,low,0.0,0.0,0.0,0.0,0.0,0,0,[],"[""العلاقات المسترجعة تتعلق ببرد الأسنان وحساسية التخدير، ولا ترتبط بحلول بديلة للكراون.""]"
trial_query_084,زوجتي حامل ومنذ بداية حملها لم اتوقف عن الاتصال معهاابدا ..فهل ذلك له علاقه لما تشعر به من حرقه في المهبل...وهل ذلك له تأثير على الجنين....,"الحرقة في المهبل تشير إلى وجود التهابات نسائية [E1,E2 | ahd5k_01099,ahd5k_01099] لا يوجد تأثير على الجنين من الحرقة الناتجة عن التهابات نسائية [E1 | ahd5k_01099]",تم دعم الإجابة بواسطة 2 علاقة طبية مسترجعة. اعتمدت الإجابة على 1 أدلة مصدرية من قاعدة AHD. درجة الثقة حُسبت من دعم الادعاءات، تغطية الأدلة، ثقة العلاقات، موثوقية المصادر، ومعدل الهلوسة. تم حذف الادعاءات غير المدعومة قبل إخراج الإجابة النهائية.,answerable,"[""التهاب --HAS_SYMPTOM--> حرقه"", ""حرقه --SYMPTOM_OF--> التهاب""]","[{""evidence_id"": ""E1"", ""qa_id"": ""ahd5k_01099"", ""evidence_text"": ""التهابات نسائيه تسبب حرقه في المهبل"", ""relation"": ""التهاب --HAS_SYMPTOM--> حرقه""}]",0.8838,0.8838,high,0.4804,0.7447,1.0,1.0,0.0,2,1,[],"[""العلاقة بين الاتصال الجنسي والحرقة غير متوفرة في الأدلة"", ""موثوقية العلاقات المتوفرة محدودة""]"
trial_query_085,لمدا كلما انزعجت من شخص ما أشعر بدوار ودقات سريعة للقلب وشعور براسي تقيل تم يغمى علي دون الغياب عن الوعي فما تشخيصكم لهدا وشكراً جزيل,لا توجد أدلة كافية. يُنصح باستشارة طبيب مختص للحصول على تقييم دقيق.,لم يتم إصدار إجابة طبية لأن الأدلة المسترجعة لا تدعم ادعاءات كافية. الجملة الخاصة باستشارة الطبيب تُعامل كتنبيه سلامة ثابت وليست ادعاءً طبياً محسوباً ضمن الأدلة.,insufficient_evidence,[],"[{""evidence_id"": ""E1"", ""qa_id"": ""ahd5k_00594"", ""evidence_text"": ""يمكن دعم فقر الدم بنظام غذائي غني بعناصر مثل الحديد وحمض الفوليك وفيتامين ب-12، مع بقاء العلاج حسب نوع فقر الدم تحت إشراف الطبيب."", ""relation"": ""فقر الدم --MANAGED_BY--> أغذية غنية بالحديد والفولات وفيتامين ب12""}, {""evidence_id"": ""E2"", ""qa_id"": ""ahd5k_00594"", ""evidence_text"": ""تناول الأطعمة الغنية بالحديد مع أطعمة غنية بفيتامين ج مثل البرتقال والطماطم والفراولة قد يحسن الامتصاص."", ""relation"": ""أغذية غنية بالحديد والفولات وفيتامين ب12 --ABSORPTION_IMPROVED_BY--> أطعمة غنية بفيتامين ج""}, {""evidence_id"": ""E3"", ""qa_id"": ""ahd5k_00594"", ""evidence_text"": ""ينصح بتجنب تناول الأطعمة الغنية بالحديد مع القهوة أو الشاي أو الأطعمة الغنية بالكالسيوم لأنها قد تمنع امتصاص الحديد."", ""relation"": ""أغذية غنية بالحديد والفولات وفيتامين ب12 --ABSORPTION_REDUCED_BY--> الشاي والقهوة والكالسيوم مع الحديد""}, {""evidence_id"": ""E4"", ""qa_id"": ""ahd5k_04444"", ""evidence_text"": ""جرب بخاخات الماء والملح"", ""relation"": ""سيلان الانف --TREATED_BY--> بخاخات الماء والملح""}, {""evidence_id"": ""E5"", ""qa_id"": ""ahd5k_04444"", ""evidence_text"": ""لابد من عرضه على اخصائي الاطفال"", ""relation"": ""سيلان الانف --INVESTIGATED_BY--> خصائي الاطفال""}]",0.0,0.0,low,0.0,0.0,0.0,0.0,1.0,0,0,"[""الأعراض المذكورة قد تكون مرتبطة بحالات تتطلب تقييمًا طبيًا""]","[""العلاقات المُسترجعة تركز على إدارة فقر الدم والتغذية، ولا تغطي الأعراض المذكورة في السؤال.""]"
trial_query_086,عندي فقر دم وعملت التحاليل عندي نقص فيتامين دال ونقص حديد وصف لي الدكتور 20 ابرة حديد لمدة شهر هل اخذ هالكمية بهذه المدة آمن أم مضر للجسم ؟ وما...,وصف 20 إبرة حديد خلال شهر آمن إذا كانت مبنية على نتائج التحاليل [E6 | ahd5k_01162] يجب تقييم الجرعة بناءً على نسبة الهيموغلوبين ومخزون الحديد في الجسم [E6 | ahd5k_01162],تم دعم الإجابة بواسطة 1 علاقة طبية مسترجعة. اعتمدت الإجابة على 6 أدلة مصدرية من قاعدة AHD. درجة الثقة حُسبت من دعم الادعاءات، تغطية الأدلة، ثقة العلاقات، موثوقية المصادر، ومعدل الهلوسة. تم حذف الادعاءات غير المدعومة قبل إخراج الإجابة النهائية.,answerable,"[""نقص حديد --DIAGNOSED_BY--> فحص تحاليل مخبرية""]","[{""evidence_id"": ""E1"", ""qa_id"": ""ahd5k_02292"", ""evidence_text"": ""نقص في الدم مع الالم في المعده"", ""relation"": ""فقر الدم --HAS_SYMPTOM--> الم المعدجة""}, {""evidence_id"": ""E2"", ""qa_id"": ""ahd5k_02546"", ""evidence_text"": ""أحيانا الم في المعدة كسل وخمول اضطرابات في النوم"", ""relation"": ""فقر الدم --HAS_SYMPTOM--> الم المعدجة""}, {""evidence_id"": ""E3"", ""qa_id"": ""ahd5k_00838"", ""evidence_text"": ""نقص فيتامين (ب12) يسبب انيميا وتنميل"", ""relation"": ""فقر الدم --HAS_SYMPTOM--> تنميل""}, {""evidence_id"": ""E4"", ""qa_id"": ""ahd5k_02546"", ""evidence_text"": ""فقر الدم سبب فقدان الشهيه"", ""relation"": ""فقر الدم --HAS_SYMPTOM--> فقدان الشهيه""}, {""evidence_id"": ""E5"", ""qa_id"": ""ahd5k_04611"", ""evidence_text"": ""اعاني من مشكلة انقطاع الطمث...قال ان عندي مشكلة نقص هرمونات"", ""relation"": ""نقص هرمونات --HAS_SYMPTOM--> انقطاع الطمث""}, {""evidence_id"": ""E6"", ""qa_id"": ""ahd5k_01162"", ""evidence_text"": ""فحص التحاليل المخبرية مرتبط بتشخيص نقص حديد"", ""relation"": ""نقص حديد --DIAGNOSED_BY--> فحص تحاليل مخبرية""}]",0.7783,0.7783,medium,0.6204,0.7587,0.1429,1.0,0.0,1,1,[],"[""ال أدلة المتوفرة لا تشمل مخاطر الجرعات العالية من الحديد أو الأعراض الجانبية المحتملة""]"
trial_query_087,أود معرفة ما أسباب تدلي المستقيم؟وطرق العلاج؟,لا توجد أدلة كافية. يُنصح باستشارة طبيب مختص للحصول على تقييم دقيق.,لم يتم إصدار إجابة طبية لأن الأدلة المسترجعة لا تدعم ادعاءات كافية. الجملة الخاصة باستشارة الطبيب تُعامل كتنبيه سلامة ثابت وليست ادعاءً طبياً محسوباً ضمن الأدلة.,insufficient_evidence,[],"[{""evidence_id"": ""E1"", ""qa_id"": ""ahd5k_04490"", ""evidence_text"": ""حساسية الصدر and سعال co-occur with explicit symptom-pathology link"", ""relation"": ""حساسية الصدر --HAS_SYMPTOM--> سعال""}, {""evidence_id"": ""E2"", ""qa_id"": ""ahd5k_00666"", ""evidence_text"": ""التهاب في المثانة أو الإحليل يسبب خروج الدم"", ""relation"": ""التهاب --HAS_SYMPTOM--> الدم""}, {""evidence_id"": ""E5"", ""qa_id"": ""ahd5k_00261"", ""evidence_text"": ""العلاج بالجراحة"", ""relation"": ""دوالي الخصية --TREATED_BY--> العلاج بالجراحة""}]",0.025,0.025,low,0.0,0.0,0.0,0.0,1.0,0,0,"[""البيانات المتاحة تركز على أمراض أخرى مثل دوالي الخصية أو التهابات المسالك البولية، ولا تتضمن معلومات مباشرة عن تدلي المستقيم""]","[""عدم وجود علاقات أو أدلة مباشرة متعلقة بتدلي المستقيم في السياق المقدم""]"
trial_query_088,كيف يمكن شد الجلد المترهل في منطقه البطن مع العلم ان الوزن مناسب؟,"يمكن شد الجلد المترهل في منطقة البطن بالجراحة التجميلية [E1,E3 | ahd5k_01190,ahd5k_01190] يمكن شد الجلد المترهل في منطقة البطن بممارسة الرياضة [E1,E3 | ahd5k_01190,ahd5k_01190]",تم دعم الإجابة بواسطة 2 علاقة طبية مسترجعة. اعتمدت الإجابة على 2 أدلة مصدرية من قاعدة AHD. درجة الثقة حُسبت من دعم الادعاءات، تغطية الأدلة، ثقة العلاقات، موثوقية المصادر، ومعدل الهلوسة. تم حذف الادعاءات غير المدعومة قبل إخراج الإجابة النهائية.,answerable,"[""الجلد المترهل --TREATED_BY--> الجراحة التجميلية"", ""الجراحة التجميلية --TREATS--> الجلد المترهل""]","[{""evidence_id"": ""E1"", ""qa_id"": ""ahd5k_01190"", ""evidence_text"": ""يمكن شده بممارسة الرياضة أو بالجراحة التجميلية"", ""relation"": ""الجلد المترهل --TREATED_BY--> الجراحة التجميلية""}, {""evidence_id"": ""E2"", ""qa_id"": ""ahd5k_04912"", ""evidence_text"": ""مع العلم أن المريض يعاني من مرض السكر"", ""relation"": ""مرض السكري --HAS_SYMPTOM--> ضغط الدم""}]",0.8376,0.8376,high,0.6416,0.7758,0.5,1.0,0.0,2,1,[],"[""العلاقة بين الجراحة التجميلية وشد الجلد المترهل ذات موثوقية محدودة (0.424409) في أحد الروابط"", ""لا توجد أدلة حول تأثير ممارسة الرياضة على الجلد المترهل دون الجراحة""]"
trial_query_089,السلام عليكم عمري43 اعاني ارتفاع الصفراء في الدم وصلت الي 7.6 ويوجد تضخم في الطحال والم ف اسفل البطن وجانبين الي الظهر مع احساس بالتعب تحاليل للفيروسات سلبي ومناعةانكا 1/80,"تضخم الطحال يمكن أن يسبب تضخمًا في الأرداف [E1 | ahd5k_00647] الالتهاب يمكن أن يسبب التعب [E2,E3 | ahd5k_03872]",تم دعم الإجابة بواسطة 3 علاقة طبية مسترجعة. اعتمدت الإجابة على 4 أدلة مصدرية من قاعدة AHD. درجة الثقة حُسبت من دعم الادعاءات، تغطية الأدلة، ثقة العلاقات، موثوقية المصادر، ومعدل الهلوسة. تم حذف الادعاءات غير المدعومة قبل إخراج الإجابة النهائية.,answerable,"[""تضخم --HAS_SYMPTOM--> تضخم في الارداف"", ""التهاب --HAS_SYMPTOM--> تعب"", ""تعب --SYMPTOM_OF--> التهاب""]","[{""evidence_id"": ""E1"", ""qa_id"": ""ahd5k_00647"", ""evidence_text"": ""تضخم في الارداف"", ""relation"": ""تضخم --HAS_SYMPTOM--> تضخم في الارداف""}, {""evidence_id"": ""E2"", ""qa_id"": ""ahd5k_03872"", ""evidence_text"": ""اعاني من فتره من آلام في الانف والوجه والاخص الجبين واشعر بحساسيه في الحلق مما يسبب لي ضيق تنفس وتعب بشكل عام"", ""relation"": ""التهاب --HAS_SYMPTOM--> تعب""}, {""evidence_id"": ""E4"", ""qa_id"": ""ahd5k_00823"", ""evidence_text"": ""خفقان احيتنا"", ""relation"": ""ارتفاع ضغط الدم --HAS_SYMPTOM--> خفقان القلب""}, {""evidence_id"": ""E6"", ""qa_id"": ""ahd5k_00823"", ""evidence_text"": ""ضيق تنفس"", ""relation"": ""ارتفاع ضغط الدم --HAS_SYMPTOM--> ضيق تنفس""}]",0.8541,0.8541,high,0.7432,0.951,0.5,1.0,0.0,3,2,[],"[""لا توجد أدلة مباشرة تربط ارتفاع الصفراء أو أعراض البطن والظهر المذكورة بمرض محدد"", ""الرسم البياني لا يغطي العلاقات بين ارتفاع الصفراء والتهاب الكبد أو أمراض المناعة الذاتية""]"
trial_query_090,اعاني منذ فترة خمس سنوات من اصابة العصب السابع وترك بعض الاثار علي منها عند الطعام تذرف عيني اليسرى بالدمع هل هناك علاج للعصب السابع بعد مضي هذه المدة الزمنه,الكورتيزونات تُستخدم في علاج شلل العصب السابع [E1 | ahd5k_01221] مضادات الالتهاب تُستخدم في علاج شلل العصب السابع [E2 | ahd5k_01221] مضادات الفيروسات تُستخدم في علاج شلل العصب السابع [E4 | ahd5k_01221] العلاج الطبيعي يُستخدم في علاج شلل العصب السابع [E3 | ahd5k_01221] العلاج بالإبر الصينية يُستخدم في علاج شلل العصب السابع [E5 | ahd5k_01221],تم دعم الإجابة بواسطة 5 علاقة طبية مسترجعة. اعتمدت الإجابة على 5 أدلة مصدرية من قاعدة AHD. درجة الثقة حُسبت من دعم الادعاءات، تغطية الأدلة، ثقة العلاقات، موثوقية المصادر، ومعدل الهلوسة. تم حذف الادعاءات غير المدعومة قبل إخراج الإجابة النهائية.,answerable,"[""شلل العصب السابع --TREATED_BY--> الكورتيزونات"", ""شلل العصب السابع --TREATED_BY--> مضادات الالتهاب"", ""شلل العصب السابع --TREATED_BY--> مضادات الفيروسات"", ""شلل العصب السابع --TREATED_BY--> العلاج الطبيعي"", ""شلل العصب السابع --TREATED_BY--> العلاج بالإبر الصينية""]","[{""evidence_id"": ""E1"", ""qa_id"": ""ahd5k_01221"", ""evidence_text"": ""الكورتيزونات"", ""relation"": ""شلل العصب السابع --TREATED_BY--> الكورتيزونات""}, {""evidence_id"": ""E2"", ""qa_id"": ""ahd5k_01221"", ""evidence_text"": ""مضادات الالتهاب"", ""relation"": ""شلل العصب السابع --TREATED_BY--> مضادات الالتهاب""}, {""evidence_id"": ""E3"", ""qa_id"": ""ahd5k_01221"", ""evidence_text"": ""العلاج الطبيعي"", ""relation"": ""شلل العصب السابع --TREATED_BY--> العلاج الطبيعي""}, {""evidence_id"": ""E4"", ""qa_id"": ""ahd5k_01221"", ""evidence_text"": ""مضادات الفيروسات"", ""relation"": ""شلل العصب السابع --TREATED_BY--> مضادات الفيروسات""}, {""evidence_id"": ""E5"", ""qa_id"": ""ahd5k_01221"", ""evidence_text"": ""العلاج بالإبر الصينية"", ""relation"": ""شلل العصب السابع --TREATED_BY--> العلاج بالإبر الصينية""}]",0.8591,0.8591,high,0.5645,0.6631,0.8333,1.0,0.0,5,1,[],"[""الدقة المحدودة في تقييم فعالية العلاجات بعد تأخر الخمس سنوات"", ""عدم وجود أدلة كافية عن الجرعات أو الشروط المحددة للعلاج""]"
trial_query_091,تناولت مضاد حيووي زييثرون وانتج حساسيه شديده وتورم في المنطقة التناسليه وانا تعبانه جدا ما الحل ؟,"تجنب تناول مضاد حيوي مثل زييثرون مجددًا في حال حدوث حساسية شديدة [E1 | ahd5k_01231] استخدام مضاد الهيستامين مع كورتيزون موضعي لعلاج الحساسية الشديدة [E1,E2 | ahd5k_01231] إجراء تحليل لتحديد حساسية المضادات الحيوية بعد تفاعل شديد [E1 | ahd5k_01231]",تم دعم الإجابة بواسطة 2 علاقة طبية مسترجعة. اعتمدت الإجابة على 5 أدلة مصدرية من قاعدة AHD. درجة الثقة حُسبت من دعم الادعاءات، تغطية الأدلة، ثقة العلاقات، موثوقية المصادر، ومعدل الهلوسة. تم حذف الادعاءات غير المدعومة قبل إخراج الإجابة النهائية.,answerable,"[""حساسية --TREATED_BY--> مضاد الهيستامين"", ""حساسية --TREATED_BY--> كورتيزون""]","[{""evidence_id"": ""E1"", ""qa_id"": ""ahd5k_01231"", ""evidence_text"": ""استخدمي مضاد هيسامين وكورتيزون موضعي"", ""relation"": ""حساسية --TREATED_BY--> مضاد الهيستامين""}, {""evidence_id"": ""E3"", ""qa_id"": ""ahd5k_02470"", ""evidence_text"": ""مضاد للهيستامين مثل تيليفاست"", ""relation"": ""حساسية --TREATED_BY--> تيليفاست""}, {""evidence_id"": ""E4"", ""qa_id"": ""ahd5k_00812"", ""evidence_text"": ""للاسف اهم علاج تجنب المنتجات التي تحوي جلوتين"", ""relation"": ""حساسية --TREATED_BY--> تجنب المنتجات التي تحوي جلوتين""}, {""evidence_id"": ""E5"", ""qa_id"": ""ahd5k_00020"", ""evidence_text"": ""اعطيها حليب مكسر بروتين الحليب بالكامل او حليب رز"", ""relation"": ""حساسية --TREATED_BY--> حليب مكسر بروتين الحليب""}, {""evidence_id"": ""E6"", ""qa_id"": ""ahd5k_00133"", ""evidence_text"": ""بدائل يوجد نازونكس وافاميز وتابونكس وفليكسونيز"", ""relation"": ""حساسية --TREATED_BY--> نازونكس""}]",0.8401,0.8401,high,0.8401,0.7607,0.3333,1.0,0.0,2,1,[],"[""ال أدلة تركز على علاجات موضعية وتجنب المسببات، لكنها تفتقر إلى تفاصيل حول إدارة الحالات الشديدة أو التدخلات الطبية الفورية""]"
trial_query_092,انا اشعر بالصداع والنعاس وحساسية في وجهي والحكة بكل انحاء جسمي كيف استطيع ان اوقف هذا الدواء,الحساسية قد تسبب أعراض مثل السعال والبلغم [E1] [E1 | ahd5k_00970] الحساسية قد تؤدي إلى ضيق تنفس [E3] [E3 | ahd5k_00683],تم دعم الإجابة بواسطة 2 علاقة طبية مسترجعة. اعتمدت الإجابة على 6 أدلة مصدرية من قاعدة AHD. درجة الثقة حُسبت من دعم الادعاءات، تغطية الأدلة، ثقة العلاقات، موثوقية المصادر، ومعدل الهلوسة. تم حذف الادعاءات غير المدعومة قبل إخراج الإجابة النهائية.,answerable,"[""حساسية --HAS_SYMPTOM--> سعال"", ""حساسية --HAS_SYMPTOM--> ضيق تنفس""]","[{""evidence_id"": ""E1"", ""qa_id"": ""ahd5k_00970"", ""evidence_text"": ""هل هو ربو ؟؟ او هل هناك حساسية ابسط من ذلك وعوارضها فقط السعال والبلغم"", ""relation"": ""حساسية --HAS_SYMPTOM--> سعال""}, {""evidence_id"": ""E2"", ""qa_id"": ""ahd5k_00069"", ""evidence_text"": ""حساسية الصدر وسعال"", ""relation"": ""حساسية --HAS_SYMPTOM--> سعال""}, {""evidence_id"": ""E3"", ""qa_id"": ""ahd5k_00683"", ""evidence_text"": ""ضيق تنفس وسرعة التعب وقلق"", ""relation"": ""حساسية --HAS_SYMPTOM--> ضيق تنفس""}, {""evidence_id"": ""E4"", ""qa_id"": ""ahd5k_00010"", ""evidence_text"": ""حساسية تسبب ضيق تنفس"", ""relation"": ""حساسية --HAS_SYMPTOM--> ضيق تنفس""}, {""evidence_id"": ""E5"", ""qa_id"": ""ahd5k_00970"", ""evidence_text"": ""ما علاج البلغم (حساسية الصدر) رغم اخذى هلاج اكثر من مرة ولا فائدة ؟"", ""relation"": ""حساسية --HAS_SYMPTOM--> بلغم""}, {""evidence_id"": ""E6"", ""qa_id"": ""ahd5k_02124"", ""evidence_text"": ""واشعر بنشفان دائم في الحلق"", ""relation"": ""حساسية --HAS_SYMPTOM--> نشفان""}]",0.8748,0.8748,high,0.9198,0.9953,0.25,1.0,0.0,2,2,[],"[""عدم وجود أدلة مباشرة تربط الصداع والحساسية في الوجه والحكة بالحساسية المذكورة في السياق"", ""عدم توفر معلومات حول تأثير الدواء على الأعراض المذكورة""]"
trial_query_093,لا أستطبع النوم على جانبي لا الأيمن ولا الأيسر وأجد صعوبة في التنفس العميق. كما أشعر بين الفينة والأخرى بآلام قرب القلب. كما أخبركم أني مريصة بالقلب (مشكل في صمامتين),صعوبة التنفس العميق قد تكون مرتبطة بفقر الدم [E3] [E3 | ahd5k_02546] لا توجد أدلة كافية في السياق المسترجع لدعم: آلام القرب من القلب غير مذكورة في الأدلة المُسترجعة [E1-E6].,تمت الإجابة فقط عن الجزء المدعوم بالأدلة، مع توضيح الجزء غير المدعوم. تم دعم الإجابة بواسطة 1 علاقة طبية مسترجعة. اعتمدت الإجابة على 3 أدلة مصدرية من قاعدة AHD. درجة الثقة حُسبت من دعم الادعاءات، تغطية الأدلة، ثقة العلاقات، موثوقية المصادر، ومعدل الهلوسة. تم حذف الادعاءات غير المدعومة قبل إخراج الإجابة النهائية.,partially_answerable,"[""فقر الدم --HAS_SYMPTOM--> الم المعدجة""]","[{""evidence_id"": ""E1"", ""qa_id"": ""ahd5k_04356"", ""evidence_text"": ""ضرس العقل"", ""relation"": ""ضرس العقل --HAS_SYMPTOM--> الام""}, {""evidence_id"": ""E3"", ""qa_id"": ""ahd5k_02546"", ""evidence_text"": ""أحيانا الم في المعدة كسل وخمول اضطرابات في النوم"", ""relation"": ""فقر الدم --HAS_SYMPTOM--> الم المعدجة""}, {""evidence_id"": ""E4"", ""qa_id"": ""ahd5k_02546"", ""evidence_text"": ""فقر الدم سبب فقدان الشهيه"", ""relation"": ""فقر الدم --HAS_SYMPTOM--> فقدان الشهيه""}]",0.488,0.488,low,0.6575,0.7624,0.1667,0.5,0.5,1,1,"[""آلام القرب من القلب غير مذكورة في الأدلة المُسترجعة [E1-E6]""]","[""عدم وجود أدلة مباشرة لربط صعوبة التنفس أو الآلام القريبة من القلب بالبيانات المُسترجعة"", ""البيانات لا تشمل علاقات لمشكلات صمامات القلب""]"
trial_query_094,هل هناك أسباب أخرى محددة تؤدي الى ولادة دات شفة مشقوقة من غير استعمال دواء التوبيراميت.,"السياق المقدم لا يحتوي على أدلة كافية عن أسباب أخرى لولادة شفة مشقوقة غير التوبيراميت [E1,E2,E3,E4 | ahd5k_01066,ahd5k_04612]",تم دعم الإجابة بواسطة 3 علاقة طبية مسترجعة. اعتمدت الإجابة على 2 أدلة مصدرية من قاعدة AHD. درجة الثقة حُسبت من دعم الادعاءات، تغطية الأدلة، ثقة العلاقات، موثوقية المصادر، ومعدل الهلوسة. تم حذف الادعاءات غير المدعومة قبل إخراج الإجابة النهائية.,answerable,"[""قرحة --TREATED_BY--> ايزومبرازول"", ""شيب --TREATED_BY--> خلطة الريحان و الروزماري"", ""ايزومبرازول --TREATS--> قرحة""]","[{""evidence_id"": ""E1"", ""qa_id"": ""ahd5k_01066"", ""evidence_text"": ""ممكن تجرب دواء اسمه ايزومبرازول"", ""relation"": ""قرحة --TREATED_BY--> ايزومبرازول""}, {""evidence_id"": ""E2"", ""qa_id"": ""ahd5k_04612"", ""evidence_text"": ""هل خلطة الريحان و الروزماري مفيدة للتخلص من الشيب"", ""relation"": ""شيب --TREATED_BY--> خلطة الريحان و الروزماري""}]",0.8561,0.8561,high,0.4804,0.8936,1.0,1.0,0.0,3,2,[],"[""عدم وجود علاقات أو أدلة مباشرة عن أسباب خلقية أخرى للشفة المشقوقة في السياق المسترجع""]"
trial_query_095,كيف تتم ازالة شظايا القنابل الصغيرة الانشطارية في المنزل عند عدم التمكن من الذهاب للمستشفى وهل هناك اخطار من بقائها؟,"يُنصح بالتصوير بالأشعة لتحديد مكان شظايا القنابل الصغيرة الانشطارية ونوعها [E1,E4 | ahd5k_01290,ahd5k_01290] الجسم قد يصنع محفظات حول شظايا القنابل الصغيرة الانشطارية ويعزلها [E1 | ahd5k_01290]",تم دعم الإجابة بواسطة 2 علاقة طبية مسترجعة. اعتمدت الإجابة على 3 أدلة مصدرية من قاعدة AHD. درجة الثقة حُسبت من دعم الادعاءات، تغطية الأدلة، ثقة العلاقات، موثوقية المصادر، ومعدل الهلوسة. تم حذف الادعاءات غير المدعومة قبل إخراج الإجابة النهائية.,answerable,"[""شظايا القنابل الصغيرة الانشطارية --DIAGNOSED_BY--> أشعة"", ""أشعة --DIAGNOSES--> شظايا القنابل الصغيرة الانشطارية""]","[{""evidence_id"": ""E1"", ""qa_id"": ""ahd5k_01290"", ""evidence_text"": ""عمل تصوير بالأشعة لتحديد مكان الشظايا ونوعها"", ""relation"": ""شظايا القنابل الصغيرة الانشطارية --DIAGNOSED_BY--> أشعة""}, {""evidence_id"": ""E2"", ""qa_id"": ""ahd5k_04706"", ""evidence_text"": ""عمل تحليل بول"", ""relation"": ""التهاب --DIAGNOSED_BY--> تحليل بول""}, {""evidence_id"": ""E3"", ""qa_id"": ""ahd5k_04706"", ""evidence_text"": ""الاكثار من شرب الماء"", ""relation"": ""التهاب --TREATED_BY--> الاكثار من شرب الماء""}]",0.8103,0.8103,high,0.6277,0.7744,0.3333,1.0,0.0,2,1,[],"[""لا توجد أدلة كافية حول مخاطر بقاء الشظايا في الجسم"", ""لا توجد إرشادات منزلية موثقة لإزالة الشظايا""]"
trial_query_096,السلام عليكم .. هل تناول ملعقة يوميا من زيت الحلبة على الريق يزيد من حجم الثدي بجانب التمارين ..؟؟ و ما المدة التى يمكن الاستمرار عليها فى تناول الزيت؟ و...,زيت الحلبة ليس له أدلة كافية في الشبكة لتأثيره على حجم الثدي [E1 | ahd5k_00203],تم دعم الإجابة بواسطة 1 علاقة طبية مسترجعة. اعتمدت الإجابة على 1 أدلة مصدرية من قاعدة AHD. درجة الثقة حُسبت من دعم الادعاءات، تغطية الأدلة، ثقة العلاقات، موثوقية المصادر، ومعدل الهلوسة. تم حذف الادعاءات غير المدعومة قبل إخراج الإجابة النهائية.,answerable,"[""النقص الشديد للصفائح --TREATED_BY--> الروتيكسيماب""]","[{""evidence_id"": ""E1"", ""qa_id"": ""ahd5k_00203"", ""evidence_text"": ""الروتيكسيماب يفيده في علاج النقص الشديد للصفائح"", ""relation"": ""النقص الشديد للصفائح --TREATED_BY--> الروتيكسيماب""}]",0.8257,0.8257,high,0.7226,0.9489,0.5,1.0,0.0,1,1,[],"[""لا توجد أدلة مباشرة حول زيت الحلبة أو تأثيره على الثدي""]"
trial_query_097,كيفية التعامل مع انتفاخ ضرس العقل مسببا الام و احمرار الفك الاسفل,"ضرس العقل قد يسبب آلامًا بدرجات متفاوتة تتطلب خلعه [E1,E3 | ahd5k_04356,ahd5k_04356] المراجعة الطبية (طبيب أو أخصائي جراحة الوجه والفكين) هي المعالجة الموصى بها [E2,E4 | ahd5k_04356,ahd5k_04356]",تم دعم الإجابة بواسطة 4 علاقة طبية مسترجعة. اعتمدت الإجابة على 3 أدلة مصدرية من قاعدة AHD. درجة الثقة حُسبت من دعم الادعاءات، تغطية الأدلة، ثقة العلاقات، موثوقية المصادر، ومعدل الهلوسة. تم حذف الادعاءات غير المدعومة قبل إخراج الإجابة النهائية.,answerable,"[""ضرس العقل --HAS_SYMPTOM--> الام"", ""ضرس العقل --HAS_SYMPTOM--> صداع"", ""الام --TREATED_BY--> المراجعة الطبية"", ""ضرس العقل --TREATED_BY--> المراجعة الطبية""]","[{""evidence_id"": ""E1"", ""qa_id"": ""ahd5k_04356"", ""evidence_text"": ""ضرس العقل"", ""relation"": ""ضرس العقل --HAS_SYMPTOM--> الام""}, {""evidence_id"": ""E2"", ""qa_id"": ""ahd5k_04356"", ""evidence_text"": ""مراجعة طبيبك او اخصائي جراحه وجه و فكين"", ""relation"": ""الام --TREATED_BY--> المراجعة الطبية""}, {""evidence_id"": ""E5"", ""qa_id"": ""ahd5k_01537"", ""evidence_text"": ""اشعة بالصبغة"", ""relation"": ""انتفاخ --INVESTIGATED_BY--> اشعة""}]",0.8906,0.8906,high,0.7974,0.8064,0.6667,1.0,0.0,4,1,[],"[""عدم وجود أدلة كافية حول معالجة الانتفاخ مباشرةً دون مراجعة طبية"", ""العلاقة بين انتفاخ الفك والأشعة بالصبغة غير محددة بوضوح""]"
trial_query_098,تعاني والدتي من انسداد في الصمام الابهر بنسبة 40-60. حيث والتقرير ينصح باجراء عملية قلب مفتوح وتبديل صمامالابهر مع العلم انها تعاني من مرض السكري وضغط الدمز. العمر65س,"العمليات الجراحية مثل تبديل الصمام الأبهري يمكن أن تُجرى بسلام إذا تم التحكم في مرض السكري وارتفاع ضغط الدم بشكل جيد [E1,E3 | ahd5k_01294,ahd5k_04912] يُنصح بتقييم الحالة بواسطة فريق طبي متخصص لتحديد النسبة المئوية للضعف في عضلة القلب ووظائف الأعضاء الأخرى [E2,E4 | ahd5k_04912]",تم دعم الإجابة بواسطة 2 علاقة طبية مسترجعة. اعتمدت الإجابة على 5 أدلة مصدرية من قاعدة AHD. درجة الثقة حُسبت من دعم الادعاءات، تغطية الأدلة، ثقة العلاقات، موثوقية المصادر، ومعدل الهلوسة. تم حذف الادعاءات غير المدعومة قبل إخراج الإجابة النهائية.,answerable,"[""مرض السكري --HAS_SYMPTOM--> ضغط الدم"", ""ضغط الدم --SYMPTOM_OF--> مرض السكري""]","[{""evidence_id"": ""E1"", ""qa_id"": ""ahd5k_01294"", ""evidence_text"": ""مرض السكري وضغط الدمز"", ""relation"": ""مرض السكري --HAS_SYMPTOM--> ضغط الدم""}, {""evidence_id"": ""E2"", ""qa_id"": ""ahd5k_04912"", ""evidence_text"": ""مع العلم أن المريض يعاني من مرض السكر"", ""relation"": ""مرض السكري --HAS_SYMPTOM--> ضغط الدم""}, {""evidence_id"": ""E5"", ""qa_id"": ""ahd5k_01551"", ""evidence_text"": ""تحاليل مخبرية"", ""relation"": ""مرض السكري --DIAGNOSED_BY--> تحاليل مخبرية""}, {""evidence_id"": ""E6"", ""qa_id"": ""ahd5k_00085"", ""evidence_text"": ""حسب عوامل الخطورة الأخرى كالسكري والكلى؛ إذا لا توجد أمراض مصاحبة فالقيمة المذكورة 140-80."", ""relation"": ""ضغط الدم --HAS_NORMAL_RANGE--> 140-80 إذا لا توجد أمراض مصاحبة""}, {""evidence_id"": ""E7"", ""qa_id"": ""ahd5k_02662"", ""evidence_text"": ""ضغط"", ""relation"": ""ضغط --SYMPTOM_OF--> التهاب الجيوب الأنفية""}]",0.8383,0.8383,high,0.6129,0.9046,0.5714,1.0,0.0,2,2,[],"[""العلاقات بين مرض السكري وارتفاع ضغط الدم ذات موثوقية محدودة"", ""عدم وجود أدلة مباشرة عن تأثير نسبة انسداد الصمام الأبهري (40-60%) على قرار الجراحة""]"
trial_query_099,انا ابتلعت دبوس امس ولا اشعر ببلعه واعاني بوجع صدري كيف اعمل,"يُنصح بإجراء أشعة لتحديد مكان الدبوس والتأكد من وجوده [E3,E6 | ahd5k_01295,ahd5k_01295]",تم دعم الإجابة بواسطة 2 علاقة طبية مسترجعة. اعتمدت الإجابة على 4 أدلة مصدرية من قاعدة AHD. درجة الثقة حُسبت من دعم الادعاءات، تغطية الأدلة، ثقة العلاقات، موثوقية المصادر، ومعدل الهلوسة. تم حذف الادعاءات غير المدعومة قبل إخراج الإجابة النهائية.,answerable,"[""دبوس --DIAGNOSED_BY--> أشعة"", ""أشعة --DIAGNOSES--> دبوس""]","[{""evidence_id"": ""E1"", ""qa_id"": ""ahd5k_00838"", ""evidence_text"": ""نقص فيتامين (ب12) يسبب انيميا وتنميل"", ""relation"": ""فقر الدم --HAS_SYMPTOM--> تنميل""}, {""evidence_id"": ""E3"", ""qa_id"": ""ahd5k_01295"", ""evidence_text"": ""أشعة لمعرفة مكان الدبوس والتأكد من وجوده"", ""relation"": ""دبوس --DIAGNOSED_BY--> أشعة""}, {""evidence_id"": ""E4"", ""qa_id"": ""ahd5k_01537"", ""evidence_text"": ""اشعة بالصبغة"", ""relation"": ""وجع --INVESTIGATED_BY--> اشعة""}, {""evidence_id"": ""E5"", ""qa_id"": ""ahd5k_01245"", ""evidence_text"": ""معرفة سبب الحساسيه يتم ذلك عن طريق RAST Test"", ""relation"": ""حساسية --DIAGNOSED_BY--> RAST Test""}]",0.8037,0.8037,high,0.4649,0.8932,0.3333,1.0,0.0,2,1,[],"[""الارتباط بين أشعة ودبوس له موثوقية محدودة (reliability=limited)""]"
trial_query_100,عندى بقع بنية على جانبى الوجة وانا اعانى من انيميا 10 وكان عندى حصوات بالمرارة وعملت العملية ولا زالت البقع موجودة ما العلاج الاكيد وشكرا,لا توجد أدلة كافية. يُنصح باستشارة طبيب مختص للحصول على تقييم دقيق.,لم يتم إصدار إجابة طبية لأن الأدلة المسترجعة لا تدعم ادعاءات كافية. الجملة الخاصة باستشارة الطبيب تُعامل كتنبيه سلامة ثابت وليست ادعاءً طبياً محسوباً ضمن الأدلة.,insufficient_evidence,[],"[{""evidence_id"": ""E1"", ""qa_id"": ""ahd5k_02292"", ""evidence_text"": ""نقص في الدم مع الالم في المعده"", ""relation"": ""فقر الدم --HAS_SYMPTOM--> الم المعدجة""}, {""evidence_id"": ""E2"", ""qa_id"": ""ahd5k_02546"", ""evidence_text"": ""أحيانا الم في المعدة كسل وخمول اضطرابات في النوم"", ""relation"": ""فقر الدم --HAS_SYMPTOM--> الم المعدجة""}, {""evidence_id"": ""E3"", ""qa_id"": ""ahd5k_00838"", ""evidence_text"": ""نقص فيتامين (ب12) يسبب انيميا وتنميل"", ""relation"": ""فقر الدم --HAS_SYMPTOM--> تنميل""}, {""evidence_id"": ""E4"", ""qa_id"": ""ahd5k_02546"", ""evidence_text"": ""فقر الدم سبب فقدان الشهيه"", ""relation"": ""فقر الدم --HAS_SYMPTOM--> فقدان الشهيه""}, {""evidence_id"": ""E5"", ""qa_id"": ""ahd5k_04490"", ""evidence_text"": ""حساسية الصدر and سعال co-occur with explicit symptom-pathology link"", ""relation"": ""حساسية الصدر --HAS_SYMPTOM--> سعال""}, {""evidence_id"": ""E6"", ""qa_id"": ""ahd5k_00666"", ""evidence_text"": ""التهاب في المثانة أو الإحليل يسبب خروج الدم"", ""relation"": ""التهاب --HAS_SYMPTOM--> الدم""}]",0.0,0.0,low,0.0,0.0,0.0,0.0,1.0,0,0,"[""يُنصح بالاستعانة بمتخصص طبي لفحص الجلد والتحري عن الأسباب المحتملة للبقع""]","[""عدم وجود علاقات أو أدلة مباشرة تربط بين فقر الدم/جراحة الحصوات المرارية والبقع البنية على الوجه.""]"
trial_query_101,ماهو البردقوش وهل يوجد باليمن وهل يزيد من عدد الحيوانات المنويه؟,البردقوش يُستخدم لتنظيم الدورة الشهرية [E1 | ahd5k_04015] لا توجد أدلة كافية في السياق المسترجع لدعم: لا توجد أدلة حول تأثير البردقوش على عدد الحيوانات المنوية.,تمت الإجابة فقط عن الجزء المدعوم بالأدلة، مع توضيح الجزء غير المدعوم. تم دعم الإجابة بواسطة 1 علاقة طبية مسترجعة. اعتمدت الإجابة على 6 أدلة مصدرية من قاعدة AHD. درجة الثقة حُسبت من دعم الادعاءات، تغطية الأدلة، ثقة العلاقات، موثوقية المصادر، ومعدل الهلوسة. تم حذف الادعاءات غير المدعومة قبل إخراج الإجابة النهائية.,partially_answerable,"[""الدورة الشهرية --TREATED_BY--> البردقوش""]","[{""evidence_id"": ""E1"", ""qa_id"": ""ahd5k_04015"", ""evidence_text"": ""البردقوش"", ""relation"": ""الدورة الشهرية --TREATED_BY--> البردقوش""}, {""evidence_id"": ""E2"", ""qa_id"": ""ahd5k_01629"", ""evidence_text"": ""سلامة الحيوانات المنوية للزوج"", ""relation"": ""التدخين --INVESTIGATED_BY--> الحيوانات المنوية""}, {""evidence_id"": ""E3"", ""qa_id"": ""ahd5k_04015"", ""evidence_text"": ""اكليل الجبل"", ""relation"": ""الدورة الشهرية --TREATED_BY--> اكليل الجبل""}, {""evidence_id"": ""E4"", ""qa_id"": ""ahd5k_04015"", ""evidence_text"": ""الميرمية"", ""relation"": ""الدورة الشهرية --TREATED_BY--> الميرمية""}, {""evidence_id"": ""E5"", ""qa_id"": ""ahd5k_04015"", ""evidence_text"": ""البقدونس"", ""relation"": ""الدورة الشهرية --TREATED_BY--> البقدونس""}, {""evidence_id"": ""E6"", ""qa_id"": ""ahd5k_04015"", ""evidence_text"": ""حشيشة الملاك"", ""relation"": ""الدورة الشهرية --TREATED_BY--> حشيشة الملاك""}]",0.5308,0.5308,low,0.7381,0.8005,0.1667,0.5,0.5,1,1,"[""لا توجد أدلة حول تأثير البردقوش على عدد الحيوانات المنوية""]","[""لا توجد أدلة حول توفر البردقوش في اليمن"", ""لا توجد أدلة حول تأثير البردقوش على الحيوانات المنوية""]"
trial_query_102,اعاني من حموضة وصعوبة في التنفس وصعوبة بلع والم في الجانب الايسر من الصدر مع تعب في الكتف اليسرى بعد ابذال مجهود فهل هذا خطر على القلب ام حموضة عادية,"الأعراض مثل ضيق التنفس وتعب الكتف قد تكون مرتبطة بالتهاب الجيوب الأنفية أو الحساسية [E1,E2,E3,E4 | ahd5k_03872] الكتف المتعب قد يُعالج بالبروفين، لكن العلاقة غير موثقة بدرجة كافية [E5 | ahd5k_00486]",تم دعم الإجابة بواسطة 4 علاقة طبية مسترجعة. اعتمدت الإجابة على 2 أدلة مصدرية من قاعدة AHD. درجة الثقة حُسبت من دعم الادعاءات، تغطية الأدلة، ثقة العلاقات، موثوقية المصادر، ومعدل الهلوسة. تم حذف الادعاءات غير المدعومة قبل إخراج الإجابة النهائية.,answerable,"[""التهاب --HAS_SYMPTOM--> تعب"", ""تعب --SYMPTOM_OF--> التهاب"", ""التهاب --HAS_SYMPTOM--> ضيق تنفس"", ""الكتف --TREATED_BY--> البروفين""]","[{""evidence_id"": ""E1"", ""qa_id"": ""ahd5k_03872"", ""evidence_text"": ""اعاني من فتره من آلام في الانف والوجه والاخص الجبين واشعر بحساسيه في الحلق مما يسبب لي ضيق تنفس وتعب بشكل عام"", ""relation"": ""التهاب --HAS_SYMPTOM--> تعب""}, {""evidence_id"": ""E5"", ""qa_id"": ""ahd5k_00486"", ""evidence_text"": ""تناول بعض الأدوية المسكنة للألم اللاستيروئيدية، مثل البروفين"", ""relation"": ""الكتف --TREATED_BY--> البروفين""}]",0.8896,0.8896,high,0.6673,0.9303,0.8333,1.0,0.0,4,2,[],"[""عدم وجود أدلة مباشرة على ارتباط الأعراض بالقلب"", ""العلاقات بين التهاب والكبد/القلب غير موثقة""]"
trial_query_103,ما هو ابسط علاج لمرض السكر بدون كيماويات؟,لا توجد أدلة كافية. يُنصح باستشارة طبيب مختص للحصول على تقييم دقيق.,لم يتم إصدار إجابة طبية لأن الأدلة المسترجعة لا تدعم ادعاءات كافية. الجملة الخاصة باستشارة الطبيب تُعامل كتنبيه سلامة ثابت وليست ادعاءً طبياً محسوباً ضمن الأدلة.,insufficient_evidence,"[""مرض السكري --DIAGNOSED_BY--> تحاليل مخبرية"", ""تحاليل مخبرية --DIAGNOSES--> مرض السكري"", ""ضغط الدم --SYMPTOM_OF--> مرض السكري""]","[{""evidence_id"": ""E1"", ""qa_id"": ""ahd5k_02607"", ""evidence_text"": ""مرض السكري وضغط الدم"", ""relation"": ""مرض السكري --HAS_SYMPTOM--> ضغط الدم""}, {""evidence_id"": ""E2"", ""qa_id"": ""ahd5k_01294"", ""evidence_text"": ""مرض السكري وضغط الدمز"", ""relation"": ""مرض السكري --HAS_SYMPTOM--> ضغط الدم""}, {""evidence_id"": ""E4"", ""qa_id"": ""ahd5k_04912"", ""evidence_text"": ""مع العلم أن المريض يعاني من مرض السكر"", ""relation"": ""ضغط الدم --SYMPTOM_OF--> مرض السكري""}, {""evidence_id"": ""E5"", ""qa_id"": ""ahd5k_01551"", ""evidence_text"": ""تحاليل مخبرية"", ""relation"": ""مرض السكري --DIAGNOSED_BY--> تحاليل مخبرية""}]",0.1,0.1,low,0.0,0.0,0.0,0.0,0.5,0,0,"[""الدليل المتاح لا يحتوي على معلومات حول علاج مرض السكر بدون كيماويات"", ""يُنصح بالاستعانة بخبير طبي لتحديد خطة علاج مناسبة بناءً على الحالة السريرية [E1-E5]""]","[""غياب علاقات مباشرة حول علاج مرض السكر بدون كيماويات"", ""الدلائل المتاحة تركز على الأعراض والتشخيص وليس العلاج""]"
trial_query_104,انا عملت جراحة فى القلب وتم تغير الصمام المترالى بصمام ميكانيكى صناعى وباخد دواء واريفان ( لسيولة الدم ) 8 ملجرام ومصاب بالانفلوانزا ماالعلاج المناسب,لا توجد أدلة كافية. يُنصح باستشارة طبيب مختص للحصول على تقييم دقيق.,لم يتم إصدار إجابة طبية لأن الأدلة المسترجعة لا تدعم ادعاءات كافية. الجملة الخاصة باستشارة الطبيب تُعامل كتنبيه سلامة ثابت وليست ادعاءً طبياً محسوباً ضمن الأدلة.,insufficient_evidence,[],"[{""evidence_id"": ""E1"", ""qa_id"": ""ahd5k_04701"", ""evidence_text"": ""تسارع في ضربات القلب"", ""relation"": ""ارتفاع ضغط الدم --HAS_SYMPTOM--> خفقان القلب""}, {""evidence_id"": ""E2"", ""qa_id"": ""ahd5k_03624"", ""evidence_text"": ""خفقان القلب الشديد"", ""relation"": ""ارتفاع ضغط الدم --HAS_SYMPTOM--> خفقان القلب""}, {""evidence_id"": ""E3"", ""qa_id"": ""ahd5k_04701"", ""evidence_text"": ""ضيق تنفس"", ""relation"": ""ارتفاع ضغط الدم --HAS_SYMPTOM--> ضيق تنفس""}, {""evidence_id"": ""E4"", ""qa_id"": ""ahd5k_04701"", ""evidence_text"": ""دوخة"", ""relation"": ""ارتفاع ضغط الدم --HAS_SYMPTOM--> دوخة""}, {""evidence_id"": ""E5"", ""qa_id"": ""ahd5k_01294"", ""evidence_text"": ""مرض السكري وضغط الدمز"", ""relation"": ""مرض السكري --HAS_SYMPTOM--> ضغط الدم""}]",0.2,0.2,low,0.0,0.0,0.0,0.0,0.0,0,0,[],"[""عدم وجود علاقات أو أدلة متعلقة بالعلاج المناسب للانفلونزا في سياق تناول أدوية الليوسيان (واريفان) أو وجود صمام قلبي صناعي""]"
trial_query_105,هل حبوب كريستور(rousovastatin) تؤثر على عضلة القلب ؟,لا توجد أدلة كافية. يُنصح باستشارة طبيب مختص للحصول على تقييم دقيق.,لم يتم إصدار إجابة طبية لأن الأدلة المسترجعة لا تدعم ادعاءات كافية. الجملة الخاصة باستشارة الطبيب تُعامل كتنبيه سلامة ثابت وليست ادعاءً طبياً محسوباً ضمن الأدلة.,insufficient_evidence,[],"[{""evidence_id"": ""E1"", ""qa_id"": ""ahd5k_02546"", ""evidence_text"": ""أحيانا الم في المعدة كسل وخمول اضطرابات في النوم"", ""relation"": ""فقر الدم --HAS_SYMPTOM--> الم المعدجة""}, {""evidence_id"": ""E2"", ""qa_id"": ""ahd5k_02546"", ""evidence_text"": ""فقر الدم سبب فقدان الشهيه"", ""relation"": ""فقر الدم --HAS_SYMPTOM--> فقدان الشهيه""}, {""evidence_id"": ""E3"", ""qa_id"": ""ahd5k_00085"", ""evidence_text"": ""حسب عوامل الخطورة الأخرى كالسكري والكلى؛ إذا لا توجد أمراض مصاحبة فالقيمة المذكورة 140-80."", ""relation"": ""ضغط الدم --HAS_NORMAL_RANGE--> 140-80 إذا لا توجد أمراض مصاحبة""}, {""evidence_id"": ""E4"", ""qa_id"": ""ahd5k_00085"", ""evidence_text"": ""ضربات القلب تقريبا من 65-85، ويمكن قبول أقل أو أكثر حسب الحالة."", ""relation"": ""نبض القلب --HAS_NORMAL_RANGE--> 65-85 تقريبا وقد يقبل أقل أو أكثر""}]",0.2,0.2,low,0.0,0.0,0.0,0.0,0.0,0,0,[],"[""غياب العلاقات المتعلقة بتأثير الأدوية على عضلة القلب"", ""عدم وجود بيانات عن آثار كريستور الجانبية""]"
trial_query_106,هل يوجد أعشاب طبية تساعد على الشفاء من حالة الاكتئاب و الشعور بالخوف ، علما بأنه يوجد لدي فقر دم (انيميا الفول ) و يتجدث حالات الاكتئاب هذه عند تناول...,لا توجد أدلة كافية. يُنصح باستشارة طبيب مختص للحصول على تقييم دقيق.,لم يتم إصدار إجابة طبية لأن الأدلة المسترجعة لا تدعم ادعاءات كافية. الجملة الخاصة باستشارة الطبيب تُعامل كتنبيه سلامة ثابت وليست ادعاءً طبياً محسوباً ضمن الأدلة.,insufficient_evidence,[],"[{""evidence_id"": ""E1"", ""qa_id"": ""ahd5k_00757"", ""evidence_text"": ""تحليل فقر الدم"", ""relation"": ""فقر الدم --DIAGNOSED_BY--> تحاليل مخبرية""}, {""evidence_id"": ""E2"", ""qa_id"": ""ahd5k_00696"", ""evidence_text"": ""الفوال أو التفول هو الاضطراب الخلقي الجيني الناجم عن نقص الأنزيم المسؤول عن الحفاظ على تركيز ببتيد الغلوتاثيون"", ""relation"": ""فقر الدم --DIAGNOSED_BY--> تحاليل مخبرية""}, {""evidence_id"": ""E3"", ""qa_id"": ""ahd5k_02292"", ""evidence_text"": ""نقص في الدم مع الالم في المعده"", ""relation"": ""فقر الدم --HAS_SYMPTOM--> الم المعدجة""}, {""evidence_id"": ""E4"", ""qa_id"": ""ahd5k_02546"", ""evidence_text"": ""أحيانا الم في المعدة كسل وخمول اضطرابات في النوم"", ""relation"": ""فقر الدم --HAS_SYMPTOM--> الم المعدجة""}, {""evidence_id"": ""E5"", ""qa_id"": ""ahd5k_01162"", ""evidence_text"": ""فحص التحاليل المخبرية مرتبط بتشخيص فقر الدم"", ""relation"": ""فقر الدم --DIAGNOSED_BY--> فحص تحاليل مخبرية""}, {""evidence_id"": ""E6"", ""qa_id"": ""ahd5k_00838"", ""evidence_text"": ""نقص فيتامين (ب12) يسبب انيميا وتنميل"", ""relation"": ""فقر الدم --HAS_SYMPTOM--> تنميل""}]",0.2,0.2,low,0.0,0.0,0.0,0.0,0.0,0,0,[],"[""غياب أدلة حول الأعشاب الطبية وعلاقتها بالاكتئاب أو فقر الدم"", ""عدم وجود علاقات مباشرة بين الأعشاب والعلاج في السياق المقدم""]"
trial_query_107,"انا عندى 16 سنة وعندي ارتخاء بالصمام الميترالى والاعراض اللى عندي دوخة لما أقف و بتعب من أقل مجهود , وعند الاستيقاظ هناك ضيق بالتنفس,والدكتورظكاتبلى اندرال 20 جم بس مش...","الدوخة والتعب قد تكون مرتبطة بارتفاع ضغط الدم حسب الأدلة المتوفرة [E4,E5 | ahd5k_04701,ahd5k_04701] لا توجد أدلة كافية في السياق المسترجع لدعم: لا توجد أدلة مباشرة تربط ارتخاء الصمام الميترالي بالدوخة والتعب المذكورين.",تمت الإجابة فقط عن الجزء المدعوم بالأدلة، مع توضيح الجزء غير المدعوم. تم دعم الإجابة بواسطة 2 علاقة طبية مسترجعة. اعتمدت الإجابة على 4 أدلة مصدرية من قاعدة AHD. درجة الثقة حُسبت من دعم الادعاءات، تغطية الأدلة، ثقة العلاقات، موثوقية المصادر، ومعدل الهلوسة. تم حذف الادعاءات غير المدعومة قبل إخراج الإجابة النهائية.,partially_answerable,"[""ارتفاع ضغط الدم --HAS_SYMPTOM--> دوخة"", ""دوخة --SYMPTOM_OF--> ارتفاع ضغط الدم""]","[{""evidence_id"": ""E1"", ""qa_id"": ""ahd5k_03872"", ""evidence_text"": ""اعاني من فتره من آلام في الانف والوجه والاخص الجبين واشعر بحساسيه في الحلق مما يسبب لي ضيق تنفس وتعب بشكل عام"", ""relation"": ""التهاب --HAS_SYMPTOM--> تعب""}, {""evidence_id"": ""E3"", ""qa_id"": ""ahd5k_04701"", ""evidence_text"": ""تسارع في ضربات القلب"", ""relation"": ""ارتفاع ضغط الدم --HAS_SYMPTOM--> خفقان القلب""}, {""evidence_id"": ""E4"", ""qa_id"": ""ahd5k_04701"", ""evidence_text"": ""دوخة"", ""relation"": ""ارتفاع ضغط الدم --HAS_SYMPTOM--> دوخة""}, {""evidence_id"": ""E6"", ""qa_id"": ""ahd5k_04701"", ""evidence_text"": ""ضيق تنفس"", ""relation"": ""ارتفاع ضغط الدم --HAS_SYMPTOM--> ضيق تنفس""}]",0.5529,0.5529,medium,0.7206,0.7987,0.3333,0.5,0.5,2,1,"[""لا توجد أدلة مباشرة تربط ارتخاء الصمام الميترالي بالدوخة والتعب المذكورين""]","[""عدم وجود علاقات مباشرة بين ارتخاء الصمام الميترالي والأعراض المذكورة"", ""الاعتماد على أدلة مرتبطة بارتفاع ضغط الدم وليس ارتخاء الصمام""]"
trial_query_108,هل هناك اسباب للحساسية من الباراسيتمول وما الاغذية التى امتنع عنها وما هى الاغذية التى ااكلها,"الحساسية قد تسبب سعالاً وبلغمًا وضيق تنفس [E1][E3][E4] [E1,E3,E4 | ahd5k_00970,ahd5k_00683,ahd5k_00010]",تم دعم الإجابة بواسطة 1 علاقة طبية مسترجعة. اعتمدت الإجابة على 6 أدلة مصدرية من قاعدة AHD. درجة الثقة حُسبت من دعم الادعاءات، تغطية الأدلة، ثقة العلاقات، موثوقية المصادر، ومعدل الهلوسة. تم حذف الادعاءات غير المدعومة قبل إخراج الإجابة النهائية.,answerable,"[""حساسية --HAS_SYMPTOM--> ضيق تنفس""]","[{""evidence_id"": ""E1"", ""qa_id"": ""ahd5k_00970"", ""evidence_text"": ""هل هو ربو ؟؟ او هل هناك حساسية ابسط من ذلك وعوارضها فقط السعال والبلغم"", ""relation"": ""حساسية --HAS_SYMPTOM--> سعال""}, {""evidence_id"": ""E2"", ""qa_id"": ""ahd5k_00069"", ""evidence_text"": ""حساسية الصدر وسعال"", ""relation"": ""حساسية --HAS_SYMPTOM--> سعال""}, {""evidence_id"": ""E3"", ""qa_id"": ""ahd5k_00683"", ""evidence_text"": ""ضيق تنفس وسرعة التعب وقلق"", ""relation"": ""حساسية --HAS_SYMPTOM--> ضيق تنفس""}, {""evidence_id"": ""E4"", ""qa_id"": ""ahd5k_00010"", ""evidence_text"": ""حساسية تسبب ضيق تنفس"", ""relation"": ""حساسية --HAS_SYMPTOM--> ضيق تنفس""}, {""evidence_id"": ""E5"", ""qa_id"": ""ahd5k_00970"", ""evidence_text"": ""ما علاج البلغم (حساسية الصدر) رغم اخذى هلاج اكثر من مرة ولا فائدة ؟"", ""relation"": ""حساسية --HAS_SYMPTOM--> بلغم""}, {""evidence_id"": ""E6"", ""qa_id"": ""ahd5k_02124"", ""evidence_text"": ""واشعر بنشفان دائم في الحلق"", ""relation"": ""حساسية --HAS_SYMPTOM--> نشفان""}]",0.8957,0.8957,high,0.933,0.9969,0.375,1.0,0.0,1,3,[],"[""لا توجد أدلة حول أسباب الحساسية من الباراسيتامول أو توصيات غذائية محددة"", ""العلاقات المتوفرة تركز على الأعراض دون ذكر أسباب أو عوامل غذائية""]"
trial_query_109,كان لدي ارتفاع بسيط في الصفائح ٤٦١ وعندما ولدت بعد ٥٠ يوم التحليل طلع ٦٧٩ واشكو من عدم اكتمال النفس في بعض الاوقات وقال لي الطبيب لديك التهاب في الصدر...,"الصور الشعاعية قد تُطلب لفحص الصداع [E1,E2 | ahd5k_01058,ahd5k_01058] الطبيب يعالج الصدمة الكهربائية والحروق [E3,E4 | ahd5k_04866,ahd5k_04866]",تم دعم الإجابة بواسطة 4 علاقة طبية مسترجعة. اعتمدت الإجابة على 2 أدلة مصدرية من قاعدة AHD. درجة الثقة حُسبت من دعم الادعاءات، تغطية الأدلة، ثقة العلاقات، موثوقية المصادر، ومعدل الهلوسة. تم حذف الادعاءات غير المدعومة قبل إخراج الإجابة النهائية.,answerable,"[""صداع --INVESTIGATED_BY--> الصور الشعاعية"", ""الصور الشعاعية --INVESTIGATES--> صداع"", ""الصدمة الكهربائية --TREATED_BY--> الطبيب"", ""الحروق --TREATED_BY--> الطبيب""]","[{""evidence_id"": ""E1"", ""qa_id"": ""ahd5k_01058"", ""evidence_text"": ""الصور الشعاعية قد تُطلب لفحص الصداع"", ""relation"": ""صداع --INVESTIGATED_BY--> الصور الشعاعية""}, {""evidence_id"": ""E3"", ""qa_id"": ""ahd5k_04866"", ""evidence_text"": ""يستدعي الطبيب او المسعف للتعامل مع المصاب"", ""relation"": ""الصدمة الكهربائية --TREATED_BY--> الطبيب""}]",0.8499,0.8499,high,0.4418,0.8908,0.6667,1.0,0.0,4,2,[],"[""لا توجد أدلة مباشرة تربط الصفائح الدموية أو التهاب الصدر بالعلاقة بين الكيانات المُستنتجة""]"
trial_query_110,عمري 18 سنة وأنا أعاني من صغر الثدي هل يوجد أي حل لتكبيره دون جراحة?,"يُنصح بمراجعة أخصائية نسائية لإجراء فحص سريري لتقييم حالة نقص حجم الثدي [E2,E3 | ahd5k_02702,ahd5k_02702]",تم دعم الإجابة بواسطة 2 علاقة طبية مسترجعة. اعتمدت الإجابة على 5 أدلة مصدرية من قاعدة AHD. درجة الثقة حُسبت من دعم الادعاءات، تغطية الأدلة، ثقة العلاقات، موثوقية المصادر، ومعدل الهلوسة. تم حذف الادعاءات غير المدعومة قبل إخراج الإجابة النهائية.,answerable,"[""نقص بحجم الثدي --DIAGNOSED_BY--> فحص سريري"", ""نقص بحجم الثدي --TREATED_BY--> مراجعة اخصائية النسائية""]","[{""evidence_id"": ""E1"", ""qa_id"": ""ahd5k_03468"", ""evidence_text"": ""العلاج الاهم هو السوائل للمحافظة على الكلى"", ""relation"": ""بيلة الميوغلوبين --TREATED_BY--> السوائل""}, {""evidence_id"": ""E2"", ""qa_id"": ""ahd5k_02702"", ""evidence_text"": ""مراجعة اخصائية النسائية"", ""relation"": ""نقص بحجم الثدي --TREATED_BY--> مراجعة اخصائية النسائية""}, {""evidence_id"": ""E3"", ""qa_id"": ""ahd5k_02702"", ""evidence_text"": ""فحص سريري"", ""relation"": ""نقص بحجم الثدي --DIAGNOSED_BY--> فحص سريري""}, {""evidence_id"": ""E4"", ""qa_id"": ""ahd5k_04612"", ""evidence_text"": ""هل خلطة الريحان و الروزماري مفيدة للتخلص من الشيب"", ""relation"": ""شيب --TREATED_BY--> خلطة الريحان و الروزماري""}, {""evidence_id"": ""E5"", ""qa_id"": ""ahd5k_00864"", ""evidence_text"": ""تحليل الحساسية يُستخدم لتشخيص حساسية الصدر"", ""relation"": ""حساسية --DIAGNOSED_BY--> تحليل الحساسية""}]",0.7954,0.7954,medium,0.4144,0.8881,0.3333,1.0,0.0,2,1,[],"[""ال أدلة المتوفرة تركز على التشخيص وليس العلاجات غير الجراحية"", ""عدم وجود أدلة حول علاجات محددة لتكبير الثدي دون جراحة""]"
trial_query_111,عمري ٢٥سنة واعاني من نشاط زائد في الغده الدرقية وقمت بأخذ جرعه من اليود النووي المشع وعندي طفل عمره سنه فما المده الزمنيه المحدده اللتي سأتمكن بعدها,لا توجد أدلة كافية. يُنصح باستشارة طبيب مختص للحصول على تقييم دقيق.,لم يتم إصدار إجابة طبية لأن الأدلة المسترجعة لا تدعم ادعاءات كافية. الجملة الخاصة باستشارة الطبيب تُعامل كتنبيه سلامة ثابت وليست ادعاءً طبياً محسوباً ضمن الأدلة.,insufficient_evidence,[],"[{""evidence_id"": ""E1"", ""qa_id"": ""ahd5k_00035"", ""evidence_text"": ""اخذ التروكسين"", ""relation"": ""مرض الغدة الدرقية --TREATED_BY--> التروكسين""}, {""evidence_id"": ""E3"", ""qa_id"": ""ahd5k_02200"", ""evidence_text"": ""يتم تشخيص نشاط الغدة الدرقية عبر تحاليل مخبرية لهرمونات T3 وT4"", ""relation"": ""نشاط الغدة الدرقية --DIAGNOSED_BY--> تحاليل مخبرية""}, {""evidence_id"": ""E4"", ""qa_id"": ""ahd5k_02200"", ""evidence_text"": ""يتم تشخيص مرض جريفز عبر تحاليل مخبرية لهرمونات الغدة الدرقية"", ""relation"": ""مرض جريفز --DIAGNOSED_BY--> تحاليل مخبرية""}, {""evidence_id"": ""E5"", ""qa_id"": ""ahd5k_00035"", ""evidence_text"": ""مستوى الهرمون في الدم"", ""relation"": ""مرض الغدة الدرقية --DIAGNOSED_BY--> الهرمون""}]",0.2,0.2,low,0.0,0.0,0.0,0.0,0.0,0,0,[],"[""عدم توفر أدلة حول المدة الزمنية بعد اليود النووي المشع"", ""العلاقات المتوفرة تركز على التشخيص والعلاج وليس السلامة بعد العلاج الإشعاعي""]"
trial_query_112,يشعر والدي بألم في منطقة الصدر علما ان والدي مصاب بجلطة قلبية ودماغية اليوم قد تناول بيزا وكانت دسمة،،،،،هل هذا الم قلب ام الام معدة,لا توجد أدلة كافية. يُنصح باستشارة طبيب مختص للحصول على تقييم دقيق.,لم يتم إصدار إجابة طبية لأن الأدلة المسترجعة لا تدعم ادعاءات كافية. الجملة الخاصة باستشارة الطبيب تُعامل كتنبيه سلامة ثابت وليست ادعاءً طبياً محسوباً ضمن الأدلة.,insufficient_evidence,[],"[{""evidence_id"": ""E1"", ""qa_id"": ""ahd5k_04356"", ""evidence_text"": ""ضرس العقل"", ""relation"": ""ضرس العقل --HAS_SYMPTOM--> الام""}, {""evidence_id"": ""E3"", ""qa_id"": ""ahd5k_03738"", ""evidence_text"": ""الالم الدي الديم الديم الديم"", ""relation"": ""ارتياف دعب \\u0627لديم --HAS_SYMPTOM--> الالم""}]",0.0,0.0,low,0.0,0.0,0.0,0.0,1.0,0,0,"[""الجلطة القلبية والدماغية ليست مرتبطتين مباشرة بأعراض الألم المذكورة في السياق المقدم."", ""تناول وجبة دسمة قد يسبب اضطرابًا هضميًا، لكن هذا غير مذكور في الأدلة المقدمة.""]","[""غياب أدلة مباشرة على العلاقة بين الألم الصدري والجلطات أو الوجبات الدهنية."", ""عدم وجود معلومات عن أعراض القلب أو الجهاز الهضمي في السياق المقدم.""]"
trial_query_113,هل يوجد تأثير على الجنين في حالة تعاطي أقراص ميزوتاك في بداية الحمل بغرض الإجهاض وأنا الآن اقتنعت باكمال الحمل ولكن قلق من تأثر الجنين بالمادة الفعالة لهذا الدواء؟,يجب إيقاف بريمولوت ن أثناء الحمل بسبب احتمال حدوث تشوهات في القلب والأوعية الدموية والأنبوب العصبي والدماغ لدى الجنين. [E1 | ahd5k_00439],تم دعم الإجابة بواسطة 1 علاقة طبية مسترجعة. اعتمدت الإجابة على 6 أدلة مصدرية من قاعدة AHD. درجة الثقة حُسبت من دعم الادعاءات، تغطية الأدلة، ثقة العلاقات، موثوقية المصادر، ومعدل الهلوسة. تم حذف الادعاءات غير المدعومة قبل إخراج الإجابة النهائية.,answerable,"[""بريمولوت ن --REQUIRES_MEDICAL_SUPERVISION_FOR--> إيقاف الدواء ومراجعة الطبيب أثناء الحمل""]","[{""evidence_id"": ""E1"", ""qa_id"": ""ahd5k_00439"", ""evidence_text"": ""إذا كانت المريضة حاملا وتستعمل بريمولوت ن فيجب إيقافه؛ يذكر المصدر دراسات عن احتمال تشوهات في القلب والأوعية والأنبوب العصبي والدماغ."", ""relation"": ""بريمولوت ن --REQUIRES_MEDICAL_SUPERVISION_FOR--> إيقاف الدواء ومراجعة الطبيب أثناء الحمل""}, {""evidence_id"": ""E2"", ""qa_id"": ""ahd5k_00230"", ""evidence_text"": ""في نهاية الأسبوع السادس يبدأ الجنين بتكوين العمود الفقري ويكون صغيرا جدا."", ""relation"": ""عظام الجنين --DEVELOPS_DURING--> نهاية الأسبوع السادس تقريبا""}, {""evidence_id"": ""E3"", ""qa_id"": ""ahd5k_03807"", ""evidence_text"": ""مضادات حيويه نكسيوم و كلاريثرومايسين واموكسسلين"", ""relation"": ""الدواء --TREATS--> الملوية البوابية""}, {""evidence_id"": ""E4"", ""qa_id"": ""ahd5k_00597"", ""evidence_text"": ""اللقاح"", ""relation"": ""فايروس الكبد --TREATED_BY--> اللقاح""}, {""evidence_id"": ""E5"", ""qa_id"": ""ahd5k_02903"", ""evidence_text"": ""قيء"", ""relation"": ""الحمل --HAS_SYMPTOM--> قيء""}, {""evidence_id"": ""E6"", ""qa_id"": ""ahd5k_00597"", ""evidence_text"": ""الجرعات الثلاثه"", ""relation"": ""فايروس الكبد --TREATED_BY--> الجرعات الثلاثه""}]",0.8281,0.8281,high,0.7372,0.9504,0.1667,1.0,0.0,1,1,[],"[""ال أدلة المتوفرة تركز على بريمولوت ن وليس ميزوتاك، مما يشير إلى نقص في المعلومات حول تأثير ميزوتاك على الجنين.""]"
trial_query_114,حموضة في فمي واحساس برائحة تفاح متعفن مع كدمات زرقاء غامقة في قدماي واحساس بغبوش في الرؤية,لا توجد أدلة كافية. يُنصح باستشارة طبيب مختص للحصول على تقييم دقيق.,لم يتم إصدار إجابة طبية لأن الأدلة المسترجعة لا تدعم ادعاءات كافية. الجملة الخاصة باستشارة الطبيب تُعامل كتنبيه سلامة ثابت وليست ادعاءً طبياً محسوباً ضمن الأدلة.,insufficient_evidence,[],"[{""evidence_id"": ""E1"", ""qa_id"": ""ahd5k_02292"", ""evidence_text"": ""نقص في الدم مع الالم في المعده"", ""relation"": ""فقر الدم --HAS_SYMPTOM--> الم المعدجة""}, {""evidence_id"": ""E2"", ""qa_id"": ""ahd5k_02292"", ""evidence_text"": ""فحص الجرثومة الحلزونية"", ""relation"": ""الم المعدجة --INVESTIGATED_BY--> فحص الجرثومة الحلزونية""}]",0.2,0.2,low,0.0,0.0,0.0,0.0,0.0,0,0,[],"[""العلاقات المُسترجعة لا تغطي الأعراض المذكورة (حموضة الفم، رائحة الفم، الكدمات، الغبوش في الرؤية)."", ""الموثوقية المحدودة للعلاقات المُسترجعة.""]"
trial_query_115,قمت بعمل اشعة بالصبغة على الاورطى والشرايين الطرفية وجت انتفاخ بالوجه ووجع بالجسم ارجو الافادة,"أشعة الصبغة تُستخدم لفحص الشرايين الطرفية والأورطى لتحديد سبب الانتفاخ والوجع [E1,E2,E3,E4 | ahd5k_01537]",تم دعم الإجابة بواسطة 3 علاقة طبية مسترجعة. اعتمدت الإجابة على 3 أدلة مصدرية من قاعدة AHD. درجة الثقة حُسبت من دعم الادعاءات، تغطية الأدلة، ثقة العلاقات، موثوقية المصادر، ومعدل الهلوسة. تم حذف الادعاءات غير المدعومة قبل إخراج الإجابة النهائية.,answerable,"[""وجع --INVESTIGATED_BY--> اشعة"", ""انتفاخ --INVESTIGATED_BY--> اشعة"", ""اشعة --INVESTIGATES--> وجع""]","[{""evidence_id"": ""E1"", ""qa_id"": ""ahd5k_01537"", ""evidence_text"": ""اشعة بالصبغة"", ""relation"": ""وجع --INVESTIGATED_BY--> اشعة""}, {""evidence_id"": ""E5"", ""qa_id"": ""ahd5k_00114"", ""evidence_text"": ""اجراء صورة اشعة عادية للحوض"", ""relation"": ""التهاب --DIAGNOSED_BY--> اشعة""}, {""evidence_id"": ""E6"", ""qa_id"": ""ahd5k_02003"", ""evidence_text"": ""عمل صورة أشعة للرأس"", ""relation"": ""ارتجاج دماغي --DIAGNOSED_BY--> أشعة""}]",0.8625,0.8625,high,0.795,0.9551,0.6667,1.0,0.0,3,1,[],"[""البيانات المتوفرة لا تشمل تشخيصًا محددًا أو أسبابًا محتملة للانتفاخ والوجع"", ""لا توجد أدلة على وجود مسببات أو علاجات مرتبطة مباشرة بهذه الأعراض""]"
trial_query_116,ماهي أضرارشجرة القات وماهي منافعها إذا لها فوائد وهل صحيح أنها علاج لمرضى السكر,لا توجد أدلة كافية. يُنصح باستشارة طبيب مختص للحصول على تقييم دقيق.,لم يتم إصدار إجابة طبية لأن الأدلة المسترجعة لا تدعم ادعاءات كافية. الجملة الخاصة باستشارة الطبيب تُعامل كتنبيه سلامة ثابت وليست ادعاءً طبياً محسوباً ضمن الأدلة.,insufficient_evidence,[],"[{""evidence_id"": ""E1"", ""qa_id"": ""ahd5k_01294"", ""evidence_text"": ""مرض السكري وضغط الدمز"", ""relation"": ""مرض السكري --HAS_SYMPTOM--> ضغط الدم""}, {""evidence_id"": ""E2"", ""qa_id"": ""ahd5k_02607"", ""evidence_text"": ""مرض السكري وضغط الدم"", ""relation"": ""مرض السكري --HAS_SYMPTOM--> ضغط الدم""}, {""evidence_id"": ""E4"", ""qa_id"": ""ahd5k_04912"", ""evidence_text"": ""مع العلم أن المريض يعاني من مرض السكر"", ""relation"": ""ضغط الدم --SYMPTOM_OF--> مرض السكري""}, {""evidence_id"": ""E5"", ""qa_id"": ""ahd5k_01551"", ""evidence_text"": ""تحاليل مخبرية"", ""relation"": ""مرض السكري --DIAGNOSED_BY--> تحاليل مخبرية""}]",0.2,0.2,low,0.0,0.0,0.0,0.0,0.0,0,0,[],"[""عدم وجود علاقات مباشرة بين شجرة القات ومرض السكري في السياق المقدم.""]"
trial_query_117,أعاني من حرقان بكامل بجسمي والتهاب المسالك البوليه وارتفاع الكلسترول والدهون الثلاثيه مال الحل جزاكم الله خير وما قد يكون المسبب,لا توجد أدلة كافية. يُنصح باستشارة طبيب مختص للحصول على تقييم دقيق.,لم يتم إصدار إجابة طبية لأن الأدلة المسترجعة لا تدعم ادعاءات كافية. الجملة الخاصة باستشارة الطبيب تُعامل كتنبيه سلامة ثابت وليست ادعاءً طبياً محسوباً ضمن الأدلة.,insufficient_evidence,[],"[{""evidence_id"": ""E1"", ""qa_id"": ""ahd5k_00780"", ""evidence_text"": ""الصداع التوتري قد يظهر كصداع يختلف حدته"", ""relation"": ""الصداع التوتري --HAS_SYMPTOM--> صداع""}, {""evidence_id"": ""E3"", ""qa_id"": ""ahd5k_03242"", ""evidence_text"": ""قد يعطى لك المهدئات لتقلصات العضلات والعقاقير من خلال الوريد (عن طريق الوريد) لعلاج ارتفاع ضغط الدم والإثارة والألم."", ""relation"": ""ارتفاع ضغط الدم --TREATED_BY--> العقاقير""}]",0.2,0.2,low,0.0,0.0,0.0,0.0,0.0,0,0,[],"[""عدم توفر أدلة مباشرة لربط الأعراض المذكورة (حرقان، التهاب مسالك بولية، ارتفاع الكوليسترول والدهون الثلاثية) بالعلاقات المستنتجة."", ""العلاقات المتوفرة ذات موثوقية محدودة (reliability=limited) ولا تغطي الجوانب العلاجية للأعراض المذكورة.""]"
trial_query_118,ماهي علاجات حمى التهاب باطن القدم وباطن اليد وماهي الفحوصات للتاكد من اسباب هذا المرض؟,"علاج حمى باطن القدم واليد يشمل مضادات حيوية مثل البنسيلين والسيبروفلوكساسين [E1 | ahd5k_01255] الحمى قد تكون نتيجة عضة الجرذ أو الجرذون، لكن لم تُذكر الفحوصات المحددة لتأكيد السبب [E1,E4 | ahd5k_01255]",تم دعم الإجابة بواسطة 2 علاقة طبية مسترجعة. اعتمدت الإجابة على 3 أدلة مصدرية من قاعدة AHD. درجة الثقة حُسبت من دعم الادعاءات، تغطية الأدلة، ثقة العلاقات، موثوقية المصادر، ومعدل الهلوسة. تم حذف الادعاءات غير المدعومة قبل إخراج الإجابة النهائية.,answerable,"[""حمى عضة الجرذ --HAS_SYMPTOM--> حمى"", ""حمى --SYMPTOM_OF--> حمى عضة الجرذ""]","[{""evidence_id"": ""E1"", ""qa_id"": ""ahd5k_01255"", ""evidence_text"": ""حمى عضة الجرذ ، وحمى عضة الفأر"", ""relation"": ""حمى عضة الجرذ --HAS_SYMPTOM--> حمى""}, {""evidence_id"": ""E2"", ""qa_id"": ""ahd5k_01255"", ""evidence_text"": ""حمى عضة الفأر"", ""relation"": ""حمى عضة الفأر --HAS_SYMPTOM--> حمى""}, {""evidence_id"": ""E3"", ""qa_id"": ""ahd5k_01255"", ""evidence_text"": ""حمى عضة الجرذون"", ""relation"": ""حمى عضة الجرذون --HAS_SYMPTOM--> حمى""}]",0.8039,0.8039,high,0.7269,0.7994,0.3333,1.0,0.0,2,1,[],"[""لا توجد أدلة مباشرة حول الفحوصات المخبرية لتأكيد سبب حمى باطن القدم واليد"", ""البيانات محدودة بحالات العضات وليس المرض المذكور في السؤال""]"
trial_query_119,والدي وقع من الدرج قبل ثلالث ايام نلاحظ هناك زغللة في عينه اليمنى مع حول فيها تم قياسة مستوى السكر اليوم 200 اتمنى افادتي بهذا الامر هل له علاقة بالحلطة...,"مرض السكري مرتبط بارتفاع ضغط الدم [E1,E2 | ahd5k_01294,ahd5k_04912] يمكن تشخيص مرض السكري عبر تحاليل مخبرية [E3,E5 | ahd5k_01551]",تم دعم الإجابة بواسطة 3 علاقة طبية مسترجعة. اعتمدت الإجابة على 3 أدلة مصدرية من قاعدة AHD. درجة الثقة حُسبت من دعم الادعاءات، تغطية الأدلة، ثقة العلاقات، موثوقية المصادر، ومعدل الهلوسة. تم حذف الادعاءات غير المدعومة قبل إخراج الإجابة النهائية.,answerable,"[""مرض السكري --HAS_SYMPTOM--> ضغط الدم"", ""مرض السكري --DIAGNOSED_BY--> تحاليل مخبرية"", ""تحاليل مخبرية --DIAGNOSES--> مرض السكري""]","[{""evidence_id"": ""E1"", ""qa_id"": ""ahd5k_01294"", ""evidence_text"": ""مرض السكري وضغط الدمز"", ""relation"": ""مرض السكري --HAS_SYMPTOM--> ضغط الدم""}, {""evidence_id"": ""E2"", ""qa_id"": ""ahd5k_04912"", ""evidence_text"": ""مع العلم أن المريض يعاني من مرض السكر"", ""relation"": ""مرض السكري --HAS_SYMPTOM--> ضغط الدم""}, {""evidence_id"": ""E3"", ""qa_id"": ""ahd5k_01551"", ""evidence_text"": ""تحاليل مخبرية"", ""relation"": ""مرض السكري --DIAGNOSED_BY--> تحاليل مخبرية""}]",0.8787,0.8787,high,0.6649,0.9548,0.5714,1.0,0.0,3,3,[],"[""لا توجد أدلة مباشرة تربط مستوى السكر المرتفع بزغللة العين في السياق الحالي""]"
trial_query_120,ماهي الاهمية الطبية للجلوكوز والفركتوز والجالكتوز؟,الجلوكوز هو المصدر الأساسي للطاقة في الخلية [E1 | ahd5k_01578] الفركتوز مكون في جدار الخلايا [E1 | ahd5k_01578] الجلاكتوز يدخل في تركيب البروتينات والدهون الخلوية ويُشكّل اللاكتوز مع الجلوكوز [E1 | ahd5k_01578] خلل في تمثيل الجلوكوز أو الفركتوز أو الجلاكتوز يؤدي إلى أمراض في العين وفقدان حاسة الشم واختلال وظائف الكبد والكلى [E1 | ahd5k_01578],تم دعم الإجابة بواسطة 1 علاقة طبية مسترجعة. اعتمدت الإجابة على 1 أدلة مصدرية من قاعدة AHD. درجة الثقة حُسبت من دعم الادعاءات، تغطية الأدلة، ثقة العلاقات، موثوقية المصادر، ومعدل الهلوسة. تم حذف الادعاءات غير المدعومة قبل إخراج الإجابة النهائية.,answerable,"[""التهاب --HAS_SYMPTOM--> اختلال وظائف الكبد""]","[{""evidence_id"": ""E1"", ""qa_id"": ""ahd5k_01578"", ""evidence_text"": ""التهاب في العين وفقدان حاسة الشم واختلال وظائف الكبد والكلى"", ""relation"": ""التهاب --HAS_SYMPTOM--> اختلال وظائف الكبد""}]",0.8478,0.8478,high,0.7576,0.7274,0.5,1.0,0.0,1,1,[],"[""العلاقات بين التهابات ووظائف الكبد محدودة في الأدلة [E2]""]"
trial_query_121,متى يلجأ الدكتور الي نزع عَصّب السن او الضرس,لا توجد أدلة كافية. يُنصح باستشارة طبيب مختص للحصول على تقييم دقيق.,لم يتم إصدار إجابة طبية لأن الأدلة المسترجعة لا تدعم ادعاءات كافية. الجملة الخاصة باستشارة الطبيب تُعامل كتنبيه سلامة ثابت وليست ادعاءً طبياً محسوباً ضمن الأدلة.,insufficient_evidence,[],"[{""evidence_id"": ""E1"", ""qa_id"": ""ahd5k_00484"", ""evidence_text"": ""لا توجد علاقة مرتبطة بين حشو الأسنان وغمازة الوجه حسب مصدر AHD."", ""relation"": ""حشو الأسنان --NOT_ASSOCIATED_WITH--> غمازة الوجه""}, {""evidence_id"": ""E2"", ""qa_id"": ""ahd5k_00484"", ""evidence_text"": ""إذا تم تخدير منطقة الغمازة بمخدر قوي وكمية كبيرة فقد تزول الحالة خلال 24-48 ساعة."", ""relation"": ""تخدير موضعي قوي --MAY_TEMPORARILY_AFFECT--> غمازة الوجه""}, {""evidence_id"": ""E3"", ""qa_id"": ""ahd5k_00828"", ""evidence_text"": ""كثرة برد الأسنان قد تؤثر على الأسنان وتجعلها حساسة."", ""relation"": ""برد الأسنان --HAS_RISK--> حساسية الأسنان""}, {""evidence_id"": ""E4"", ""qa_id"": ""ahd5k_00828"", ""evidence_text"": ""برد الأسنان للتصغير قد يتم في جلسة واحدة، أما للتركيب وعمل أسنان صناعية فقد يحتاج جلسة أو جلستين."", ""relation"": ""برد الأسنان --PROCEDURE_DURATION--> جلسة واحدة أو جلستان""}]",0.025,0.025,low,0.0,0.0,0.0,0.0,1.0,0,0,"[""المعلومات المتاحة تركز على علاقات غير مباشرة مثل تأثير التخدير الموضعي على الغمزة أو مخاطر الحساسية بعد برد الأسنان، دون ذكر شروط أو أوقات محددة لعملية النزع""]","[""السياق لا يحتوي على علاقات أو أدلة توضح متى يتم اللجوء إلى نزع عَصّب السن أو الضرس.""]"
trial_query_122,سلام لقد اجريت فحص الهرمون B-HCG ،و نتائج التحاليل كما يللي 3-4 اسبوع 9-130 4-5 اسبوع 75-2600 5-6 اسبوع 850-20800 7-8 اسبوع 4000-100200 7-12 اسبوع 11500-289000 12-16 اسبوع 18300-137000 و...,لا توجد أدلة كافية. يُنصح باستشارة طبيب مختص للحصول على تقييم دقيق.,لم يتم إصدار إجابة طبية لأن الأدلة المسترجعة لا تدعم ادعاءات كافية. الجملة الخاصة باستشارة الطبيب تُعامل كتنبيه سلامة ثابت وليست ادعاءً طبياً محسوباً ضمن الأدلة.,insufficient_evidence,[],"[{""evidence_id"": ""E1"", ""qa_id"": ""ahd5k_00855"", ""evidence_text"": ""ينبغي معرفة التاريخ المرضي وإجراء فحص للكشف عن علامات سريرية تساعد في تحديد طبيعة الحالة."", ""relation"": ""صعوبة التنفس والإرهاق --INVESTIGATED_BY--> التاريخ المرضي والفحص السريري""}, {""evidence_id"": ""E2"", ""qa_id"": ""ahd5k_00035"", ""evidence_text"": ""مستوى الهرمون في الدم"", ""relation"": ""مرض الغدة الدرقية --DIAGNOSED_BY--> الهرمون""}, {""evidence_id"": ""E4"", ""qa_id"": ""ahd5k_00313"", ""evidence_text"": ""فحص نخاع العظم مرتبط بتشخيص نقص الصفيحات"", ""relation"": ""نقص الصفيحات --DIAGNOSED_BY--> فحص نخاع العظم""}, {""evidence_id"": ""E6"", ""qa_id"": ""ahd5k_00855"", ""evidence_text"": ""صعوبة التنفس والإرهاق قد تكون ناجمة عن التهاب في الجهاز التنفسي أو فقر الدم أو اضطرابات دموية أو متعلقة بجهاز الدورة الدموية."", ""relation"": ""صعوبة التنفس والإرهاق --MAY_BE_ASSOCIATED_WITH--> التهاب تنفسي أو فقر دم أو اضطراب دموي أو دوراني""}]",0.2,0.2,low,0.0,0.0,0.0,0.0,0.0,0,0,[],"[""الهرمون المذكور في الأدلة (الهرمون) لا يرتبط بـ B-HCG بشكل مباشر."", ""النتائج المقدمة من المستخدم لا تتوافق مع العلاقات المتوفرة في السياق.""]"
trial_query_123,لسلام عليكم ممكن تساعدوني ابني عملتله تطعيم سنة ونص اليوم هو يعاني من ارتفاع الحرارة ومايقدر يحرك رجلو وحتى يوقف وهو كتير البكاء كيف اتعامل معاه كيف اخفف من الم...,"استخدام خافض حرارة ومسكن للآلام بعد التطعيم يُخفف الأعراض [E1,E3 | ahd5k_01611,ahd5k_01611]",تم دعم الإجابة بواسطة 2 علاقة طبية مسترجعة. اعتمدت الإجابة على 3 أدلة مصدرية من قاعدة AHD. درجة الثقة حُسبت من دعم الادعاءات، تغطية الأدلة، ثقة العلاقات، موثوقية المصادر، ومعدل الهلوسة. تم حذف الادعاءات غير المدعومة قبل إخراج الإجابة النهائية.,answerable,"[""حمى --TREATED_BY--> خافض حراره"", ""خافض حراره --TREATS--> حمى""]","[{""evidence_id"": ""E1"", ""qa_id"": ""ahd5k_01611"", ""evidence_text"": ""المفروض ان تزول هذه الاعراض خلال 48 ساعة وعليكي استخدام خافض حراره ومسكن للالم بعد تطعيم"", ""relation"": ""حمى --TREATED_BY--> خافض حراره""}, {""evidence_id"": ""E2"", ""qa_id"": ""ahd5k_00012"", ""evidence_text"": ""التخلص من الحصى يبدأ بدراستها لمعرفة مكانها وحجمها وطبيعتها ثم يقرر الطبيب كيفية التخلص منها."", ""relation"": ""حصى الكلى --TREATED_BY--> الإكثار من السوائل والتقييم الطبي""}, {""evidence_id"": ""E4"", ""qa_id"": ""ahd5k_00203"", ""evidence_text"": ""الروتيكسيماب يفيده في علاج النقص الشديد للصفائح"", ""relation"": ""النقص الشديد للصفائح --TREATED_BY--> الروتيكسيماب""}]",0.8109,0.8109,high,0.4477,0.8914,0.4,1.0,0.0,2,1,[],"[""العلاقات الطبية ذات موثوقية محدودة (reliability=limited)""]"
trial_query_124,هل زيت نبات الميرمية له آثار جانبية عند تناوله بشكل 3 كبسولات قبل الطعام للتخلص من افراز البرولاكتين المفرز والناتج عن ورم حميد في الغدة النخامية . .,"الميرمية قد تُستخدم لتنظيم الدورة الشهرية ولكنها لا تُغني عن العلاج الطبي الأساسي [E1,E2 | ahd5k_04015,ahd5k_04015]",تم دعم الإجابة بواسطة 2 علاقة طبية مسترجعة. اعتمدت الإجابة على 4 أدلة مصدرية من قاعدة AHD. درجة الثقة حُسبت من دعم الادعاءات، تغطية الأدلة، ثقة العلاقات، موثوقية المصادر، ومعدل الهلوسة. تم حذف الادعاءات غير المدعومة قبل إخراج الإجابة النهائية.,answerable,"[""الدورة الشهرية --TREATED_BY--> الميرمية"", ""الميرمية --TREATS--> الدورة الشهرية""]","[{""evidence_id"": ""E1"", ""qa_id"": ""ahd5k_04015"", ""evidence_text"": ""الميرمية"", ""relation"": ""الدورة الشهرية --TREATED_BY--> الميرمية""}, {""evidence_id"": ""E3"", ""qa_id"": ""ahd5k_00035"", ""evidence_text"": ""اخذ التروكسين"", ""relation"": ""مرض الغدة الدرقية --TREATED_BY--> التروكسين""}, {""evidence_id"": ""E4"", ""qa_id"": ""ahd5k_00035"", ""evidence_text"": ""مستوى الهرمون في الدم"", ""relation"": ""مرض الغدة الدرقية --DIAGNOSED_BY--> الهرمون""}, {""evidence_id"": ""E5"", ""qa_id"": ""ahd5k_01128"", ""evidence_text"": ""الطعام"", ""relation"": ""الجوع --TREATED_BY--> الطعام""}]",0.7994,0.7994,medium,0.4386,0.8905,0.3333,1.0,0.0,2,1,[],"[""لا توجد أدلة مباشرة عن تأثير الميرمية على البرولاكتين أو الورم النخامي"", ""العلاقة بين الميرمية والهرمونات الأخرى غير مذكورة""]"
trial_query_125,عندي الم في منطقه البطن مع الم بصدر جهه اليمين الى الرقبه وماقدرت اعرف تفسير الالم ذا من ايش او سببه مع وجود احيان ضيق بالتنفس ،،،، افيدوني,"العلاقة بين الألم وحالة 'ارتياف دعب الديم' قد تكون مرتبطة بتشنج عضلي أو جهد بدني [E1][E2] [E1,E2 | ahd5k_03738,ahd5k_03738] لا توجد أدلة كافية في السياق المسترجع لدعم: الألم في البطن مع انتقاله إلى الصدر والرقبة لم يتم توثيقه في الأدلة المُسترجعة.",تمت الإجابة فقط عن الجزء المدعوم بالأدلة، مع توضيح الجزء غير المدعوم. تم دعم الإجابة بواسطة 2 علاقة طبية مسترجعة. اعتمدت الإجابة على 4 أدلة مصدرية من قاعدة AHD. درجة الثقة حُسبت من دعم الادعاءات، تغطية الأدلة، ثقة العلاقات، موثوقية المصادر، ومعدل الهلوسة. تم حذف الادعاءات غير المدعومة قبل إخراج الإجابة النهائية.,partially_answerable,"[""ارتياف دعب \\u0627لديم --HAS_SYMPTOM--> الالم"", ""الالم --SYMPTOM_OF--> ارتياف دعب \\u0627لديم""]","[{""evidence_id"": ""E1"", ""qa_id"": ""ahd5k_03738"", ""evidence_text"": ""الالم الدي الديم الديم الديم"", ""relation"": ""ارتياف دعب \\u0627لديم --HAS_SYMPTOM--> الالم""}, {""evidence_id"": ""E3"", ""qa_id"": ""ahd5k_02292"", ""evidence_text"": ""نقص في الدم مع الالم في المعده"", ""relation"": ""فقر الدم --HAS_SYMPTOM--> الم المعدجة""}, {""evidence_id"": ""E5"", ""qa_id"": ""ahd5k_01190"", ""evidence_text"": ""يمكن شده بممارسة الرياضة أو بالجراحة التجميلية"", ""relation"": ""الجلد المترهل --TREATED_BY--> الجراحة التجميلية""}, {""evidence_id"": ""E6"", ""qa_id"": ""ahd5k_02292"", ""evidence_text"": ""فحص الجرثومة الحلزونية"", ""relation"": ""الم المعدجة --INVESTIGATED_BY--> فحص الجرثومة الحلزونية""}]",0.5537,0.5537,medium,0.7252,0.7992,0.3333,0.5,0.5,2,1,"[""الألم في البطن مع انتقاله إلى الصدر والرقبة لم يتم توثيقه في الأدلة المُسترجعة""]","[""البيانات المتوفرة لا تغطي أعراض الألم في البطن مع انتقاله إلى الصدر والرقبة"", ""عدم وجود أدلة حول العلاقة بين الألم المذكور وضيق التنفس""]"
