query_id,query,claim_id,claim_rank,claim_ar,support_status,support_score,citation_valid,qa_valid,cited_evidence_ids,valid_evidence_ids,source_qa_ids,valid_source_qa_ids,supporting_relations,supporting_evidence,verification_reason,best_evidence_preview
trial_query_076,ما علاج البلغم (حساسية الصدر) رغم اخذى هلاج اكثر من مرة ولا فائدة ؟ هل امتنع عن طعام معين يزيد البلغم وانا غير مدخن واخذ علاج للضغط والكوليسترول عمرى 55...,trial_query_076_claim_01,1,تجنب المنتجات التي تحتوي على الجلوتين قد يساعد في تحسين الحساسية,supported,0.4545,True,True,"[""E1""]","[""E1""]","[""ahd5k_00812""]","[""ahd5k_00812""]","[""حساسية --TREATED_BY--> تجنب المنتجات التي تحوي جلوتين""]","[{""evidence_id"": ""E1"", ""qa_id"": ""ahd5k_00812"", ""evidence_text"": ""للاسف اهم علاج تجنب المنتجات التي تحوي جلوتين"", ""relation"": ""حساسية --TREATED_BY--> تجنب المنتجات التي تحوي جلوتين""}]",claim terms overlap retrieved evidence and cited/source ids are valid,للاسف اهم علاج تجنب المنتجات التي تحوي جلوتين
trial_query_076,ما علاج البلغم (حساسية الصدر) رغم اخذى هلاج اكثر من مرة ولا فائدة ؟ هل امتنع عن طعام معين يزيد البلغم وانا غير مدخن واخذ علاج للضغط والكوليسترول عمرى 55...,trial_query_076_claim_02,2,مضادات الهيستامين مثل تيليفاست قد تكون مفيدة في الحساسية,supported,0.4444,True,True,"[""E4""]","[""E4""]","[""ahd5k_02470""]","[""ahd5k_02470""]","[""حساسية --TREATED_BY--> تيليفاست""]","[{""evidence_id"": ""E4"", ""qa_id"": ""ahd5k_02470"", ""evidence_text"": ""مضاد للهيستامين مثل تيليفاست"", ""relation"": ""حساسية --TREATED_BY--> تيليفاست""}]",claim terms overlap retrieved evidence and cited/source ids are valid,مضاد للهيستامين مثل تيليفاست
trial_query_078,ماالعلاج الاسعافي لأنخفاض السكر مع فقدان الوعي,trial_query_078_claim_01,1,يُنصح بإعطاء المصاب عسلًا تحت لسانه في حالة انخفاض السكر مع فقدان الوعي,supported,0.5385,True,True,"[""E3""]","[""E3""]","[""ahd5k_00992""]","[""ahd5k_00992""]","[""فقدان الوعي --TREATED_BY--> عسل""]","[{""evidence_id"": ""E3"", ""qa_id"": ""ahd5k_00992"", ""evidence_text"": ""يجب عليك اعطاء المصاب عسل تحت لسانه"", ""relation"": ""فقدان الوعي --TREATED_BY--> عسل""}]",claim terms overlap retrieved evidence and cited/source ids are valid,يجب عليك اعطاء المصاب عسل تحت لسانه
trial_query_079,هل الاشعة المقطعيه بالصبغه للقلب تسبب انتفاخ اسفل الوجه او انتفاخ الغده هل هو طبيعي,trial_query_079_claim_01,1,الأشعة المقطعية بالصبغة تُستخدم لفحص الأعراض مثل الانتفاخ، لكن تفسير النتائج يتطلب تحليل تقرير الأشعة,weakly_supported,0.0714,True,True,"[""E1"", ""E3""]","[""E1"", ""E3""]","[""ahd5k_01537"", ""ahd5k_01537""]","[""ahd5k_01537"", ""ahd5k_01537""]","[""انتفاخ --INVESTIGATED_BY--> اشعة"", ""اشعة --INVESTIGATES--> انتفاخ""]","[{""evidence_id"": ""E1"", ""qa_id"": ""ahd5k_01537"", ""evidence_text"": ""اشعة بالصبغة"", ""relation"": ""انتفاخ --INVESTIGATED_BY--> اشعة""}, {""evidence_id"": ""E3"", ""qa_id"": ""ahd5k_01537"", ""evidence_text"": ""اشعة بالصبغة"", ""relation"": ""اشعة --INVESTIGATES--> انتفاخ""}]",partial evidence match or partial source/citation support,اشعة بالصبغة
trial_query_080,السلام عليكم..ماهو العلاج المناسب لتقليل نسبة الاملاح في الدم النسبة الحالية عندي هي (7.9) عمري 44 سنة /ذكر؟,trial_query_080_claim_01,1,يجب إجراء الفحص السريري والتحاليل المخبرية لتحديد السبب الجذري قبل تحديد العلاج,supported,0.5833,True,True,"[""E1""]","[""E1""]","[""ahd5k_04490""]","[""ahd5k_04490""]","[""حساسية الصدر --HAS_SYMPTOM--> سعال""]","[{""evidence_id"": ""E1"", ""qa_id"": ""ahd5k_04490"", ""evidence_text"": ""حساسية الصدر and سعال co-occur with explicit symptom-pathology link"", ""relation"": ""حساسية الصدر --HAS_SYMPTOM--> سعال""}]",claim terms overlap retrieved evidence and cited/source ids are valid,حساسية الصدر and سعال co-occur with explicit symptom-pathology link
trial_query_081,السلام عليكم أنا أشعر ببرودة رأسي -وغذا اصبح ملمس رأسي بارد جاني صداع لايزول بالمسكنات- ذهبت لأفضل أخصائي أنف وأذن وحنجرة قال هذا المرض ماله علاج !! ماهي التحاليل الأزمة...,trial_query_081_claim_01,1,الصداع قد يكون أحد أعراض التهاب السحايا أو التهاب الجيوب الأنفية أو الصداع التوتري,supported,0.6364,True,True,"[""E1"", ""E2"", ""E3""]","[""E1"", ""E2"", ""E3""]","[""ahd5k_02662"", ""ahd5k_02662"", ""ahd5k_02662""]","[""ahd5k_02662"", ""ahd5k_02662"", ""ahd5k_02662""]","[""التهاب السحايا --HAS_SYMPTOM--> صداع"", ""صداع --SYMPTOM_OF--> التهاب السحايا"", ""التهاب الجيوب الأنفية --HAS_SYMPTOM--> صداع""]","[{""evidence_id"": ""E1"", ""qa_id"": ""ahd5k_02662"", ""evidence_text"": ""صداع"", ""relation"": ""التهاب السحايا --HAS_SYMPTOM--> صداع""}, {""evidence_id"": ""E2"", ""qa_id"": ""ahd5k_02662"", ""evidence_text"": ""صداع"", ""relation"": ""صداع --SYMPTOM_OF--> التهاب السحايا""}, {""evidence_id"": ""E3"", ""qa_id"": ""ahd5k_02662"", ""evidence_text"": ""صداع"", ""relation"": ""التهاب الجيوب الأنفية --HAS_SYMPTOM--> صداع""}]",claim terms overlap retrieved evidence and cited/source ids are valid,صداع
trial_query_082,مامتي جدا تعبانه من القرحة من غير النزيف المستمر والان هي لا تتناول الاطعمة بسبب الغثيان ...ارجو مساعدتي ..وهي لا تريد المستشفی,trial_query_082_claim_01,1,يمكن استخدام ايزومبرازول 40 مجم يومياً لمدة 3 شهور لعلاج القرحة بدون نزيف,supported,0.4615,True,True,"[""E1"", ""E3""]","[""E1"", ""E3""]","[""ahd5k_01066"", ""ahd5k_01066""]","[""ahd5k_01066"", ""ahd5k_01066""]","[""قرحة --TREATED_BY--> ايزومبرازول"", ""ايزومبرازول --TREATS--> قرحة""]","[{""evidence_id"": ""E1"", ""qa_id"": ""ahd5k_01066"", ""evidence_text"": ""ممكن تجرب دواء اسمه ايزومبرازول"", ""relation"": ""قرحة --TREATED_BY--> ايزومبرازول""}, {""evidence_id"": ""E3"", ""qa_id"": ""ahd5k_01066"", ""evidence_text"": ""ممكن تجرب دواء اسمه ايزومبرازول"", ""relation"": ""ايزومبرازول --TREATS--> قرحة""}]",claim terms overlap retrieved evidence and cited/source ids are valid,ممكن تجرب دواء اسمه ايزومبرازول
trial_query_082,مامتي جدا تعبانه من القرحة من غير النزيف المستمر والان هي لا تتناول الاطعمة بسبب الغثيان ...ارجو مساعدتي ..وهي لا تريد المستشفی,trial_query_082_claim_02,2,عدم تحسن الحالة خلال العلاج يتطلب الذهاب إلى المستشفى,supported,0.3333,True,True,"[""E1"", ""E3""]","[""E1"", ""E3""]","[""ahd5k_01066"", ""ahd5k_01066""]","[""ahd5k_01066"", ""ahd5k_01066""]","[""قرحة --TREATED_BY--> ايزومبرازول"", ""ايزومبرازول --TREATS--> قرحة""]","[{""evidence_id"": ""E1"", ""qa_id"": ""ahd5k_01066"", ""evidence_text"": ""ممكن تجرب دواء اسمه ايزومبرازول"", ""relation"": ""قرحة --TREATED_BY--> ايزومبرازول""}, {""evidence_id"": ""E3"", ""qa_id"": ""ahd5k_01066"", ""evidence_text"": ""ممكن تجرب دواء اسمه ايزومبرازول"", ""relation"": ""ايزومبرازول --TREATS--> قرحة""}]",claim terms overlap retrieved evidence and cited/source ids are valid,ممكن تجرب دواء اسمه ايزومبرازول
trial_query_084,زوجتي حامل ومنذ بداية حملها لم اتوقف عن الاتصال معهاابدا ..فهل ذلك له علاقه لما تشعر به من حرقه في المهبل...وهل ذلك له تأثير على الجنين....,trial_query_084_claim_01,1,الحرقة في المهبل تشير إلى وجود التهابات نسائية,supported,0.375,True,True,"[""E1"", ""E2""]","[""E1"", ""E2""]","[""ahd5k_01099"", ""ahd5k_01099""]","[""ahd5k_01099"", ""ahd5k_01099""]","[""التهاب --HAS_SYMPTOM--> حرقه"", ""حرقه --SYMPTOM_OF--> التهاب""]","[{""evidence_id"": ""E1"", ""qa_id"": ""ahd5k_01099"", ""evidence_text"": ""التهابات نسائيه تسبب حرقه في المهبل"", ""relation"": ""التهاب --HAS_SYMPTOM--> حرقه""}, {""evidence_id"": ""E2"", ""qa_id"": ""ahd5k_01099"", ""evidence_text"": ""التهابات نسائيه تسبب حرقه في المهبل"", ""relation"": ""حرقه --SYMPTOM_OF--> التهاب""}]",claim terms overlap retrieved evidence and cited/source ids are valid,التهابات نسائيه تسبب حرقه في المهبل
trial_query_084,زوجتي حامل ومنذ بداية حملها لم اتوقف عن الاتصال معهاابدا ..فهل ذلك له علاقه لما تشعر به من حرقه في المهبل...وهل ذلك له تأثير على الجنين....,trial_query_084_claim_02,2,لا يوجد تأثير على الجنين من الحرقة الناتجة عن التهابات نسائية,supported,0.5455,True,True,"[""E1""]","[""E1""]","[""ahd5k_01099""]","[""ahd5k_01099""]","[""التهاب --HAS_SYMPTOM--> حرقه""]","[{""evidence_id"": ""E1"", ""qa_id"": ""ahd5k_01099"", ""evidence_text"": ""التهابات نسائيه تسبب حرقه في المهبل"", ""relation"": ""التهاب --HAS_SYMPTOM--> حرقه""}]",claim terms overlap retrieved evidence and cited/source ids are valid,التهابات نسائيه تسبب حرقه في المهبل
trial_query_085,لمدا كلما انزعجت من شخص ما أشعر بدوار ودقات سريعة للقلب وشعور براسي تقيل تم يغمى علي دون الغياب عن الوعي فما تشخيصكم لهدا وشكراً جزيل,trial_query_085_claim_01,1,الأعراض المذكورة قد تكون مرتبطة بحالات تتطلب تقييمًا طبيًا,unsupported,0.1111,False,False,[],[],[],[],"[""أغذية غنية بالحديد والفولات وفيتامين ب12 --ABSORPTION_IMPROVED_BY--> أطعمة غنية بفيتامين ج"", ""أغذية غنية بالحديد والفولات وفيتامين ب12 --ABSORPTION_REDUCED_BY--> الشاي والقهوة والكالسيوم مع الحديد""]","[{""evidence_id"": ""E2"", ""qa_id"": ""ahd5k_00594"", ""evidence_text"": ""تناول الأطعمة الغنية بالحديد مع أطعمة غنية بفيتامين ج مثل البرتقال والطماطم والفراولة قد يحسن الامتصاص."", ""relation"": ""أغذية غنية بالحديد والفولات وفيتامين ب12 --ABSORPTION_IMPROVED_BY--> أطعمة غنية بفيتامين ج""}, {""evidence_id"": ""E3"", ""qa_id"": ""ahd5k_00594"", ""evidence_text"": ""ينصح بتجنب تناول الأطعمة الغنية بالحديد مع القهوة أو الشاي أو الأطعمة الغنية بالكالسيوم لأنها قد تمنع امتصاص الحديد."", ""relation"": ""أغذية غنية بالحديد والفولات وفيتامين ب12 --ABSORPTION_REDUCED_BY--> الشاي والقهوة والكالسيوم مع الحديد""}]",no sufficient lexical evidence support in the retrieved subgraph,تناول الأطعمة الغنية بالحديد مع أطعمة غنية بفيتامين ج مثل البرتقال والطماطم والفراولة قد يحسن الامتصاص.
trial_query_086,عندي فقر دم وعملت التحاليل عندي نقص فيتامين دال ونقص حديد وصف لي الدكتور 20 ابرة حديد لمدة شهر هل اخذ هالكمية بهذه المدة آمن أم مضر للجسم ؟ وما...,trial_query_086_claim_01,1,وصف 20 إبرة حديد خلال شهر آمن إذا كانت مبنية على نتائج التحاليل,supported,0.5385,True,True,"[""E6""]","[""E6""]","[""ahd5k_01162""]","[""ahd5k_01162""]","[""نقص حديد --DIAGNOSED_BY--> فحص تحاليل مخبرية""]","[{""evidence_id"": ""E6"", ""qa_id"": ""ahd5k_01162"", ""evidence_text"": ""فحص التحاليل المخبرية مرتبط بتشخيص نقص حديد"", ""relation"": ""نقص حديد --DIAGNOSED_BY--> فحص تحاليل مخبرية""}]",claim terms overlap retrieved evidence and cited/source ids are valid,فحص التحاليل المخبرية مرتبط بتشخيص نقص حديد
trial_query_086,عندي فقر دم وعملت التحاليل عندي نقص فيتامين دال ونقص حديد وصف لي الدكتور 20 ابرة حديد لمدة شهر هل اخذ هالكمية بهذه المدة آمن أم مضر للجسم ؟ وما...,trial_query_086_claim_02,2,يجب تقييم الجرعة بناءً على نسبة الهيموغلوبين ومخزون الحديد في الجسم,supported,0.5455,True,True,"[""E6""]","[""E6""]","[""ahd5k_01162""]","[""ahd5k_01162""]","[""نقص حديد --DIAGNOSED_BY--> فحص تحاليل مخبرية""]","[{""evidence_id"": ""E6"", ""qa_id"": ""ahd5k_01162"", ""evidence_text"": ""فحص التحاليل المخبرية مرتبط بتشخيص نقص حديد"", ""relation"": ""نقص حديد --DIAGNOSED_BY--> فحص تحاليل مخبرية""}]",claim terms overlap retrieved evidence and cited/source ids are valid,فحص التحاليل المخبرية مرتبط بتشخيص نقص حديد
trial_query_087,أود معرفة ما أسباب تدلي المستقيم؟وطرق العلاج؟,trial_query_087_claim_02,2,البيانات المتاحة تركز على أمراض أخرى مثل دوالي الخصية أو التهابات المسالك البولية، ولا تتضمن معلومات مباشرة عن تدلي المستقيم,unsupported,0.25,True,True,[],[],[],[],"[""دوالي الخصية --TREATED_BY--> العلاج بالجراحة"", ""العلاج بالجراحة --TREATS--> دوالي الخصية"", ""التهاب --HAS_SYMPTOM--> الدم""]","[{""evidence_id"": ""E5"", ""qa_id"": ""ahd5k_00261"", ""evidence_text"": ""العلاج بالجراحة"", ""relation"": ""دوالي الخصية --TREATED_BY--> العلاج بالجراحة""}, {""evidence_id"": ""E6"", ""qa_id"": ""ahd5k_00261"", ""evidence_text"": ""العلاج بالجراحة"", ""relation"": ""العلاج بالجراحة --TREATS--> دوالي الخصية""}, {""evidence_id"": ""E2"", ""qa_id"": ""ahd5k_00666"", ""evidence_text"": ""التهاب في المثانة أو الإحليل يسبب خروج الدم"", ""relation"": ""التهاب --HAS_SYMPTOM--> الدم""}]",no sufficient lexical evidence support in the retrieved subgraph,العلاج بالجراحة
trial_query_088,كيف يمكن شد الجلد المترهل في منطقه البطن مع العلم ان الوزن مناسب؟,trial_query_088_claim_01,1,يمكن شد الجلد المترهل في منطقة البطن بالجراحة التجميلية,supported,0.8889,True,True,"[""E1"", ""E3""]","[""E1"", ""E3""]","[""ahd5k_01190"", ""ahd5k_01190""]","[""ahd5k_01190"", ""ahd5k_01190""]","[""الجلد المترهل --TREATED_BY--> الجراحة التجميلية"", ""الجراحة التجميلية --TREATS--> الجلد المترهل""]","[{""evidence_id"": ""E1"", ""qa_id"": ""ahd5k_01190"", ""evidence_text"": ""يمكن شده بممارسة الرياضة أو بالجراحة التجميلية"", ""relation"": ""الجلد المترهل --TREATED_BY--> الجراحة التجميلية""}, {""evidence_id"": ""E3"", ""qa_id"": ""ahd5k_01190"", ""evidence_text"": ""يمكن شده بممارسة الرياضة أو بالجراحة التجميلية"", ""relation"": ""الجراحة التجميلية --TREATS--> الجلد المترهل""}]",claim terms overlap retrieved evidence and cited/source ids are valid,يمكن شده بممارسة الرياضة أو بالجراحة التجميلية
trial_query_088,كيف يمكن شد الجلد المترهل في منطقه البطن مع العلم ان الوزن مناسب؟,trial_query_088_claim_02,2,يمكن شد الجلد المترهل في منطقة البطن بممارسة الرياضة,supported,0.8889,True,True,"[""E1"", ""E3""]","[""E1"", ""E3""]","[""ahd5k_01190"", ""ahd5k_01190""]","[""ahd5k_01190"", ""ahd5k_01190""]","[""الجلد المترهل --TREATED_BY--> الجراحة التجميلية"", ""الجراحة التجميلية --TREATS--> الجلد المترهل""]","[{""evidence_id"": ""E1"", ""qa_id"": ""ahd5k_01190"", ""evidence_text"": ""يمكن شده بممارسة الرياضة أو بالجراحة التجميلية"", ""relation"": ""الجلد المترهل --TREATED_BY--> الجراحة التجميلية""}, {""evidence_id"": ""E3"", ""qa_id"": ""ahd5k_01190"", ""evidence_text"": ""يمكن شده بممارسة الرياضة أو بالجراحة التجميلية"", ""relation"": ""الجراحة التجميلية --TREATS--> الجلد المترهل""}]",claim terms overlap retrieved evidence and cited/source ids are valid,يمكن شده بممارسة الرياضة أو بالجراحة التجميلية
trial_query_089,السلام عليكم عمري43 اعاني ارتفاع الصفراء في الدم وصلت الي 7.6 ويوجد تضخم في الطحال والم ف اسفل البطن وجانبين الي الظهر مع احساس بالتعب تحاليل للفيروسات سلبي ومناعةانكا 1/80,trial_query_089_claim_01,1,تضخم الطحال يمكن أن يسبب تضخمًا في الأرداف,supported,0.25,True,True,"[""E1""]","[""E1""]","[""ahd5k_00647""]","[""ahd5k_00647""]","[""تضخم --HAS_SYMPTOM--> تضخم في الارداف""]","[{""evidence_id"": ""E1"", ""qa_id"": ""ahd5k_00647"", ""evidence_text"": ""تضخم في الارداف"", ""relation"": ""تضخم --HAS_SYMPTOM--> تضخم في الارداف""}]",claim terms overlap retrieved evidence and cited/source ids are valid,تضخم في الارداف
trial_query_089,السلام عليكم عمري43 اعاني ارتفاع الصفراء في الدم وصلت الي 7.6 ويوجد تضخم في الطحال والم ف اسفل البطن وجانبين الي الظهر مع احساس بالتعب تحاليل للفيروسات سلبي ومناعةانكا 1/80,trial_query_089_claim_02,2,الالتهاب يمكن أن يسبب التعب,supported,0.2,True,True,"[""E2"", ""E3""]","[""E2"", ""E3""]","[""ahd5k_03872""]","[""ahd5k_03872""]","[""التهاب --HAS_SYMPTOM--> تعب"", ""تعب --SYMPTOM_OF--> التهاب""]","[{""evidence_id"": ""E2"", ""qa_id"": ""ahd5k_03872"", ""evidence_text"": ""اعاني من فتره من آلام في الانف والوجه والاخص الجبين واشعر بحساسيه في الحلق مما يسبب لي ضيق تنفس وتعب بشكل عام"", ""relation"": ""التهاب --HAS_SYMPTOM--> تعب""}, {""evidence_id"": ""E3"", ""qa_id"": ""ahd5k_03872"", ""evidence_text"": ""اعاني من فتره من آلام في الانف والوجه والاخص الجبين واشعر بحساسيه في الحلق مما يسبب لي ضيق تنفس وتعب بشكل عام"", ""relation"": ""تعب --SYMPTOM_OF--> التهاب""}]",claim terms overlap retrieved evidence and cited/source ids are valid,اعاني من فتره من آلام في الانف والوجه والاخص الجبين واشعر بحساسيه في الحلق مما يسبب لي ضيق تنفس وتعب بشكل عام
trial_query_090,اعاني منذ فترة خمس سنوات من اصابة العصب السابع وترك بعض الاثار علي منها عند الطعام تذرف عيني اليسرى بالدمع هل هناك علاج للعصب السابع بعد مضي هذه المدة الزمنه,trial_query_090_claim_01,1,الكورتيزونات تُستخدم في علاج شلل العصب السابع,supported,0.8571,True,True,"[""E1""]","[""E1""]","[""ahd5k_01221""]","[""ahd5k_01221""]","[""شلل العصب السابع --TREATED_BY--> الكورتيزونات""]","[{""evidence_id"": ""E1"", ""qa_id"": ""ahd5k_01221"", ""evidence_text"": ""الكورتيزونات"", ""relation"": ""شلل العصب السابع --TREATED_BY--> الكورتيزونات""}]",claim terms overlap retrieved evidence and cited/source ids are valid,الكورتيزونات
trial_query_090,اعاني منذ فترة خمس سنوات من اصابة العصب السابع وترك بعض الاثار علي منها عند الطعام تذرف عيني اليسرى بالدمع هل هناك علاج للعصب السابع بعد مضي هذه المدة الزمنه,trial_query_090_claim_02,2,مضادات الالتهاب تُستخدم في علاج شلل العصب السابع,supported,0.875,True,True,"[""E2""]","[""E2""]","[""ahd5k_01221""]","[""ahd5k_01221""]","[""شلل العصب السابع --TREATED_BY--> مضادات الالتهاب""]","[{""evidence_id"": ""E2"", ""qa_id"": ""ahd5k_01221"", ""evidence_text"": ""مضادات الالتهاب"", ""relation"": ""شلل العصب السابع --TREATED_BY--> مضادات الالتهاب""}]",claim terms overlap retrieved evidence and cited/source ids are valid,مضادات الالتهاب
trial_query_090,اعاني منذ فترة خمس سنوات من اصابة العصب السابع وترك بعض الاثار علي منها عند الطعام تذرف عيني اليسرى بالدمع هل هناك علاج للعصب السابع بعد مضي هذه المدة الزمنه,trial_query_090_claim_03,3,مضادات الفيروسات تُستخدم في علاج شلل العصب السابع,supported,0.875,True,True,"[""E4""]","[""E4""]","[""ahd5k_01221""]","[""ahd5k_01221""]","[""شلل العصب السابع --TREATED_BY--> مضادات الفيروسات""]","[{""evidence_id"": ""E4"", ""qa_id"": ""ahd5k_01221"", ""evidence_text"": ""مضادات الفيروسات"", ""relation"": ""شلل العصب السابع --TREATED_BY--> مضادات الفيروسات""}]",claim terms overlap retrieved evidence and cited/source ids are valid,مضادات الفيروسات
trial_query_090,اعاني منذ فترة خمس سنوات من اصابة العصب السابع وترك بعض الاثار علي منها عند الطعام تذرف عيني اليسرى بالدمع هل هناك علاج للعصب السابع بعد مضي هذه المدة الزمنه,trial_query_090_claim_04,4,العلاج الطبيعي يُستخدم في علاج شلل العصب السابع,supported,0.875,True,True,"[""E3""]","[""E3""]","[""ahd5k_01221""]","[""ahd5k_01221""]","[""شلل العصب السابع --TREATED_BY--> العلاج الطبيعي""]","[{""evidence_id"": ""E3"", ""qa_id"": ""ahd5k_01221"", ""evidence_text"": ""العلاج الطبيعي"", ""relation"": ""شلل العصب السابع --TREATED_BY--> العلاج الطبيعي""}]",claim terms overlap retrieved evidence and cited/source ids are valid,العلاج الطبيعي
trial_query_090,اعاني منذ فترة خمس سنوات من اصابة العصب السابع وترك بعض الاثار علي منها عند الطعام تذرف عيني اليسرى بالدمع هل هناك علاج للعصب السابع بعد مضي هذه المدة الزمنه,trial_query_090_claim_05,5,العلاج بالإبر الصينية يُستخدم في علاج شلل العصب السابع,supported,0.8889,True,True,"[""E5""]","[""E5""]","[""ahd5k_01221""]","[""ahd5k_01221""]","[""شلل العصب السابع --TREATED_BY--> العلاج بالإبر الصينية""]","[{""evidence_id"": ""E5"", ""qa_id"": ""ahd5k_01221"", ""evidence_text"": ""العلاج بالإبر الصينية"", ""relation"": ""شلل العصب السابع --TREATED_BY--> العلاج بالإبر الصينية""}]",claim terms overlap retrieved evidence and cited/source ids are valid,العلاج بالإبر الصينية
trial_query_091,تناولت مضاد حيووي زييثرون وانتج حساسيه شديده وتورم في المنطقة التناسليه وانا تعبانه جدا ما الحل ؟,trial_query_091_claim_01,1,تجنب تناول مضاد حيوي مثل زييثرون مجددًا في حال حدوث حساسية شديدة,supported,0.3333,True,True,"[""E1""]","[""E1""]","[""ahd5k_01231""]","[""ahd5k_01231""]","[""حساسية --TREATED_BY--> مضاد الهيستامين""]","[{""evidence_id"": ""E1"", ""qa_id"": ""ahd5k_01231"", ""evidence_text"": ""استخدمي مضاد هيسامين وكورتيزون موضعي"", ""relation"": ""حساسية --TREATED_BY--> مضاد الهيستامين""}]",claim terms overlap retrieved evidence and cited/source ids are valid,استخدمي مضاد هيسامين وكورتيزون موضعي
trial_query_091,تناولت مضاد حيووي زييثرون وانتج حساسيه شديده وتورم في المنطقة التناسليه وانا تعبانه جدا ما الحل ؟,trial_query_091_claim_02,2,استخدام مضاد الهيستامين مع كورتيزون موضعي لعلاج الحساسية الشديدة,supported,0.3333,True,True,"[""E1"", ""E2""]","[""E1"", ""E2""]","[""ahd5k_01231""]","[""ahd5k_01231""]","[""حساسية --TREATED_BY--> مضاد الهيستامين"", ""حساسية --TREATED_BY--> كورتيزون""]","[{""evidence_id"": ""E1"", ""qa_id"": ""ahd5k_01231"", ""evidence_text"": ""استخدمي مضاد هيسامين وكورتيزون موضعي"", ""relation"": ""حساسية --TREATED_BY--> مضاد الهيستامين""}, {""evidence_id"": ""E2"", ""qa_id"": ""ahd5k_01231"", ""evidence_text"": ""استخدمي مضاد هيسامين وكورتيزون موضعي"", ""relation"": ""حساسية --TREATED_BY--> كورتيزون""}]",claim terms overlap retrieved evidence and cited/source ids are valid,استخدمي مضاد هيسامين وكورتيزون موضعي
trial_query_091,تناولت مضاد حيووي زييثرون وانتج حساسيه شديده وتورم في المنطقة التناسليه وانا تعبانه جدا ما الحل ؟,trial_query_091_claim_03,3,إجراء تحليل لتحديد حساسية المضادات الحيوية بعد تفاعل شديد,supported,0.3333,True,True,"[""E1""]","[""E1""]","[""ahd5k_01231""]","[""ahd5k_01231""]","[""حساسية --TREATED_BY--> مضاد الهيستامين""]","[{""evidence_id"": ""E1"", ""qa_id"": ""ahd5k_01231"", ""evidence_text"": ""استخدمي مضاد هيسامين وكورتيزون موضعي"", ""relation"": ""حساسية --TREATED_BY--> مضاد الهيستامين""}]",claim terms overlap retrieved evidence and cited/source ids are valid,استخدمي مضاد هيسامين وكورتيزون موضعي
trial_query_092,انا اشعر بالصداع والنعاس وحساسية في وجهي والحكة بكل انحاء جسمي كيف استطيع ان اوقف هذا الدواء,trial_query_092_claim_01,1,الحساسية قد تسبب أعراض مثل السعال والبلغم [E1],supported,0.25,True,True,"[""E1""]","[""E1""]","[""ahd5k_00970""]","[""ahd5k_00970""]","[""حساسية --HAS_SYMPTOM--> سعال""]","[{""evidence_id"": ""E1"", ""qa_id"": ""ahd5k_00970"", ""evidence_text"": ""هل هو ربو ؟؟ او هل هناك حساسية ابسط من ذلك وعوارضها فقط السعال والبلغم"", ""relation"": ""حساسية --HAS_SYMPTOM--> سعال""}]",claim terms overlap retrieved evidence and cited/source ids are valid,هل هو ربو ؟؟ او هل هناك حساسية ابسط من ذلك وعوارضها فقط السعال والبلغم
trial_query_092,انا اشعر بالصداع والنعاس وحساسية في وجهي والحكة بكل انحاء جسمي كيف استطيع ان اوقف هذا الدواء,trial_query_092_claim_02,2,الحساسية قد تؤدي إلى ضيق تنفس [E3],supported,0.7143,True,True,"[""E3""]","[""E3""]","[""ahd5k_00683""]","[""ahd5k_00683""]","[""حساسية --HAS_SYMPTOM--> ضيق تنفس""]","[{""evidence_id"": ""E3"", ""qa_id"": ""ahd5k_00683"", ""evidence_text"": ""ضيق تنفس وسرعة التعب وقلق"", ""relation"": ""حساسية --HAS_SYMPTOM--> ضيق تنفس""}]",claim terms overlap retrieved evidence and cited/source ids are valid,ضيق تنفس وسرعة التعب وقلق
trial_query_093,لا أستطبع النوم على جانبي لا الأيمن ولا الأيسر وأجد صعوبة في التنفس العميق. كما أشعر بين الفينة والأخرى بآلام قرب القلب. كما أخبركم أني مريصة بالقلب (مشكل في صمامتين),trial_query_093_claim_01,1,صعوبة التنفس العميق قد تكون مرتبطة بفقر الدم [E3],supported,0.2222,True,True,"[""E3""]","[""E3""]","[""ahd5k_02546""]","[""ahd5k_02546""]","[""فقر الدم --HAS_SYMPTOM--> الم المعدجة""]","[{""evidence_id"": ""E3"", ""qa_id"": ""ahd5k_02546"", ""evidence_text"": ""أحيانا الم في المعدة كسل وخمول اضطرابات في النوم"", ""relation"": ""فقر الدم --HAS_SYMPTOM--> الم المعدجة""}]",claim terms overlap retrieved evidence and cited/source ids are valid,أحيانا الم في المعدة كسل وخمول اضطرابات في النوم
trial_query_093,لا أستطبع النوم على جانبي لا الأيمن ولا الأيسر وأجد صعوبة في التنفس العميق. كما أشعر بين الفينة والأخرى بآلام قرب القلب. كما أخبركم أني مريصة بالقلب (مشكل في صمامتين),trial_query_093_claim_02,2,آلام القرب من القلب غير مذكورة في الأدلة المُسترجعة [E1-E6],unsupported,0.1818,False,False,[],[],[],[],"[""فقر الدم --HAS_SYMPTOM--> الم المعدجة"", ""فقر الدم --HAS_SYMPTOM--> فقدان الشهيه"", ""الم المعدجة --SYMPTOM_OF--> فقر الدم""]","[{""evidence_id"": ""E3"", ""qa_id"": ""ahd5k_02546"", ""evidence_text"": ""أحيانا الم في المعدة كسل وخمول اضطرابات في النوم"", ""relation"": ""فقر الدم --HAS_SYMPTOM--> الم المعدجة""}, {""evidence_id"": ""E4"", ""qa_id"": ""ahd5k_02546"", ""evidence_text"": ""فقر الدم سبب فقدان الشهيه"", ""relation"": ""فقر الدم --HAS_SYMPTOM--> فقدان الشهيه""}, {""evidence_id"": ""E6"", ""qa_id"": ""ahd5k_02546"", ""evidence_text"": ""أحيانا الم في المعدة كسل وخمول اضطرابات في النوم"", ""relation"": ""الم المعدجة --SYMPTOM_OF--> فقر الدم""}]",no sufficient lexical evidence support in the retrieved subgraph,أحيانا الم في المعدة كسل وخمول اضطرابات في النوم
trial_query_094,هل هناك أسباب أخرى محددة تؤدي الى ولادة دات شفة مشقوقة من غير استعمال دواء التوبيراميت.,trial_query_094_claim_01,1,السياق المقدم لا يحتوي على أدلة كافية عن أسباب أخرى لولادة شفة مشقوقة غير التوبيراميت,supported,0.2,True,True,"[""E1"", ""E2"", ""E3"", ""E4""]","[""E1"", ""E2"", ""E3"", ""E4""]","[""ahd5k_01066"", ""ahd5k_04612""]","[""ahd5k_01066"", ""ahd5k_04612""]","[""قرحة --TREATED_BY--> ايزومبرازول"", ""شيب --TREATED_BY--> خلطة الريحان و الروزماري"", ""ايزومبرازول --TREATS--> قرحة""]","[{""evidence_id"": ""E1"", ""qa_id"": ""ahd5k_01066"", ""evidence_text"": ""ممكن تجرب دواء اسمه ايزومبرازول"", ""relation"": ""قرحة --TREATED_BY--> ايزومبرازول""}, {""evidence_id"": ""E2"", ""qa_id"": ""ahd5k_04612"", ""evidence_text"": ""هل خلطة الريحان و الروزماري مفيدة للتخلص من الشيب"", ""relation"": ""شيب --TREATED_BY--> خلطة الريحان و الروزماري""}, {""evidence_id"": ""E3"", ""qa_id"": ""ahd5k_01066"", ""evidence_text"": ""ممكن تجرب دواء اسمه ايزومبرازول"", ""relation"": ""ايزومبرازول --TREATS--> قرحة""}]",claim terms overlap retrieved evidence and cited/source ids are valid,ممكن تجرب دواء اسمه ايزومبرازول
trial_query_095,كيف تتم ازالة شظايا القنابل الصغيرة الانشطارية في المنزل عند عدم التمكن من الذهاب للمستشفى وهل هناك اخطار من بقائها؟,trial_query_095_claim_01,1,يُنصح بالتصوير بالأشعة لتحديد مكان شظايا القنابل الصغيرة الانشطارية ونوعها,supported,0.8,True,True,"[""E1"", ""E4""]","[""E1"", ""E4""]","[""ahd5k_01290"", ""ahd5k_01290""]","[""ahd5k_01290"", ""ahd5k_01290""]","[""شظايا القنابل الصغيرة الانشطارية --DIAGNOSED_BY--> أشعة"", ""أشعة --DIAGNOSES--> شظايا القنابل الصغيرة الانشطارية""]","[{""evidence_id"": ""E1"", ""qa_id"": ""ahd5k_01290"", ""evidence_text"": ""عمل تصوير بالأشعة لتحديد مكان الشظايا ونوعها"", ""relation"": ""شظايا القنابل الصغيرة الانشطارية --DIAGNOSED_BY--> أشعة""}, {""evidence_id"": ""E4"", ""qa_id"": ""ahd5k_01290"", ""evidence_text"": ""عمل تصوير بالأشعة لتحديد مكان الشظايا ونوعها"", ""relation"": ""أشعة --DIAGNOSES--> شظايا القنابل الصغيرة الانشطارية""}]",claim terms overlap retrieved evidence and cited/source ids are valid,عمل تصوير بالأشعة لتحديد مكان الشظايا ونوعها
trial_query_095,كيف تتم ازالة شظايا القنابل الصغيرة الانشطارية في المنزل عند عدم التمكن من الذهاب للمستشفى وهل هناك اخطار من بقائها؟,trial_query_095_claim_02,2,الجسم قد يصنع محفظات حول شظايا القنابل الصغيرة الانشطارية ويعزلها,supported,0.7,True,True,"[""E1""]","[""E1""]","[""ahd5k_01290""]","[""ahd5k_01290""]","[""شظايا القنابل الصغيرة الانشطارية --DIAGNOSED_BY--> أشعة""]","[{""evidence_id"": ""E1"", ""qa_id"": ""ahd5k_01290"", ""evidence_text"": ""عمل تصوير بالأشعة لتحديد مكان الشظايا ونوعها"", ""relation"": ""شظايا القنابل الصغيرة الانشطارية --DIAGNOSED_BY--> أشعة""}]",claim terms overlap retrieved evidence and cited/source ids are valid,عمل تصوير بالأشعة لتحديد مكان الشظايا ونوعها
trial_query_096,السلام عليكم .. هل تناول ملعقة يوميا من زيت الحلبة على الريق يزيد من حجم الثدي بجانب التمارين ..؟؟ و ما المدة التى يمكن الاستمرار عليها فى تناول الزيت؟ و...,trial_query_096_claim_01,1,زيت الحلبة ليس له أدلة كافية في الشبكة لتأثيره على حجم الثدي,supported,0.1667,True,True,"[""E1""]","[""E1""]","[""ahd5k_00203""]","[""ahd5k_00203""]","[""النقص الشديد للصفائح --TREATED_BY--> الروتيكسيماب""]","[{""evidence_id"": ""E1"", ""qa_id"": ""ahd5k_00203"", ""evidence_text"": ""الروتيكسيماب يفيده في علاج النقص الشديد للصفائح"", ""relation"": ""النقص الشديد للصفائح --TREATED_BY--> الروتيكسيماب""}]",claim terms overlap retrieved evidence and cited/source ids are valid,الروتيكسيماب يفيده في علاج النقص الشديد للصفائح
trial_query_097,كيفية التعامل مع انتفاخ ضرس العقل مسببا الام و احمرار الفك الاسفل,trial_query_097_claim_01,1,ضرس العقل قد يسبب آلامًا بدرجات متفاوتة تتطلب خلعه,supported,0.3333,True,True,"[""E1"", ""E3""]","[""E1"", ""E3""]","[""ahd5k_04356"", ""ahd5k_04356""]","[""ahd5k_04356"", ""ahd5k_04356""]","[""ضرس العقل --HAS_SYMPTOM--> الام"", ""ضرس العقل --HAS_SYMPTOM--> صداع""]","[{""evidence_id"": ""E1"", ""qa_id"": ""ahd5k_04356"", ""evidence_text"": ""ضرس العقل"", ""relation"": ""ضرس العقل --HAS_SYMPTOM--> الام""}, {""evidence_id"": ""E3"", ""qa_id"": ""ahd5k_04356"", ""evidence_text"": ""ضرس العقل"", ""relation"": ""ضرس العقل --HAS_SYMPTOM--> صداع""}]",claim terms overlap retrieved evidence and cited/source ids are valid,ضرس العقل
trial_query_097,كيفية التعامل مع انتفاخ ضرس العقل مسببا الام و احمرار الفك الاسفل,trial_query_097_claim_02,2,المراجعة الطبية (طبيب أو أخصائي جراحة الوجه والفكين) هي المعالجة الموصى بها,supported,0.1667,True,True,"[""E2"", ""E4""]","[""E2"", ""E4""]","[""ahd5k_04356"", ""ahd5k_04356""]","[""ahd5k_04356"", ""ahd5k_04356""]","[""الام --TREATED_BY--> المراجعة الطبية"", ""ضرس العقل --TREATED_BY--> المراجعة الطبية""]","[{""evidence_id"": ""E2"", ""qa_id"": ""ahd5k_04356"", ""evidence_text"": ""مراجعة طبيبك او اخصائي جراحه وجه و فكين"", ""relation"": ""الام --TREATED_BY--> المراجعة الطبية""}, {""evidence_id"": ""E4"", ""qa_id"": ""ahd5k_04356"", ""evidence_text"": ""مراجعة طبيبك او اخصائي جراحه وجه و فكين"", ""relation"": ""ضرس العقل --TREATED_BY--> المراجعة الطبية""}]",claim terms overlap retrieved evidence and cited/source ids are valid,مراجعة طبيبك او اخصائي جراحه وجه و فكين
trial_query_098,تعاني والدتي من انسداد في الصمام الابهر بنسبة 40-60. حيث والتقرير ينصح باجراء عملية قلب مفتوح وتبديل صمامالابهر مع العلم انها تعاني من مرض السكري وضغط الدمز. العمر65س,trial_query_098_claim_01,1,العمليات الجراحية مثل تبديل الصمام الأبهري يمكن أن تُجرى بسلام إذا تم التحكم في مرض السكري وارتفاع ضغط الدم بشكل جيد,supported,0.5238,True,True,"[""E1"", ""E3""]","[""E1"", ""E3""]","[""ahd5k_01294"", ""ahd5k_04912""]","[""ahd5k_01294"", ""ahd5k_04912""]","[""مرض السكري --HAS_SYMPTOM--> ضغط الدم"", ""ضغط الدم --SYMPTOM_OF--> مرض السكري""]","[{""evidence_id"": ""E1"", ""qa_id"": ""ahd5k_01294"", ""evidence_text"": ""مرض السكري وضغط الدمز"", ""relation"": ""مرض السكري --HAS_SYMPTOM--> ضغط الدم""}, {""evidence_id"": ""E3"", ""qa_id"": ""ahd5k_01294"", ""evidence_text"": ""مرض السكري وضغط الدمز"", ""relation"": ""ضغط الدم --SYMPTOM_OF--> مرض السكري""}]",claim terms overlap retrieved evidence and cited/source ids are valid,مرض السكري وضغط الدمز
trial_query_098,تعاني والدتي من انسداد في الصمام الابهر بنسبة 40-60. حيث والتقرير ينصح باجراء عملية قلب مفتوح وتبديل صمامالابهر مع العلم انها تعاني من مرض السكري وضغط الدمز. العمر65س,trial_query_098_claim_02,2,يُنصح بتقييم الحالة بواسطة فريق طبي متخصص لتحديد النسبة المئوية للضعف في عضلة القلب ووظائف الأعضاء الأخرى,supported,0.2941,True,True,"[""E2"", ""E4""]","[""E2"", ""E4""]","[""ahd5k_04912""]","[""ahd5k_04912""]","[""مرض السكري --HAS_SYMPTOM--> ضغط الدم"", ""ضغط الدم --SYMPTOM_OF--> مرض السكري""]","[{""evidence_id"": ""E2"", ""qa_id"": ""ahd5k_04912"", ""evidence_text"": ""مع العلم أن المريض يعاني من مرض السكر"", ""relation"": ""مرض السكري --HAS_SYMPTOM--> ضغط الدم""}, {""evidence_id"": ""E4"", ""qa_id"": ""ahd5k_04912"", ""evidence_text"": ""مع العلم أن المريض يعاني من مرض السكر"", ""relation"": ""ضغط الدم --SYMPTOM_OF--> مرض السكري""}]",claim terms overlap retrieved evidence and cited/source ids are valid,مع العلم أن المريض يعاني من مرض السكر
trial_query_099,انا ابتلعت دبوس امس ولا اشعر ببلعه واعاني بوجع صدري كيف اعمل,trial_query_099_claim_01,1,يُنصح بإجراء أشعة لتحديد مكان الدبوس والتأكد من وجوده,supported,0.6667,True,True,"[""E3"", ""E6""]","[""E3"", ""E6""]","[""ahd5k_01295"", ""ahd5k_01295""]","[""ahd5k_01295"", ""ahd5k_01295""]","[""دبوس --DIAGNOSED_BY--> أشعة"", ""أشعة --DIAGNOSES--> دبوس""]","[{""evidence_id"": ""E3"", ""qa_id"": ""ahd5k_01295"", ""evidence_text"": ""أشعة لمعرفة مكان الدبوس والتأكد من وجوده"", ""relation"": ""دبوس --DIAGNOSED_BY--> أشعة""}, {""evidence_id"": ""E6"", ""qa_id"": ""ahd5k_01295"", ""evidence_text"": ""أشعة لمعرفة مكان الدبوس والتأكد من وجوده"", ""relation"": ""أشعة --DIAGNOSES--> دبوس""}]",claim terms overlap retrieved evidence and cited/source ids are valid,أشعة لمعرفة مكان الدبوس والتأكد من وجوده
trial_query_100,عندى بقع بنية على جانبى الوجة وانا اعانى من انيميا 10 وكان عندى حصوات بالمرارة وعملت العملية ولا زالت البقع موجودة ما العلاج الاكيد وشكرا,trial_query_100_claim_02,2,يُنصح بالاستعانة بمتخصص طبي لفحص الجلد والتحري عن الأسباب المحتملة للبقع,unsupported,0.0909,True,True,[],[],[],[],"[""التهاب --HAS_SYMPTOM--> الدم""]","[{""evidence_id"": ""E6"", ""qa_id"": ""ahd5k_00666"", ""evidence_text"": ""التهاب في المثانة أو الإحليل يسبب خروج الدم"", ""relation"": ""التهاب --HAS_SYMPTOM--> الدم""}]",no sufficient lexical evidence support in the retrieved subgraph,التهاب في المثانة أو الإحليل يسبب خروج الدم
trial_query_101,ماهو البردقوش وهل يوجد باليمن وهل يزيد من عدد الحيوانات المنويه؟,trial_query_101_claim_01,1,البردقوش يُستخدم لتنظيم الدورة الشهرية,supported,0.6,True,True,"[""E1""]","[""E1""]","[""ahd5k_04015""]","[""ahd5k_04015""]","[""الدورة الشهرية --TREATED_BY--> البردقوش""]","[{""evidence_id"": ""E1"", ""qa_id"": ""ahd5k_04015"", ""evidence_text"": ""البردقوش"", ""relation"": ""الدورة الشهرية --TREATED_BY--> البردقوش""}]",claim terms overlap retrieved evidence and cited/source ids are valid,البردقوش
trial_query_101,ماهو البردقوش وهل يوجد باليمن وهل يزيد من عدد الحيوانات المنويه؟,trial_query_101_claim_02,2,لا توجد أدلة حول تأثير البردقوش على عدد الحيوانات المنوية,unsupported,0.3,False,False,[],[],[],[],"[""الدورة الشهرية --TREATED_BY--> البردقوش"", ""التدخين --INVESTIGATED_BY--> الحيوانات المنوية"", ""الدورة الشهرية --TREATED_BY--> اكليل الجبل""]","[{""evidence_id"": ""E1"", ""qa_id"": ""ahd5k_04015"", ""evidence_text"": ""البردقوش"", ""relation"": ""الدورة الشهرية --TREATED_BY--> البردقوش""}, {""evidence_id"": ""E2"", ""qa_id"": ""ahd5k_01629"", ""evidence_text"": ""سلامة الحيوانات المنوية للزوج"", ""relation"": ""التدخين --INVESTIGATED_BY--> الحيوانات المنوية""}, {""evidence_id"": ""E3"", ""qa_id"": ""ahd5k_04015"", ""evidence_text"": ""اكليل الجبل"", ""relation"": ""الدورة الشهرية --TREATED_BY--> اكليل الجبل""}]",no sufficient lexical evidence support in the retrieved subgraph,البردقوش
trial_query_102,اعاني من حموضة وصعوبة في التنفس وصعوبة بلع والم في الجانب الايسر من الصدر مع تعب في الكتف اليسرى بعد ابذال مجهود فهل هذا خطر على القلب ام حموضة عادية,trial_query_102_claim_01,1,الأعراض مثل ضيق التنفس وتعب الكتف قد تكون مرتبطة بالتهاب الجيوب الأنفية أو الحساسية,supported,0.2143,True,True,"[""E1"", ""E2"", ""E3"", ""E4""]","[""E1"", ""E2"", ""E3"", ""E4""]","[""ahd5k_03872""]","[""ahd5k_03872""]","[""التهاب --HAS_SYMPTOM--> تعب"", ""تعب --SYMPTOM_OF--> التهاب"", ""التهاب --HAS_SYMPTOM--> ضيق تنفس""]","[{""evidence_id"": ""E1"", ""qa_id"": ""ahd5k_03872"", ""evidence_text"": ""اعاني من فتره من آلام في الانف والوجه والاخص الجبين واشعر بحساسيه في الحلق مما يسبب لي ضيق تنفس وتعب بشكل عام"", ""relation"": ""التهاب --HAS_SYMPTOM--> تعب""}, {""evidence_id"": ""E2"", ""qa_id"": ""ahd5k_03872"", ""evidence_text"": ""اعاني من فتره من آلام في الانف والوجه والاخص الجبين واشعر بحساسيه في الحلق مما يسبب لي ضيق تنفس وتعب بشكل عام"", ""relation"": ""تعب --SYMPTOM_OF--> التهاب""}, {""evidence_id"": ""E3"", ""qa_id"": ""ahd5k_03872"", ""evidence_text"": ""اعاني من فتره من آلام في الانف والوجه والاخص الجبين واشعر بحساسيه في الحلق مما يسبب لي ضيق تنفس وتعب بشكل عام"", ""relation"": ""التهاب --HAS_SYMPTOM--> ضيق تنفس""}]",claim terms overlap retrieved evidence and cited/source ids are valid,اعاني من فتره من آلام في الانف والوجه والاخص الجبين واشعر بحساسيه في الحلق مما يسبب لي ضيق تنفس وتعب بشكل عام
trial_query_102,اعاني من حموضة وصعوبة في التنفس وصعوبة بلع والم في الجانب الايسر من الصدر مع تعب في الكتف اليسرى بعد ابذال مجهود فهل هذا خطر على القلب ام حموضة عادية,trial_query_102_claim_02,2,الكتف المتعب قد يُعالج بالبروفين، لكن العلاقة غير موثقة بدرجة كافية,supported,0.0909,True,True,"[""E5""]","[""E5""]","[""ahd5k_00486""]","[""ahd5k_00486""]","[""الكتف --TREATED_BY--> البروفين""]","[{""evidence_id"": ""E5"", ""qa_id"": ""ahd5k_00486"", ""evidence_text"": ""تناول بعض الأدوية المسكنة للألم اللاستيروئيدية، مثل البروفين"", ""relation"": ""الكتف --TREATED_BY--> البروفين""}]",claim terms overlap retrieved evidence and cited/source ids are valid,تناول بعض الأدوية المسكنة للألم اللاستيروئيدية، مثل البروفين
trial_query_103,ما هو ابسط علاج لمرض السكر بدون كيماويات؟,trial_query_103_claim_01,1,الدليل المتاح لا يحتوي على معلومات حول علاج مرض السكر بدون كيماويات,weakly_supported,0.3333,True,True,[],[],[],[],"[""مرض السكري --DIAGNOSED_BY--> تحاليل مخبرية"", ""تحاليل مخبرية --DIAGNOSES--> مرض السكري"", ""ضغط الدم --SYMPTOM_OF--> مرض السكري""]","[{""evidence_id"": ""E5"", ""qa_id"": ""ahd5k_01551"", ""evidence_text"": ""تحاليل مخبرية"", ""relation"": ""مرض السكري --DIAGNOSED_BY--> تحاليل مخبرية""}, {""evidence_id"": ""E7"", ""qa_id"": ""ahd5k_01551"", ""evidence_text"": ""تحاليل مخبرية"", ""relation"": ""تحاليل مخبرية --DIAGNOSES--> مرض السكري""}, {""evidence_id"": ""E4"", ""qa_id"": ""ahd5k_04912"", ""evidence_text"": ""مع العلم أن المريض يعاني من مرض السكر"", ""relation"": ""ضغط الدم --SYMPTOM_OF--> مرض السكري""}]",partial evidence match or partial source/citation support,تحاليل مخبرية
trial_query_103,ما هو ابسط علاج لمرض السكر بدون كيماويات؟,trial_query_103_claim_02,2,يُنصح بالاستعانة بخبير طبي لتحديد خطة علاج مناسبة بناءً على الحالة السريرية [E1-E5],unsupported,0.2143,True,True,[],[],[],[],"[""ضغط الدم --SYMPTOM_OF--> مرض السكري"", ""مرض السكري --HAS_SYMPTOM--> ضغط الدم"", ""ضغط الدم --SYMPTOM_OF--> مرض السكري""]","[{""evidence_id"": ""E4"", ""qa_id"": ""ahd5k_04912"", ""evidence_text"": ""مع العلم أن المريض يعاني من مرض السكر"", ""relation"": ""ضغط الدم --SYMPTOM_OF--> مرض السكري""}, {""evidence_id"": ""E1"", ""qa_id"": ""ahd5k_02607"", ""evidence_text"": ""مرض السكري وضغط الدم"", ""relation"": ""مرض السكري --HAS_SYMPTOM--> ضغط الدم""}, {""evidence_id"": ""E3"", ""qa_id"": ""ahd5k_02607"", ""evidence_text"": ""مرض السكري وضغط الدم"", ""relation"": ""ضغط الدم --SYMPTOM_OF--> مرض السكري""}]",no sufficient lexical evidence support in the retrieved subgraph,مع العلم أن المريض يعاني من مرض السكر
trial_query_107,"انا عندى 16 سنة وعندي ارتخاء بالصمام الميترالى والاعراض اللى عندي دوخة لما أقف و بتعب من أقل مجهود , وعند الاستيقاظ هناك ضيق بالتنفس,والدكتورظكاتبلى اندرال 20 جم بس مش...",trial_query_107_claim_01,1,الدوخة والتعب قد تكون مرتبطة بارتفاع ضغط الدم حسب الأدلة المتوفرة,supported,0.2727,True,True,"[""E4"", ""E5""]","[""E4"", ""E5""]","[""ahd5k_04701"", ""ahd5k_04701""]","[""ahd5k_04701"", ""ahd5k_04701""]","[""ارتفاع ضغط الدم --HAS_SYMPTOM--> دوخة"", ""دوخة --SYMPTOM_OF--> ارتفاع ضغط الدم""]","[{""evidence_id"": ""E4"", ""qa_id"": ""ahd5k_04701"", ""evidence_text"": ""دوخة"", ""relation"": ""ارتفاع ضغط الدم --HAS_SYMPTOM--> دوخة""}, {""evidence_id"": ""E5"", ""qa_id"": ""ahd5k_04701"", ""evidence_text"": ""دوخة"", ""relation"": ""دوخة --SYMPTOM_OF--> ارتفاع ضغط الدم""}]",claim terms overlap retrieved evidence and cited/source ids are valid,دوخة
trial_query_107,"انا عندى 16 سنة وعندي ارتخاء بالصمام الميترالى والاعراض اللى عندي دوخة لما أقف و بتعب من أقل مجهود , وعند الاستيقاظ هناك ضيق بالتنفس,والدكتورظكاتبلى اندرال 20 جم بس مش...",trial_query_107_claim_02,2,لا توجد أدلة مباشرة تربط ارتخاء الصمام الميترالي بالدوخة والتعب المذكورين,unsupported,0.0909,False,False,[],[],[],[],"[""ارتفاع ضغط الدم --HAS_SYMPTOM--> خفقان القلب"", ""ارتفاع ضغط الدم --HAS_SYMPTOM--> دوخة"", ""دوخة --SYMPTOM_OF--> ارتفاع ضغط الدم""]","[{""evidence_id"": ""E3"", ""qa_id"": ""ahd5k_04701"", ""evidence_text"": ""تسارع في ضربات القلب"", ""relation"": ""ارتفاع ضغط الدم --HAS_SYMPTOM--> خفقان القلب""}, {""evidence_id"": ""E4"", ""qa_id"": ""ahd5k_04701"", ""evidence_text"": ""دوخة"", ""relation"": ""ارتفاع ضغط الدم --HAS_SYMPTOM--> دوخة""}, {""evidence_id"": ""E5"", ""qa_id"": ""ahd5k_04701"", ""evidence_text"": ""دوخة"", ""relation"": ""دوخة --SYMPTOM_OF--> ارتفاع ضغط الدم""}]",no sufficient lexical evidence support in the retrieved subgraph,تسارع في ضربات القلب
trial_query_108,هل هناك اسباب للحساسية من الباراسيتمول وما الاغذية التى امتنع عنها وما هى الاغذية التى ااكلها,trial_query_108_claim_01,1,الحساسية قد تسبب سعالاً وبلغمًا وضيق تنفس [E1][E3][E4],supported,0.4,True,True,"[""E1"", ""E3"", ""E4""]","[""E1"", ""E3"", ""E4""]","[""ahd5k_00970"", ""ahd5k_00683"", ""ahd5k_00010""]","[""ahd5k_00970"", ""ahd5k_00683"", ""ahd5k_00010""]","[""حساسية --HAS_SYMPTOM--> ضيق تنفس"", ""حساسية --HAS_SYMPTOM--> ضيق تنفس""]","[{""evidence_id"": ""E3"", ""qa_id"": ""ahd5k_00683"", ""evidence_text"": ""ضيق تنفس وسرعة التعب وقلق"", ""relation"": ""حساسية --HAS_SYMPTOM--> ضيق تنفس""}, {""evidence_id"": ""E4"", ""qa_id"": ""ahd5k_00010"", ""evidence_text"": ""حساسية تسبب ضيق تنفس"", ""relation"": ""حساسية --HAS_SYMPTOM--> ضيق تنفس""}]",claim terms overlap retrieved evidence and cited/source ids are valid,ضيق تنفس وسرعة التعب وقلق
trial_query_109,كان لدي ارتفاع بسيط في الصفائح ٤٦١ وعندما ولدت بعد ٥٠ يوم التحليل طلع ٦٧٩ واشكو من عدم اكتمال النفس في بعض الاوقات وقال لي الطبيب لديك التهاب في الصدر...,trial_query_109_claim_01,1,الصور الشعاعية قد تُطلب لفحص الصداع,supported,1.0,True,True,"[""E1"", ""E2""]","[""E1"", ""E2""]","[""ahd5k_01058"", ""ahd5k_01058""]","[""ahd5k_01058"", ""ahd5k_01058""]","[""صداع --INVESTIGATED_BY--> الصور الشعاعية"", ""الصور الشعاعية --INVESTIGATES--> صداع""]","[{""evidence_id"": ""E1"", ""qa_id"": ""ahd5k_01058"", ""evidence_text"": ""الصور الشعاعية قد تُطلب لفحص الصداع"", ""relation"": ""صداع --INVESTIGATED_BY--> الصور الشعاعية""}, {""evidence_id"": ""E2"", ""qa_id"": ""ahd5k_01058"", ""evidence_text"": ""الصور الشعاعية قد تُطلب لفحص الصداع"", ""relation"": ""الصور الشعاعية --INVESTIGATES--> صداع""}]",claim terms overlap retrieved evidence and cited/source ids are valid,الصور الشعاعية قد تُطلب لفحص الصداع
trial_query_109,كان لدي ارتفاع بسيط في الصفائح ٤٦١ وعندما ولدت بعد ٥٠ يوم التحليل طلع ٦٧٩ واشكو من عدم اكتمال النفس في بعض الاوقات وقال لي الطبيب لديك التهاب في الصدر...,trial_query_109_claim_02,2,الطبيب يعالج الصدمة الكهربائية والحروق,supported,0.6,True,True,"[""E3"", ""E4""]","[""E3"", ""E4""]","[""ahd5k_04866"", ""ahd5k_04866""]","[""ahd5k_04866"", ""ahd5k_04866""]","[""الصدمة الكهربائية --TREATED_BY--> الطبيب"", ""الحروق --TREATED_BY--> الطبيب""]","[{""evidence_id"": ""E3"", ""qa_id"": ""ahd5k_04866"", ""evidence_text"": ""يستدعي الطبيب او المسعف للتعامل مع المصاب"", ""relation"": ""الصدمة الكهربائية --TREATED_BY--> الطبيب""}, {""evidence_id"": ""E4"", ""qa_id"": ""ahd5k_04866"", ""evidence_text"": ""يستدعي الطبيب او المسعف للتعامل مع المصاب"", ""relation"": ""الحروق --TREATED_BY--> الطبيب""}]",claim terms overlap retrieved evidence and cited/source ids are valid,يستدعي الطبيب او المسعف للتعامل مع المصاب
trial_query_110,عمري 18 سنة وأنا أعاني من صغر الثدي هل يوجد أي حل لتكبيره دون جراحة?,trial_query_110_claim_01,1,يُنصح بمراجعة أخصائية نسائية لإجراء فحص سريري لتقييم حالة نقص حجم الثدي,supported,0.4167,True,True,"[""E2"", ""E3""]","[""E2"", ""E3""]","[""ahd5k_02702"", ""ahd5k_02702""]","[""ahd5k_02702"", ""ahd5k_02702""]","[""نقص بحجم الثدي --DIAGNOSED_BY--> فحص سريري"", ""نقص بحجم الثدي --TREATED_BY--> مراجعة اخصائية النسائية""]","[{""evidence_id"": ""E3"", ""qa_id"": ""ahd5k_02702"", ""evidence_text"": ""فحص سريري"", ""relation"": ""نقص بحجم الثدي --DIAGNOSED_BY--> فحص سريري""}, {""evidence_id"": ""E2"", ""qa_id"": ""ahd5k_02702"", ""evidence_text"": ""مراجعة اخصائية النسائية"", ""relation"": ""نقص بحجم الثدي --TREATED_BY--> مراجعة اخصائية النسائية""}]",claim terms overlap retrieved evidence and cited/source ids are valid,فحص سريري
trial_query_112,يشعر والدي بألم في منطقة الصدر علما ان والدي مصاب بجلطة قلبية ودماغية اليوم قد تناول بيزا وكانت دسمة،،،،،هل هذا الم قلب ام الام معدة,trial_query_112_claim_01,1,الجلطة القلبية والدماغية ليست مرتبطتين مباشرة بأعراض الألم المذكورة في السياق المقدم.,unsupported,0.0833,False,False,[],[],[],[],"[""ضرس العقل --HAS_SYMPTOM--> الام"", ""الام --SYMPTOM_OF--> ضرس العقل"", ""ارتياف دعب \\u0627لديم --HAS_SYMPTOM--> الالم""]","[{""evidence_id"": ""E1"", ""qa_id"": ""ahd5k_04356"", ""evidence_text"": ""ضرس العقل"", ""relation"": ""ضرس العقل --HAS_SYMPTOM--> الام""}, {""evidence_id"": ""E2"", ""qa_id"": ""ahd5k_04356"", ""evidence_text"": ""ضرس العقل"", ""relation"": ""الام --SYMPTOM_OF--> ضرس العقل""}, {""evidence_id"": ""E3"", ""qa_id"": ""ahd5k_03738"", ""evidence_text"": ""الالم الدي الديم الديم الديم"", ""relation"": ""ارتياف دعب \\u0627لديم --HAS_SYMPTOM--> الالم""}]",no sufficient lexical evidence support in the retrieved subgraph,ضرس العقل
trial_query_112,يشعر والدي بألم في منطقة الصدر علما ان والدي مصاب بجلطة قلبية ودماغية اليوم قد تناول بيزا وكانت دسمة،،،،،هل هذا الم قلب ام الام معدة,trial_query_112_claim_02,2,تناول وجبة دسمة قد يسبب اضطرابًا هضميًا، لكن هذا غير مذكور في الأدلة المقدمة.,unsupported,0.1429,False,False,[],[],[],[],"[""ضرس العقل --HAS_SYMPTOM--> الام"", ""الام --SYMPTOM_OF--> ضرس العقل"", ""ارتياف دعب \\u0627لديم --HAS_SYMPTOM--> الالم""]","[{""evidence_id"": ""E1"", ""qa_id"": ""ahd5k_04356"", ""evidence_text"": ""ضرس العقل"", ""relation"": ""ضرس العقل --HAS_SYMPTOM--> الام""}, {""evidence_id"": ""E2"", ""qa_id"": ""ahd5k_04356"", ""evidence_text"": ""ضرس العقل"", ""relation"": ""الام --SYMPTOM_OF--> ضرس العقل""}, {""evidence_id"": ""E3"", ""qa_id"": ""ahd5k_03738"", ""evidence_text"": ""الالم الدي الديم الديم الديم"", ""relation"": ""ارتياف دعب \\u0627لديم --HAS_SYMPTOM--> الالم""}]",no sufficient lexical evidence support in the retrieved subgraph,ضرس العقل
trial_query_113,هل يوجد تأثير على الجنين في حالة تعاطي أقراص ميزوتاك في بداية الحمل بغرض الإجهاض وأنا الآن اقتنعت باكمال الحمل ولكن قلق من تأثر الجنين بالمادة الفعالة لهذا الدواء؟,trial_query_113_claim_01,1,يجب إيقاف بريمولوت ن أثناء الحمل بسبب احتمال حدوث تشوهات في القلب والأوعية الدموية والأنبوب العصبي والدماغ لدى الجنين.,supported,0.7895,True,True,"[""E1""]","[""E1""]","[""ahd5k_00439""]","[""ahd5k_00439""]","[""بريمولوت ن --REQUIRES_MEDICAL_SUPERVISION_FOR--> إيقاف الدواء ومراجعة الطبيب أثناء الحمل""]","[{""evidence_id"": ""E1"", ""qa_id"": ""ahd5k_00439"", ""evidence_text"": ""إذا كانت المريضة حاملا وتستعمل بريمولوت ن فيجب إيقافه؛ يذكر المصدر دراسات عن احتمال تشوهات في القلب والأوعية والأنبوب العصبي والدماغ."", ""relation"": ""بريمولوت ن --REQUIRES_MEDICAL_SUPERVISION_FOR--> إيقاف الدواء ومراجعة الطبيب أثناء الحمل""}]",claim terms overlap retrieved evidence and cited/source ids are valid,إذا كانت المريضة حاملا وتستعمل بريمولوت ن فيجب إيقافه؛ يذكر المصدر دراسات عن احتمال تشوهات في القلب والأوعية والأنبوب العصبي والدماغ.
trial_query_115,قمت بعمل اشعة بالصبغة على الاورطى والشرايين الطرفية وجت انتفاخ بالوجه ووجع بالجسم ارجو الافادة,trial_query_115_claim_01,1,أشعة الصبغة تُستخدم لفحص الشرايين الطرفية والأورطى لتحديد سبب الانتفاخ والوجع,supported,0.0909,True,True,"[""E1"", ""E2"", ""E3"", ""E4""]","[""E1"", ""E2"", ""E3"", ""E4""]","[""ahd5k_01537""]","[""ahd5k_01537""]","[""وجع --INVESTIGATED_BY--> اشعة"", ""انتفاخ --INVESTIGATED_BY--> اشعة"", ""اشعة --INVESTIGATES--> وجع""]","[{""evidence_id"": ""E1"", ""qa_id"": ""ahd5k_01537"", ""evidence_text"": ""اشعة بالصبغة"", ""relation"": ""وجع --INVESTIGATED_BY--> اشعة""}, {""evidence_id"": ""E2"", ""qa_id"": ""ahd5k_01537"", ""evidence_text"": ""اشعة بالصبغة"", ""relation"": ""انتفاخ --INVESTIGATED_BY--> اشعة""}, {""evidence_id"": ""E3"", ""qa_id"": ""ahd5k_01537"", ""evidence_text"": ""اشعة بالصبغة"", ""relation"": ""اشعة --INVESTIGATES--> وجع""}]",claim terms overlap retrieved evidence and cited/source ids are valid,اشعة بالصبغة
trial_query_118,ماهي علاجات حمى التهاب باطن القدم وباطن اليد وماهي الفحوصات للتاكد من اسباب هذا المرض؟,trial_query_118_claim_01,1,علاج حمى باطن القدم واليد يشمل مضادات حيوية مثل البنسيلين والسيبروفلوكساسين,supported,0.3636,True,True,"[""E1""]","[""E1""]","[""ahd5k_01255""]","[""ahd5k_01255""]","[""حمى عضة الجرذ --HAS_SYMPTOM--> حمى""]","[{""evidence_id"": ""E1"", ""qa_id"": ""ahd5k_01255"", ""evidence_text"": ""حمى عضة الجرذ ، وحمى عضة الفأر"", ""relation"": ""حمى عضة الجرذ --HAS_SYMPTOM--> حمى""}]",claim terms overlap retrieved evidence and cited/source ids are valid,حمى عضة الجرذ ، وحمى عضة الفأر
trial_query_118,ماهي علاجات حمى التهاب باطن القدم وباطن اليد وماهي الفحوصات للتاكد من اسباب هذا المرض؟,trial_query_118_claim_02,2,الحمى قد تكون نتيجة عضة الجرذ أو الجرذون، لكن لم تُذكر الفحوصات المحددة لتأكيد السبب,supported,0.1333,True,True,"[""E1"", ""E4""]","[""E1"", ""E4""]","[""ahd5k_01255""]","[""ahd5k_01255""]","[""حمى عضة الجرذ --HAS_SYMPTOM--> حمى"", ""حمى --SYMPTOM_OF--> حمى عضة الجرذ""]","[{""evidence_id"": ""E1"", ""qa_id"": ""ahd5k_01255"", ""evidence_text"": ""حمى عضة الجرذ ، وحمى عضة الفأر"", ""relation"": ""حمى عضة الجرذ --HAS_SYMPTOM--> حمى""}, {""evidence_id"": ""E4"", ""qa_id"": ""ahd5k_01255"", ""evidence_text"": ""حمى عضة الجرذ ، وحمى عضة الفأر"", ""relation"": ""حمى --SYMPTOM_OF--> حمى عضة الجرذ""}]",claim terms overlap retrieved evidence and cited/source ids are valid,حمى عضة الجرذ ، وحمى عضة الفأر
trial_query_119,والدي وقع من الدرج قبل ثلالث ايام نلاحظ هناك زغللة في عينه اليمنى مع حول فيها تم قياسة مستوى السكر اليوم 200 اتمنى افادتي بهذا الامر هل له علاقة بالحلطة...,trial_query_119_claim_01,1,مرض السكري مرتبط بارتفاع ضغط الدم,supported,0.6667,True,True,"[""E1"", ""E2""]","[""E1"", ""E2""]","[""ahd5k_01294"", ""ahd5k_04912""]","[""ahd5k_01294"", ""ahd5k_04912""]","[""مرض السكري --HAS_SYMPTOM--> ضغط الدم"", ""مرض السكري --HAS_SYMPTOM--> ضغط الدم""]","[{""evidence_id"": ""E1"", ""qa_id"": ""ahd5k_01294"", ""evidence_text"": ""مرض السكري وضغط الدمز"", ""relation"": ""مرض السكري --HAS_SYMPTOM--> ضغط الدم""}, {""evidence_id"": ""E2"", ""qa_id"": ""ahd5k_04912"", ""evidence_text"": ""مع العلم أن المريض يعاني من مرض السكر"", ""relation"": ""مرض السكري --HAS_SYMPTOM--> ضغط الدم""}]",claim terms overlap retrieved evidence and cited/source ids are valid,مرض السكري وضغط الدمز
trial_query_119,والدي وقع من الدرج قبل ثلالث ايام نلاحظ هناك زغللة في عينه اليمنى مع حول فيها تم قياسة مستوى السكر اليوم 200 اتمنى افادتي بهذا الامر هل له علاقة بالحلطة...,trial_query_119_claim_02,2,يمكن تشخيص مرض السكري عبر تحاليل مخبرية,supported,0.5714,True,True,"[""E3"", ""E5""]","[""E3"", ""E5""]","[""ahd5k_01551""]","[""ahd5k_01551""]","[""مرض السكري --DIAGNOSED_BY--> تحاليل مخبرية"", ""تحاليل مخبرية --DIAGNOSES--> مرض السكري""]","[{""evidence_id"": ""E3"", ""qa_id"": ""ahd5k_01551"", ""evidence_text"": ""تحاليل مخبرية"", ""relation"": ""مرض السكري --DIAGNOSED_BY--> تحاليل مخبرية""}, {""evidence_id"": ""E5"", ""qa_id"": ""ahd5k_01551"", ""evidence_text"": ""تحاليل مخبرية"", ""relation"": ""تحاليل مخبرية --DIAGNOSES--> مرض السكري""}]",claim terms overlap retrieved evidence and cited/source ids are valid,تحاليل مخبرية
trial_query_120,ماهي الاهمية الطبية للجلوكوز والفركتوز والجالكتوز؟,trial_query_120_claim_01,1,الجلوكوز هو المصدر الأساسي للطاقة في الخلية,supported,0.8571,True,True,"[""E1""]","[""E1""]","[""ahd5k_01578""]","[""ahd5k_01578""]","[""التهاب --HAS_SYMPTOM--> اختلال وظائف الكبد""]","[{""evidence_id"": ""E1"", ""qa_id"": ""ahd5k_01578"", ""evidence_text"": ""التهاب في العين وفقدان حاسة الشم واختلال وظائف الكبد والكلى"", ""relation"": ""التهاب --HAS_SYMPTOM--> اختلال وظائف الكبد""}]",claim terms overlap retrieved evidence and cited/source ids are valid,التهاب في العين وفقدان حاسة الشم واختلال وظائف الكبد والكلى
trial_query_120,ماهي الاهمية الطبية للجلوكوز والفركتوز والجالكتوز؟,trial_query_120_claim_02,2,الفركتوز مكون في جدار الخلايا,supported,0.6,True,True,"[""E1""]","[""E1""]","[""ahd5k_01578""]","[""ahd5k_01578""]","[""التهاب --HAS_SYMPTOM--> اختلال وظائف الكبد""]","[{""evidence_id"": ""E1"", ""qa_id"": ""ahd5k_01578"", ""evidence_text"": ""التهاب في العين وفقدان حاسة الشم واختلال وظائف الكبد والكلى"", ""relation"": ""التهاب --HAS_SYMPTOM--> اختلال وظائف الكبد""}]",claim terms overlap retrieved evidence and cited/source ids are valid,التهاب في العين وفقدان حاسة الشم واختلال وظائف الكبد والكلى
trial_query_120,ماهي الاهمية الطبية للجلوكوز والفركتوز والجالكتوز؟,trial_query_120_claim_03,3,الجلاكتوز يدخل في تركيب البروتينات والدهون الخلوية ويُشكّل اللاكتوز مع الجلوكوز,supported,0.7273,True,True,"[""E1""]","[""E1""]","[""ahd5k_01578""]","[""ahd5k_01578""]","[""التهاب --HAS_SYMPTOM--> اختلال وظائف الكبد""]","[{""evidence_id"": ""E1"", ""qa_id"": ""ahd5k_01578"", ""evidence_text"": ""التهاب في العين وفقدان حاسة الشم واختلال وظائف الكبد والكلى"", ""relation"": ""التهاب --HAS_SYMPTOM--> اختلال وظائف الكبد""}]",claim terms overlap retrieved evidence and cited/source ids are valid,التهاب في العين وفقدان حاسة الشم واختلال وظائف الكبد والكلى
trial_query_120,ماهي الاهمية الطبية للجلوكوز والفركتوز والجالكتوز؟,trial_query_120_claim_04,4,خلل في تمثيل الجلوكوز أو الفركتوز أو الجلاكتوز يؤدي إلى أمراض في العين وفقدان حاسة الشم واختلال وظائف الكبد والكلى,supported,0.8333,True,True,"[""E1""]","[""E1""]","[""ahd5k_01578""]","[""ahd5k_01578""]","[""التهاب --HAS_SYMPTOM--> اختلال وظائف الكبد""]","[{""evidence_id"": ""E1"", ""qa_id"": ""ahd5k_01578"", ""evidence_text"": ""التهاب في العين وفقدان حاسة الشم واختلال وظائف الكبد والكلى"", ""relation"": ""التهاب --HAS_SYMPTOM--> اختلال وظائف الكبد""}]",claim terms overlap retrieved evidence and cited/source ids are valid,التهاب في العين وفقدان حاسة الشم واختلال وظائف الكبد والكلى
trial_query_121,متى يلجأ الدكتور الي نزع عَصّب السن او الضرس,trial_query_121_claim_02,2,المعلومات المتاحة تركز على علاقات غير مباشرة مثل تأثير التخدير الموضعي على الغمزة أو مخاطر الحساسية بعد برد الأسنان، دون ذكر شروط أو أوقات محددة لعملية النزع,unsupported,0.08,True,True,[],[],[],[],"[""برد الأسنان --HAS_RISK--> حساسية الأسنان"", ""برد الأسنان --PROCEDURE_DURATION--> جلسة واحدة أو جلستان""]","[{""evidence_id"": ""E3"", ""qa_id"": ""ahd5k_00828"", ""evidence_text"": ""كثرة برد الأسنان قد تؤثر على الأسنان وتجعلها حساسة."", ""relation"": ""برد الأسنان --HAS_RISK--> حساسية الأسنان""}, {""evidence_id"": ""E4"", ""qa_id"": ""ahd5k_00828"", ""evidence_text"": ""برد الأسنان للتصغير قد يتم في جلسة واحدة، أما للتركيب وعمل أسنان صناعية فقد يحتاج جلسة أو جلستين."", ""relation"": ""برد الأسنان --PROCEDURE_DURATION--> جلسة واحدة أو جلستان""}]",no sufficient lexical evidence support in the retrieved subgraph,كثرة برد الأسنان قد تؤثر على الأسنان وتجعلها حساسة.
trial_query_123,لسلام عليكم ممكن تساعدوني ابني عملتله تطعيم سنة ونص اليوم هو يعاني من ارتفاع الحرارة ومايقدر يحرك رجلو وحتى يوقف وهو كتير البكاء كيف اتعامل معاه كيف اخفف من الم...,trial_query_123_claim_01,1,استخدام خافض حرارة ومسكن للآلام بعد التطعيم يُخفف الأعراض,supported,0.4444,True,True,"[""E1"", ""E3""]","[""E1"", ""E3""]","[""ahd5k_01611"", ""ahd5k_01611""]","[""ahd5k_01611"", ""ahd5k_01611""]","[""حمى --TREATED_BY--> خافض حراره"", ""خافض حراره --TREATS--> حمى""]","[{""evidence_id"": ""E1"", ""qa_id"": ""ahd5k_01611"", ""evidence_text"": ""المفروض ان تزول هذه الاعراض خلال 48 ساعة وعليكي استخدام خافض حراره ومسكن للالم بعد تطعيم"", ""relation"": ""حمى --TREATED_BY--> خافض حراره""}, {""evidence_id"": ""E3"", ""qa_id"": ""ahd5k_01611"", ""evidence_text"": ""المفروض ان تزول هذه الاعراض خلال 48 ساعة وعليكي استخدام خافض حراره ومسكن للالم بعد تطعيم"", ""relation"": ""خافض حراره --TREATS--> حمى""}]",claim terms overlap retrieved evidence and cited/source ids are valid,المفروض ان تزول هذه الاعراض خلال 48 ساعة وعليكي استخدام خافض حراره ومسكن للالم بعد تطعيم
trial_query_124,هل زيت نبات الميرمية له آثار جانبية عند تناوله بشكل 3 كبسولات قبل الطعام للتخلص من افراز البرولاكتين المفرز والناتج عن ورم حميد في الغدة النخامية . .,trial_query_124_claim_01,1,الميرمية قد تُستخدم لتنظيم الدورة الشهرية ولكنها لا تُغني عن العلاج الطبي الأساسي,supported,0.4615,True,True,"[""E1"", ""E2""]","[""E1"", ""E2""]","[""ahd5k_04015"", ""ahd5k_04015""]","[""ahd5k_04015"", ""ahd5k_04015""]","[""الدورة الشهرية --TREATED_BY--> الميرمية"", ""الميرمية --TREATS--> الدورة الشهرية""]","[{""evidence_id"": ""E1"", ""qa_id"": ""ahd5k_04015"", ""evidence_text"": ""الميرمية"", ""relation"": ""الدورة الشهرية --TREATED_BY--> الميرمية""}, {""evidence_id"": ""E2"", ""qa_id"": ""ahd5k_04015"", ""evidence_text"": ""الميرمية"", ""relation"": ""الميرمية --TREATS--> الدورة الشهرية""}]",claim terms overlap retrieved evidence and cited/source ids are valid,الميرمية
trial_query_125,عندي الم في منطقه البطن مع الم بصدر جهه اليمين الى الرقبه وماقدرت اعرف تفسير الالم ذا من ايش او سببه مع وجود احيان ضيق بالتنفس ،،،، افيدوني,trial_query_125_claim_01,1,العلاقة بين الألم وحالة 'ارتياف دعب الديم' قد تكون مرتبطة بتشنج عضلي أو جهد بدني [E1][E2],supported,0.2353,True,True,"[""E1"", ""E2""]","[""E1"", ""E2""]","[""ahd5k_03738"", ""ahd5k_03738""]","[""ahd5k_03738"", ""ahd5k_03738""]","[""ارتياف دعب \\u0627لديم --HAS_SYMPTOM--> الالم"", ""الالم --SYMPTOM_OF--> ارتياف دعب \\u0627لديم""]","[{""evidence_id"": ""E1"", ""qa_id"": ""ahd5k_03738"", ""evidence_text"": ""الالم الدي الديم الديم الديم"", ""relation"": ""ارتياف دعب \\u0627لديم --HAS_SYMPTOM--> الالم""}, {""evidence_id"": ""E2"", ""qa_id"": ""ahd5k_03738"", ""evidence_text"": ""الالم الدي الديم الديم الديم"", ""relation"": ""الالم --SYMPTOM_OF--> ارتياف دعب \\u0627لديم""}]",claim terms overlap retrieved evidence and cited/source ids are valid,الالم الدي الديم الديم الديم
trial_query_125,عندي الم في منطقه البطن مع الم بصدر جهه اليمين الى الرقبه وماقدرت اعرف تفسير الالم ذا من ايش او سببه مع وجود احيان ضيق بالتنفس ،،،، افيدوني,trial_query_125_claim_02,2,الألم في البطن مع انتقاله إلى الصدر والرقبة لم يتم توثيقه في الأدلة المُسترجعة,unsupported,0.2308,False,False,[],[],[],[],"[""الجلد المترهل --TREATED_BY--> الجراحة التجميلية"", ""ارتياف دعب \\u0627لديم --HAS_SYMPTOM--> الالم"", ""الالم --SYMPTOM_OF--> ارتياف دعب \\u0627لديم""]","[{""evidence_id"": ""E5"", ""qa_id"": ""ahd5k_01190"", ""evidence_text"": ""يمكن شده بممارسة الرياضة أو بالجراحة التجميلية"", ""relation"": ""الجلد المترهل --TREATED_BY--> الجراحة التجميلية""}, {""evidence_id"": ""E1"", ""qa_id"": ""ahd5k_03738"", ""evidence_text"": ""الالم الدي الديم الديم الديم"", ""relation"": ""ارتياف دعب \\u0627لديم --HAS_SYMPTOM--> الالم""}, {""evidence_id"": ""E2"", ""qa_id"": ""ahd5k_03738"", ""evidence_text"": ""الالم الدي الديم الديم الديم"", ""relation"": ""الالم --SYMPTOM_OF--> ارتياف دعب \\u0627لديم""}]",no sufficient lexical evidence support in the retrieved subgraph,يمكن شده بممارسة الرياضة أو بالجراحة التجميلية
