query_id,source_entity_id,graph_relation_type,target_entity_id,evidence_rank,hybrid_score,evidence_relevance,qa_id,evidence,reason,edge_id,edge_direction
trial_query_076,ent_diseasecondition_2f75d3dabe0b,TREATED_BY,ent_treatment_cbf0b7b10d4f,1,0.871748,0.114286,ahd5k_00812,للاسف اهم علاج تجنب المنتجات التي تحوي جلوتين,Direct treatment recommendation for allergy,rel_seed_e43cc896f52f8b30,direct
trial_query_076,ent_diseasecondition_2f75d3dabe0b,TREATED_BY,ent_treatment_f4b5c1573769,1,0.856963,0.142857,ahd5k_01231,استخدمي مضاد هيسامين وكورتيزون موضعي,Direct treatment recommendation for allergy,rel_seed_036615e69fe27f5a,direct
trial_query_076,ent_diseasecondition_2f75d3dabe0b,TREATED_BY,ent_treatment_843876e28a68,1,0.856963,0.142857,ahd5k_01231,استخدمي مضاد هيسامين وكورتيزون موضعي,Direct treatment recommendation for allergy,rel_seed_8e92aaaff3cb2b47,direct
trial_query_076,ent_diseasecondition_2f75d3dabe0b,TREATED_BY,ent_treatment_104bb0a91d5a,1,0.85182,0.057143,ahd5k_02470,مضاد للهيستامين مثل تيليفاست,Direct treatment recommendation for allergy,rel_seed_7ce02234253ff02e,direct
trial_query_076,supp_ent_condition_cholesterol,MANAGED_BY,supp_ent_lifestyle_cholesterol,1,0.846477,0.114286,ahd5k_00171,طرق تخفيض الكوليسترول بدون دواء تعتمد على الجهد والتمارين خاصة المشي والحمية وتجنب الدهون الحيوانية والمقليات.,dataset-derived supplemental fact from ahd5k_00171,supp_rel_cholesterol_lifestyle,direct
trial_query_076,ent_diseasecondition_2f75d3dabe0b,TREATED_BY,ent_treatment_0311bc90ba75,1,0.837034,0.085714,ahd5k_00020,اعطيها حليب مكسر بروتين الحليب بالكامل او حليب رز,Direct treatment recommendation for allergy,rel_seed_f0f432e62cc5ed96,direct
trial_query_076,ent_diseasecondition_2f75d3dabe0b,TREATED_BY,ent_treatment_45a78ee47153,1,0.83532,0.057143,ahd5k_00133,بدائل يوجد نازونكس وافاميز وتابونكس وفليكسونيز,Explicit treatment alternative listed for allergy,rel_seed_df369e76bea13661,direct
trial_query_076,ent_diseasecondition_2f75d3dabe0b,TREATED_BY,ent_treatment_677fdfb3086e,1,0.827391,0.2,ahd5k_00887,علاج حساسية الأنف. ما هي فوائد زيت حبة السوداء,Direct treatment claim for nasal allergies,rel_seed_4f94c296991a8bf7,direct
trial_query_077,ent_diseasecondition_0058b0001848,TREATED_BY,ent_treatment_07d0f0ae4c18,1,0.705785,0.285714,ahd5k_00255,عمل منظار قنوات مرارية الف سلامة,المناظير المرارية (ERCP) تُستخدم عادةً لعلاج تضيق القنوات داخل الكبد عبر تصحيح الانسداد أو توسعتها.,rel_seed_0056146242b02ab5,direct
trial_query_077,ent_treatment_07d0f0ae4c18,TREATS,ent_diseasecondition_0058b0001848,1,0.665785,0.285714,ahd5k_00255,عمل منظار قنوات مرارية الف سلامة,المناظير المرارية (ERCP) تُستخدم عادةً لعلاج تضيق القنوات داخل الكبد عبر تصحيح الانسداد أو توسعتها.,rel_seed_0056146242b02ab5__inverse,inverse
trial_query_077,ent_diseasecondition_2f75d3dabe0b,DIAGNOSED_BY,ent_test_dd68aa784555,1,0.394817,0.142857,ahd5k_02039,لابد من رؤيتها من قبل طبيب وعمل تحاليل خاصه بالحساسيه,The QA explicitly states that specific allergy tests are required to confirm the diagnosis of the allergy condition.,rel_seed_c4c6c926d85ac5f6,direct
trial_query_077,ent_symptom_fd750eeb2865,INVESTIGATED_BY,ent_test_c4cfd2d6468c,1,0.394513,0.142857,ahd5k_01537,اشعة بالصبغة,X-ray with contrast is explicitly mentioned as the investigative method for the symptom of swelling.,rel_seed_b0669eae8f21f480,direct
trial_query_077,ent_symptom_42ad4acdebc5,INVESTIGATED_BY,ent_test_c4cfd2d6468c,1,0.394243,0.142857,ahd5k_01537,اشعة بالصبغة,X-ray with contrast is explicitly mentioned as the investigative method for the symptom of body pain.,rel_seed_11af4134e6087155,direct
trial_query_077,ent_test_dd68aa784555,DIAGNOSES,ent_diseasecondition_2f75d3dabe0b,1,0.354817,0.142857,ahd5k_02039,لابد من رؤيتها من قبل طبيب وعمل تحاليل خاصه بالحساسيه,The QA explicitly states that specific allergy tests are required to confirm the diagnosis of the allergy condition.,rel_seed_c4c6c926d85ac5f6__inverse,inverse
trial_query_077,ent_test_c4cfd2d6468c,INVESTIGATES,ent_symptom_fd750eeb2865,1,0.354513,0.142857,ahd5k_01537,اشعة بالصبغة,X-ray with contrast is explicitly mentioned as the investigative method for the symptom of swelling.,rel_seed_b0669eae8f21f480__inverse,inverse
trial_query_077,ent_test_c4cfd2d6468c,INVESTIGATES,ent_symptom_42ad4acdebc5,1,0.354243,0.142857,ahd5k_01537,اشعة بالصبغة,X-ray with contrast is explicitly mentioned as the investigative method for the symptom of body pain.,rel_seed_11af4134e6087155__inverse,inverse
trial_query_078,ent_symptom_1113453f7a36,TREATED_BY,ent_treatment_b9702eae5c6a,1,0.921311,0.8,ahd5k_00992,يجب عليك اعطاء المصاب عسل تحت لسانه,QA explicitly recommends honey as treatment for loss of consciousness in diabetic patient,rel_seed_db347ae3105b718e,direct
trial_query_078,ent_diseasecondition_380db6d92562,DIAGNOSED_BY,ent_test_dd68aa784555,1,0.778613,0.3,ahd5k_01551,تحاليل مخبرية,Lab tests are standard diagnostic tools for diabetes.,rel_seed_fff580f977f6b0c9,direct
trial_query_078,ent_diseasecondition_380db6d92562,HAS_SYMPTOM,ent_symptom_724e59ded899,1,0.768113,0.4,ahd5k_04912,مع العلم أن المريض يعاني من مرض السكر,Explicit disease-symptom relationship,rel_seed_b3536762c6f85e02,direct
trial_query_078,ent_diseasecondition_380db6d92562,HAS_SYMPTOM,ent_symptom_724e59ded899,2,0.762113,0.3,ahd5k_01294,مرض السكري وضغط الدمز,Direct co-occurrence with explicit disease-symptom relationship,rel_seed_bd9e5c6d36b9dbdb,direct
trial_query_078,ent_diseasecondition_380db6d92562,HAS_SYMPTOM,ent_symptom_724e59ded899,3,0.756113,0.2,ahd5k_02607,مرض السكري وضغط الدم,Direct disease-symptom relationship established,rel_seed_1a25f42f93f6f380,direct
trial_query_078,ent_diseasecondition_16cf4e77b755,DIAGNOSED_BY,ent_test_dd68aa784555,1,0.718283,0.2,ahd5k_01551,تحاليل مخبرية,Lab tests are standard diagnostic tools for inflammation.,rel_seed_85a95e9683ec40c4,direct
trial_query_078,ent_treatment_b9702eae5c6a,TREATS,ent_symptom_1113453f7a36,1,0.449311,0.8,ahd5k_00992,يجب عليك اعطاء المصاب عسل تحت لسانه,QA explicitly recommends honey as treatment for loss of consciousness in diabetic patient,rel_seed_db347ae3105b718e__inverse,inverse
trial_query_078,ent_test_dd68aa784555,DIAGNOSES,ent_diseasecondition_380db6d92562,1,0.414613,0.3,ahd5k_01551,تحاليل مخبرية,Lab tests are standard diagnostic tools for diabetes.,rel_seed_fff580f977f6b0c9__inverse,inverse
trial_query_078,ent_symptom_724e59ded899,SYMPTOM_OF,ent_diseasecondition_380db6d92562,1,0.404113,0.4,ahd5k_04912,مع العلم أن المريض يعاني من مرض السكر,Explicit disease-symptom relationship,rel_seed_b3536762c6f85e02__inverse,inverse
trial_query_078,ent_test_dd68aa784555,DIAGNOSES,ent_diseasecondition_16cf4e77b755,1,0.378283,0.2,ahd5k_01551,تحاليل مخبرية,Lab tests are standard diagnostic tools for inflammation.,rel_seed_85a95e9683ec40c4__inverse,inverse
trial_query_079,ent_symptom_fd750eeb2865,INVESTIGATED_BY,ent_test_c4cfd2d6468c,1,0.8814,0.1875,ahd5k_01537,اشعة بالصبغة,X-ray with contrast is explicitly mentioned as the investigative method for the symptom of swelling.,rel_seed_b0669eae8f21f480,direct
trial_query_079,ent_test_c4cfd2d6468c,INVESTIGATES,ent_symptom_fd750eeb2865,1,0.8414,0.1875,ahd5k_01537,اشعة بالصبغة,X-ray with contrast is explicitly mentioned as the investigative method for the symptom of swelling.,rel_seed_b0669eae8f21f480__inverse,inverse
trial_query_079,ent_test_c4cfd2d6468c,DIAGNOSES,ent_diseasecondition_190a32dbb9bd,1,0.836325,0.25,ahd5k_04844,أشعة,أشعة مذكورة كوسيلة لتشخيص خراجات اللثة المرتبطة بتسوس الأسنان,rel_seed_892989157e377bf9__inverse,inverse
trial_query_079,ent_test_c4cfd2d6468c,INVESTIGATES,ent_symptom_42ad4acdebc5,1,0.832575,0.1875,ahd5k_01537,اشعة بالصبغة,X-ray with contrast is explicitly mentioned as the investigative method for the symptom of body pain.,rel_seed_11af4134e6087155__inverse,inverse
trial_query_079,ent_test_c4cfd2d6468c,DIAGNOSES,ent_diseasecondition_16cf4e77b755,1,0.832575,0.1875,ahd5k_00114,اجراء صورة اشعة عادية للحوض,X-ray directly used to diagnose inflammation,rel_seed_e970be45ddb963ae__inverse,inverse
trial_query_079,ent_diseasecondition_22348d970227,DIAGNOSED_BY,ent_test_234f794d532f,1,0.7465,0.25,ahd5k_00035,مستوى الهرمون في الدم,Hormone level test directly linked to thyroid disease diagnosis,rel_seed_14a6be8faeb8ff92,direct
trial_query_079,ent_symptom_42ad4acdebc5,INVESTIGATED_BY,ent_test_c4cfd2d6468c,1,0.740575,0.1875,ahd5k_01537,اشعة بالصبغة,X-ray with contrast is explicitly mentioned as the investigative method for the symptom of body pain.,rel_seed_11af4134e6087155,direct
trial_query_079,ent_diseasecondition_16cf4e77b755,DIAGNOSED_BY,ent_test_c4cfd2d6468c,1,0.740575,0.1875,ahd5k_00114,اجراء صورة اشعة عادية للحوض,X-ray directly used to diagnose inflammation,rel_seed_e970be45ddb963ae,direct
trial_query_080,ent_diseasecondition_250910ab0701,HAS_SYMPTOM,ent_symptom_f4cf885a0447,1,0.589286,0.142857,ahd5k_04490,حساسية الصدر and سعال co-occur with explicit symptom-pathology link,Direct symptom-pathology relationship established in QA context,rel_seed_bae062ec77d09618,direct
trial_query_080,ent_diseasecondition_16cf4e77b755,HAS_SYMPTOM,ent_symptom_59d5c1de0b88,1,0.586839,0.142857,ahd5k_00666,التهاب في المثانة أو الإحليل يسبب خروج الدم,Direct causal link between inflammation and blood as symptom,rel_seed_cc52f0a3c44e4c1e,direct
trial_query_080,ent_symptom_f4cf885a0447,SYMPTOM_OF,ent_diseasecondition_250910ab0701,1,0.549286,0.142857,ahd5k_04490,حساسية الصدر and سعال co-occur with explicit symptom-pathology link,Direct symptom-pathology relationship established in QA context,rel_seed_bae062ec77d09618__inverse,inverse
trial_query_080,ent_symptom_59d5c1de0b88,SYMPTOM_OF,ent_diseasecondition_16cf4e77b755,1,0.546839,0.142857,ahd5k_00666,التهاب في المثانة أو الإحليل يسبب خروج الدم,Direct causal link between inflammation and blood as symptom,rel_seed_cc52f0a3c44e4c1e__inverse,inverse
trial_query_080,ent_diseasecondition_16cf4e77b755,DIAGNOSED_BY,ent_test_f6ff9119ed14,1,0.430239,0.142857,ahd5k_00666,تصوير الجهاز البولي لتحديد سبب التهاب المثانة,Diagnostic imaging directly linked to inflammation diagnosis,rel_seed_582350660fdefde2,direct
trial_query_080,ent_symptom_59d5c1de0b88,INVESTIGATED_BY,ent_test_f6ff9119ed14,1,0.426939,0.142857,ahd5k_00666,تصوير الجهاز البولي لتحديد مكان خروج الدم,Direct investigation of blood symptom through imaging,rel_seed_f03eb900aed1136f,direct
trial_query_080,ent_diseasecondition_250910ab0701,DIAGNOSED_BY,ent_test_433492431144,1,0.426086,0.142857,ahd5k_04490,تحليل الحساسية explicitly mentioned as diagnostic tool for حساسية الصدر,Test directly linked to condition diagnosis in QA,rel_seed_e4f1901524d0dd30,direct
trial_query_080,ent_test_f6ff9119ed14,DIAGNOSES,ent_diseasecondition_16cf4e77b755,1,0.390239,0.142857,ahd5k_00666,تصوير الجهاز البولي لتحديد سبب التهاب المثانة,Diagnostic imaging directly linked to inflammation diagnosis,rel_seed_582350660fdefde2__inverse,inverse
trial_query_081,ent_symptom_b754f1a1e5a8,SYMPTOM_OF,ent_diseasecondition_d9b91988beb9,1,0.858408,0.137931,ahd5k_02662,صداع,Meningitis (التهاب السحايا) directly causes headache (صداع) as a primary symptom.,rel_seed_3d467dae60e3e704__inverse,inverse
trial_query_081,ent_symptom_b754f1a1e5a8,SYMPTOM_OF,ent_diseasecondition_ad3e19c416f6,1,0.841908,0.137931,ahd5k_02662,صداع,Sinusitis (التهاب الجيوب الأنفية) commonly presents with headache (صداع) as a symptom.,rel_seed_fc5afd3631ff5eb3__inverse,inverse
trial_query_081,ent_symptom_b754f1a1e5a8,SYMPTOM_OF,ent_diseasecondition_00247d3d5c80,1,0.835702,0.034483,ahd5k_00780,الصداع التوتري قد يظهر كصداع يختلف حدته,العلاقة مدعومة مباشرة من النص الذي يربط بين الحالة المرضية والأعراض,rel_seed_f7f26f23fb811356__inverse,inverse
trial_query_081,ent_symptom_b754f1a1e5a8,SYMPTOM_OF,ent_diseasecondition_04b436ff2a98,1,0.821271,0.068966,ahd5k_04356,ضرس العقل,Wisdom teeth (ضرس العقل) are explicitly linked to headache (صداع) as a symptom.,rel_seed_938a3b9670527bd9__inverse,inverse
trial_query_081,ent_diseasecondition_d9b91988beb9,HAS_SYMPTOM,ent_symptom_b754f1a1e5a8,1,0.766408,0.137931,ahd5k_02662,صداع,Meningitis (التهاب السحايا) directly causes headache (صداع) as a primary symptom.,rel_seed_3d467dae60e3e704,direct
trial_query_081,ent_diseasecondition_ad3e19c416f6,HAS_SYMPTOM,ent_symptom_b754f1a1e5a8,1,0.749908,0.137931,ahd5k_02662,صداع,Sinusitis (التهاب الجيوب الأنفية) commonly presents with headache (صداع) as a symptom.,rel_seed_fc5afd3631ff5eb3,direct
trial_query_081,ent_diseasecondition_04b436ff2a98,HAS_SYMPTOM,ent_symptom_b754f1a1e5a8,1,0.729271,0.068966,ahd5k_04356,ضرس العقل,Wisdom teeth (ضرس العقل) are explicitly linked to headache (صداع) as a symptom.,rel_seed_938a3b9670527bd9,direct
trial_query_081,ent_diseasecondition_ad3e19c416f6,HAS_SYMPTOM,ent_symptom_d713f64368d3,1,0.722947,0.137931,ahd5k_02662,ضغط,Sinusitis (التهاب الجيوب الأنفية) causes facial pressure (ضغط) as a direct symptom.,rel_seed_3f9dbbea6fdd8f6f,direct
trial_query_082,ent_diseasecondition_780d3bf613f5,TREATED_BY,ent_treatment_90996a0e2d01,1,0.624663,0.954545,ahd5k_01066,ممكن تجرب دواء اسمه ايزومبرازول,Treatment explicitly recommended for ulcer.,rel_seed_d859af7524ae0413,direct
trial_query_082,ent_treatment_90996a0e2d01,TREATS,ent_diseasecondition_780d3bf613f5,1,0.452663,0.954545,ahd5k_01066,ممكن تجرب دواء اسمه ايزومبرازول,Treatment explicitly recommended for ulcer.,rel_seed_d859af7524ae0413__inverse,inverse
trial_query_082,ent_diseasecondition_86e897b1e25a,TREATED_BY,ent_treatment_1479a48d3d42,1,0.438359,0.136364,ahd5k_03807,مضادات حيويه نكسيوم و كلاريثرومايسين واموكسسلين,السياق يربط العلاج مباشرة بالملوية البوابية كسبب للقرحة,rel_seed_ca33d772076cfe85,direct
trial_query_082,ent_treatment_1479a48d3d42,TREATS,ent_diseasecondition_86e897b1e25a,1,0.398359,0.136364,ahd5k_03807,مضادات حيويه نكسيوم و كلاريثرومايسين واموكسسلين,السياق يربط العلاج مباشرة بالملوية البوابية كسبب للقرحة,rel_seed_ca33d772076cfe85__inverse,inverse
trial_query_083,focus_ent_dental_filling,NOT_ASSOCIATED_WITH,focus_ent_face_dimple,1,0.457136,0.185185,ahd5k_00484,لا توجد علاقة مرتبطة بين حشو الأسنان وغمازة الوجه حسب مصدر AHD.,focused dataset-derived expansion from ahd5k_00484,focus_rel_dental_filling_no_dimple_relation,direct
trial_query_083,focus_ent_strong_local_anesthesia,MAY_TEMPORARILY_AFFECT,focus_ent_face_dimple,1,0.457136,0.185185,ahd5k_00484,إذا تم تخدير منطقة الغمازة بمخدر قوي وكمية كبيرة فقد تزول الحالة خلال 24-48 ساعة.,focused dataset-derived expansion from ahd5k_00484,focus_rel_dental_anesthesia_temporary_dimple,direct
trial_query_083,focus_ent_tooth_filing,HAS_RISK,focus_ent_tooth_sensitivity,1,0.452691,0.111111,ahd5k_00828,كثرة برد الأسنان قد تؤثر على الأسنان وتجعلها حساسة.,focused dataset-derived expansion from ahd5k_00828,focus_rel_tooth_filing_risk_sensitivity,direct
trial_query_083,focus_ent_tooth_filing,PROCEDURE_DURATION,focus_ent_one_two_sessions,1,0.452691,0.111111,ahd5k_00828,برد الأسنان للتصغير قد يتم في جلسة واحدة، أما للتركيب وعمل أسنان صناعية فقد يحتاج جلسة أو جلستين.,focused dataset-derived expansion from ahd5k_00828,focus_rel_tooth_filing_duration,direct
trial_query_083,ent_symptom_6910233b82fc,TREATED_BY,ent_treatment_a3fdf405330a,1,0.400941,0.148148,ahd5k_04986,وجربت التمارين فترة بس ما لاحظت نتيجة كبيرة,Exercise explicitly mentioned as treatment for belly protrusion,rel_seed_8d3a656f552448a8,direct
trial_query_083,ent_treatment_a3fdf405330a,TREATS,ent_symptom_6910233b82fc,1,0.360941,0.148148,ahd5k_04986,وجربت التمارين فترة بس ما لاحظت نتيجة كبيرة,Exercise explicitly mentioned as treatment for belly protrusion,rel_seed_8d3a656f552448a8__inverse,inverse
trial_query_084,ent_symptom_ecf500c8beea,SYMPTOM_OF,ent_diseasecondition_16cf4e77b755,1,0.601929,1.0,ahd5k_01099,التهابات نسائيه تسبب حرقه في المهبل,الالتهاب النسائي يُظهر مباشرةً حرقه كأعراض مصاحبة,rel_seed_49bc59e28967e4ac__inverse,inverse
trial_query_084,ent_diseasecondition_16cf4e77b755,HAS_SYMPTOM,ent_symptom_ecf500c8beea,1,0.509929,1.0,ahd5k_01099,التهابات نسائيه تسبب حرقه في المهبل,الالتهاب النسائي يُظهر مباشرةً حرقه كأعراض مصاحبة,rel_seed_49bc59e28967e4ac,direct
trial_query_085,focus_ent_anemia,MANAGED_BY,focus_ent_iron_rich_foods,1,0.434009,0.1,ahd5k_00594,يمكن دعم فقر الدم بنظام غذائي غني بعناصر مثل الحديد وحمض الفوليك وفيتامين ب-12، مع بقاء العلاج حسب نوع فقر الدم تحت إشراف الطبيب.,focused dataset-derived expansion from ahd5k_00594,focus_rel_anemia_managed_by_iron_rich_food,direct
trial_query_085,focus_ent_iron_rich_foods,ABSORPTION_IMPROVED_BY,focus_ent_vitamin_c_foods,1,0.434009,0.1,ahd5k_00594,تناول الأطعمة الغنية بالحديد مع أطعمة غنية بفيتامين ج مثل البرتقال والطماطم والفراولة قد يحسن الامتصاص.,focused dataset-derived expansion from ahd5k_00594,focus_rel_iron_absorption_improved_by_vitamin_c,direct
trial_query_085,focus_ent_iron_rich_foods,ABSORPTION_REDUCED_BY,focus_ent_tea_coffee_calcium,1,0.434009,0.1,ahd5k_00594,ينصح بتجنب تناول الأطعمة الغنية بالحديد مع القهوة أو الشاي أو الأطعمة الغنية بالكالسيوم لأنها قد تمنع امتصاص الحديد.,focused dataset-derived expansion from ahd5k_00594,focus_rel_iron_absorption_reduced_by_tea_coffee,direct
trial_query_085,ent_symptom_c411d2ed3083,TREATED_BY,ent_treatment_34b849dbecc0,1,0.394756,0.1,ahd5k_04444,جرب بخاخات الماء والملح,النص يشير مباشرة إلى استخدام البخاخات كعلاج,rel_seed_91d68abf0a3b2f49,direct
trial_query_085,ent_symptom_c411d2ed3083,INVESTIGATED_BY,ent_test_84971d541245,1,0.394756,0.1,ahd5k_04444,لابد من عرضه على اخصائي الاطفال,النص يشير مباشرة إلى التحقيق عبر استشارة متخصص,rel_seed_95c059b6f1660cdf,direct
trial_query_085,ent_treatment_34b849dbecc0,TREATS,ent_symptom_c411d2ed3083,1,0.354756,0.1,ahd5k_04444,جرب بخاخات الماء والملح,النص يشير مباشرة إلى استخدام البخاخات كعلاج,rel_seed_91d68abf0a3b2f49__inverse,inverse
trial_query_085,ent_test_84971d541245,INVESTIGATES,ent_symptom_c411d2ed3083,1,0.354756,0.1,ahd5k_04444,لابد من عرضه على اخصائي الاطفال,النص يشير مباشرة إلى التحقيق عبر استشارة متخصص,rel_seed_95c059b6f1660cdf__inverse,inverse
trial_query_086,ent_diseasecondition_9719230327a2,HAS_SYMPTOM,ent_symptom_d48190970b2d,1,0.80838,0.178571,ahd5k_00838,نقص فيتامين (ب12) يسبب انيميا وتنميل,QA directly states vitamin B12 deficiency causes anemia and numbness,rel_seed_0e8bcb10a29e6d54,direct
trial_query_086,ent_diseasecondition_9719230327a2,HAS_SYMPTOM,ent_symptom_c81532a33515,1,0.801951,0.071429,ahd5k_02292,نقص في الدم مع الالم في المعده,Directly states anemia is associated with stomach pain.,rel_seed_6eed37b4f0733cbb,direct
trial_query_086,ent_diseasecondition_9719230327a2,HAS_SYMPTOM,ent_symptom_c81532a33515,2,0.801951,0.071429,ahd5k_02546,أحيانا الم في المعدة كسل وخمول اضطرابات في النوم,Directly links anemia to stomach pain as a symptom.,rel_seed_c660576254101bcf,direct
trial_query_086,ent_diseasecondition_9719230327a2,HAS_SYMPTOM,ent_symptom_c48c0df96785,1,0.801951,0.071429,ahd5k_02546,فقر الدم سبب فقدان الشهيه,Directly states anemia causes loss of appetite.,rel_seed_90514571a31526b3,direct
trial_query_086,ent_diseasecondition_6116bf50d3f1,DIAGNOSED_BY,ent_test_8dfa1780f518,1,0.777847,1.0,ahd5k_01162,فحص التحاليل المخبرية مرتبط بتشخيص نقص حديد,الاختبار مذكور كوسيلة لتشخيص الحالة,rel_seed_26332336a3521fcf,direct
trial_query_086,ent_diseasecondition_9719230327a2,DIAGNOSED_BY,ent_test_8dfa1780f518,1,0.741847,1.0,ahd5k_01162,فحص التحاليل المخبرية مرتبط بتشخيص فقر الدم,الاختبار مذكور كوسيلة لتشخيص الحالة,rel_seed_c06b8520b4415b11,direct
trial_query_086,ent_diseasecondition_21962ce71aec,HAS_SYMPTOM,ent_symptom_9510bd8242ac,1,0.722321,0.214286,ahd5k_04611,اعاني من مشكلة انقطاع الطمث...قال ان عندي مشكلة نقص هرمونات,Direct causal link stated in patient's QA,rel_seed_05bc738bb2725c91,direct
trial_query_086,ent_symptom_9510bd8242ac,SYMPTOM_OF,ent_diseasecondition_21962ce71aec,1,0.682321,0.214286,ahd5k_04611,اعاني من مشكلة انقطاع الطمث...قال ان عندي مشكلة نقص هرمونات,Direct causal link stated in patient's QA,rel_seed_05bc738bb2725c91__inverse,inverse
trial_query_086,ent_symptom_d48190970b2d,SYMPTOM_OF,ent_diseasecondition_9719230327a2,1,0.67238,0.178571,ahd5k_00838,نقص فيتامين (ب12) يسبب انيميا وتنميل,QA directly states vitamin B12 deficiency causes anemia and numbness,rel_seed_0e8bcb10a29e6d54__inverse,inverse
trial_query_087,ent_diseasecondition_250910ab0701,HAS_SYMPTOM,ent_symptom_f4cf885a0447,1,0.747089,0.1,ahd5k_04490,حساسية الصدر and سعال co-occur with explicit symptom-pathology link,Direct symptom-pathology relationship established in QA context,rel_seed_bae062ec77d09618,direct
trial_query_087,ent_diseasecondition_16cf4e77b755,HAS_SYMPTOM,ent_symptom_59d5c1de0b88,1,0.730487,0.0,ahd5k_00666,التهاب في المثانة أو الإحليل يسبب خروج الدم,Direct causal link between inflammation and blood as symptom,rel_seed_cc52f0a3c44e4c1e,direct
trial_query_087,ent_symptom_f4cf885a0447,SYMPTOM_OF,ent_diseasecondition_250910ab0701,1,0.707089,0.1,ahd5k_04490,حساسية الصدر and سعال co-occur with explicit symptom-pathology link,Direct symptom-pathology relationship established in QA context,rel_seed_bae062ec77d09618__inverse,inverse
trial_query_087,ent_symptom_59d5c1de0b88,SYMPTOM_OF,ent_diseasecondition_16cf4e77b755,1,0.690487,0.0,ahd5k_00666,التهاب في المثانة أو الإحليل يسبب خروج الدم,Direct causal link between inflammation and blood as symptom,rel_seed_cc52f0a3c44e4c1e__inverse,inverse
trial_query_087,ent_diseasecondition_c7baf8534e07,TREATED_BY,ent_treatment_f4382c9333bb,1,0.577381,0.2,ahd5k_00261,العلاج بالجراحة,Surgical treatment is a standard intervention for varicocele.,rel_seed_5cf2bad5750a18bc,direct
trial_query_087,ent_treatment_f4382c9333bb,TREATS,ent_diseasecondition_c7baf8534e07,1,0.537381,0.2,ahd5k_00261,العلاج بالجراحة,Surgical treatment is a standard intervention for varicocele.,rel_seed_5cf2bad5750a18bc__inverse,inverse
trial_query_087,ent_diseasecondition_250910ab0701,DIAGNOSED_BY,ent_test_433492431144,1,0.433889,0.1,ahd5k_04490,تحليل الحساسية explicitly mentioned as diagnostic tool for حساسية الصدر,Test directly linked to condition diagnosis in QA,rel_seed_e4f1901524d0dd30,direct
trial_query_087,ent_diseasecondition_16cf4e77b755,DIAGNOSED_BY,ent_test_f6ff9119ed14,1,0.423887,0.0,ahd5k_00666,تصوير الجهاز البولي لتحديد سبب التهاب المثانة,Diagnostic imaging directly linked to inflammation diagnosis,rel_seed_582350660fdefde2,direct
trial_query_088,ent_diseasecondition_adcc5a085807,TREATED_BY,ent_treatment_5b2a681074cf,1,0.968845,0.928571,ahd5k_01190,يمكن شده بممارسة الرياضة أو بالجراحة التجميلية,الجراحة التجميلية مذكورة صراحة كعلاج للجلد المترهل في السؤال والجواب,rel_seed_982decef15a095a6,direct
trial_query_088,ent_diseasecondition_380db6d92562,HAS_SYMPTOM,ent_symptom_724e59ded899,1,0.719397,0.285714,ahd5k_04912,مع العلم أن المريض يعاني من مرض السكر,Explicit disease-symptom relationship,rel_seed_b3536762c6f85e02,direct
trial_query_088,ent_treatment_5b2a681074cf,TREATS,ent_diseasecondition_adcc5a085807,1,0.496845,0.928571,ahd5k_01190,يمكن شده بممارسة الرياضة أو بالجراحة التجميلية,الجراحة التجميلية مذكورة صراحة كعلاج للجلد المترهل في السؤال والجواب,rel_seed_982decef15a095a6__inverse,inverse
trial_query_088,ent_symptom_724e59ded899,SYMPTOM_OF,ent_diseasecondition_380db6d92562,1,0.379397,0.285714,ahd5k_04912,مع العلم أن المريض يعاني من مرض السكر,Explicit disease-symptom relationship,rel_seed_b3536762c6f85e02__inverse,inverse
trial_query_089,ent_diseasecondition_4453ab65a84b,HAS_SYMPTOM,ent_symptom_8d2e4253732b,1,0.868522,0.096774,ahd5k_00647,تضخم في الارداف,"The symptom 'تضخم في الارداف' is a specific manifestation of the disease 'تضخم', directly supported by the QA evidence.",rel_seed_7de18c9b149431b5,direct
trial_query_089,ent_symptom_28acc791e82d,SYMPTOM_OF,ent_diseasecondition_16cf4e77b755,1,0.839675,0.129032,ahd5k_03872,اعاني من فتره من آلام في الانف والوجه والاخص الجبين واشعر بحساسيه في الحلق مما يسبب لي ضيق تنفس وتعب بشكل عام,Fatigue explicitly mentioned as symptom of inflammation,rel_seed_b17e2cb75449ca9f__inverse,inverse
trial_query_089,ent_diseasecondition_16cf4e77b755,HAS_SYMPTOM,ent_symptom_28acc791e82d,1,0.747675,0.129032,ahd5k_03872,اعاني من فتره من آلام في الانف والوجه والاخص الجبين واشعر بحساسيه في الحلق مما يسبب لي ضيق تنفس وتعب بشكل عام,Fatigue explicitly mentioned as symptom of inflammation,rel_seed_b17e2cb75449ca9f,direct
trial_query_089,ent_diseasecondition_16cf4e77b755,HAS_SYMPTOM,ent_symptom_7b839cc80688,1,0.72864,0.096774,ahd5k_03872,اعاني من فتره من آلام في الانف والوجه والاخص الجبين واشعر بحساسيه في الحلق مما يسبب لي ضيق تنفس وتعب بشكل عام,Direct symptom linkage in inflammation context,rel_seed_4e0920fcda8ee854,direct
trial_query_089,ent_diseasecondition_db17a406c72e,HAS_SYMPTOM,ent_symptom_1f6a3892391d,1,0.722617,0.193548,ahd5k_00823,خفقان احيتنا,Direct symptom mentioned in hypertension context,rel_seed_88d097a1450be644,direct
trial_query_089,ent_diseasecondition_db17a406c72e,HAS_SYMPTOM,ent_symptom_7b839cc80688,1,0.716017,0.193548,ahd5k_00823,ضيق تنفس,Direct symptom mentioned in hypertension context,rel_seed_42222f50c14ea113,direct
trial_query_089,ent_symptom_8d2e4253732b,SYMPTOM_OF,ent_diseasecondition_4453ab65a84b,1,0.696522,0.096774,ahd5k_00647,تضخم في الارداف,"The symptom 'تضخم في الارداف' is a specific manifestation of the disease 'تضخم', directly supported by the QA evidence.",rel_seed_7de18c9b149431b5__inverse,inverse
trial_query_089,ent_symptom_1f6a3892391d,SYMPTOM_OF,ent_diseasecondition_db17a406c72e,1,0.682617,0.193548,ahd5k_00823,خفقان احيتنا,Direct symptom mentioned in hypertension context,rel_seed_88d097a1450be644__inverse,inverse
trial_query_090,ent_diseasecondition_bd502372680c,TREATED_BY,ent_treatment_acb8b834aff2,1,0.669577,1.0,ahd5k_01221,الكورتيزونات,Corticosteroids are standard treatment for Bell's Palsy.,rel_seed_e83e19ef634bddb1,direct
trial_query_090,ent_diseasecondition_bd502372680c,TREATED_BY,ent_treatment_93132ac17089,1,0.653077,1.0,ahd5k_01221,مضادات الالتهاب,Anti-inflammatory drugs are commonly used in Bell's Palsy management.,rel_seed_11782988ba506d07,direct
trial_query_090,ent_diseasecondition_bd502372680c,TREATED_BY,ent_treatment_afbe4f3ae93f,1,0.653077,1.0,ahd5k_01221,العلاج الطبيعي,Physical therapy is a recommended treatment for Bell's Palsy.,rel_seed_1cacccb2dca30ba0,direct
trial_query_090,ent_diseasecondition_bd502372680c,TREATED_BY,ent_treatment_65d67800955e,1,0.653077,1.0,ahd5k_01221,مضادات الفيروسات,Antiviral drugs are part of Bell's Palsy treatment protocols.,rel_seed_4eab4bbd962f3990,direct
trial_query_090,ent_diseasecondition_bd502372680c,TREATED_BY,ent_treatment_e7f992c031a2,1,0.636577,1.0,ahd5k_01221,العلاج بالإبر الصينية,Acupuncture is mentioned as a treatment option for Bell's Palsy.,rel_seed_15dc9c6cd2bdc920,direct
trial_query_090,ent_treatment_acb8b834aff2,TREATS,ent_diseasecondition_bd502372680c,1,0.629577,1.0,ahd5k_01221,الكورتيزونات,Corticosteroids are standard treatment for Bell's Palsy.,rel_seed_e83e19ef634bddb1__inverse,inverse
trial_query_090,ent_treatment_93132ac17089,TREATS,ent_diseasecondition_bd502372680c,1,0.613077,1.0,ahd5k_01221,مضادات الالتهاب,Anti-inflammatory drugs are commonly used in Bell's Palsy management.,rel_seed_11782988ba506d07__inverse,inverse
trial_query_090,ent_treatment_afbe4f3ae93f,TREATS,ent_diseasecondition_bd502372680c,1,0.613077,1.0,ahd5k_01221,العلاج الطبيعي,Physical therapy is a recommended treatment for Bell's Palsy.,rel_seed_1cacccb2dca30ba0__inverse,inverse
trial_query_091,ent_diseasecondition_2f75d3dabe0b,TREATED_BY,ent_treatment_f4b5c1573769,1,0.939092,0.944444,ahd5k_01231,استخدمي مضاد هيسامين وكورتيزون موضعي,Direct treatment recommendation for allergy,rel_seed_036615e69fe27f5a,direct
trial_query_091,ent_diseasecondition_2f75d3dabe0b,TREATED_BY,ent_treatment_843876e28a68,1,0.939092,0.944444,ahd5k_01231,استخدمي مضاد هيسامين وكورتيزون موضعي,Direct treatment recommendation for allergy,rel_seed_8e92aaaff3cb2b47,direct
trial_query_091,ent_diseasecondition_2f75d3dabe0b,TREATED_BY,ent_treatment_cbf0b7b10d4f,1,0.899021,0.055556,ahd5k_00812,للاسف اهم علاج تجنب المنتجات التي تحوي جلوتين,Direct treatment recommendation for allergy,rel_seed_e43cc896f52f8b30,direct
trial_query_091,ent_diseasecondition_2f75d3dabe0b,TREATED_BY,ent_treatment_104bb0a91d5a,1,0.895854,0.277778,ahd5k_02470,مضاد للهيستامين مثل تيليفاست,Direct treatment recommendation for allergy,rel_seed_7ce02234253ff02e,direct
trial_query_091,ent_diseasecondition_2f75d3dabe0b,TREATED_BY,ent_treatment_0311bc90ba75,1,0.869354,0.111111,ahd5k_00020,اعطيها حليب مكسر بروتين الحليب بالكامل او حليب رز,Direct treatment recommendation for allergy,rel_seed_f0f432e62cc5ed96,direct
trial_query_091,ent_diseasecondition_2f75d3dabe0b,TREATED_BY,ent_treatment_45a78ee47153,1,0.869354,0.111111,ahd5k_00133,بدائل يوجد نازونكس وافاميز وتابونكس وفليكسونيز,Explicit treatment alternative listed for allergy,rel_seed_df369e76bea13661,direct
trial_query_091,ent_diseasecondition_2f75d3dabe0b,TREATED_BY,ent_treatment_677fdfb3086e,1,0.856187,0.166667,ahd5k_00887,علاج حساسية الأنف. ما هي فوائد زيت حبة السوداء,Direct treatment claim for nasal allergies,rel_seed_4f94c296991a8bf7,direct
trial_query_091,ent_treatment_f4b5c1573769,TREATS,ent_diseasecondition_2f75d3dabe0b,1,0.767092,0.944444,ahd5k_01231,استخدمي مضاد هيسامين وكورتيزون موضعي,Direct treatment recommendation for allergy,rel_seed_036615e69fe27f5a__inverse,inverse
trial_query_092,ent_diseasecondition_2f75d3dabe0b,HAS_SYMPTOM,ent_symptom_f4cf885a0447,1,0.897061,0.181818,ahd5k_00970,هل هو ربو ؟؟ او هل هناك حساسية ابسط من ذلك وعوارضها فقط السعال والبلغم,Direct symptom attribution in allergy context,rel_seed_56abfb8d8355106e,direct
trial_query_092,ent_diseasecondition_2f75d3dabe0b,HAS_SYMPTOM,ent_symptom_f4cf885a0447,2,0.876688,0.227273,ahd5k_00069,حساسية الصدر وسعال,Direct symptom-disease link in QA context,rel_seed_7dd0c20df6697b64,direct
trial_query_092,ent_diseasecondition_2f75d3dabe0b,HAS_SYMPTOM,ent_symptom_7b839cc80688,1,0.893188,0.227273,ahd5k_00683,ضيق تنفس وسرعة التعب وقلق,Direct symptom 'ضيق تنفس' explicitly linked to allergy in evidence,rel_seed_aad068f18b3b6989,direct
trial_query_092,ent_diseasecondition_2f75d3dabe0b,HAS_SYMPTOM,ent_symptom_7b839cc80688,2,0.873961,0.181818,ahd5k_00010,حساسية تسبب ضيق تنفس,الحساسية تُعتبر سببًا مباشرًا لظهور ضيق التنفس كأعراض مرضية,rel_seed_07e32356e492ed5b,direct
trial_query_092,ent_diseasecondition_2f75d3dabe0b,HAS_SYMPTOM,ent_symptom_dc2c7333a505,1,0.890461,0.181818,ahd5k_00970,ما علاج البلغم (حساسية الصدر) رغم اخذى هلاج اكثر من مرة ولا فائدة ؟,Phlegm explicitly linked to allergy condition,rel_seed_0c7a95bcebd3a487,direct
trial_query_092,ent_diseasecondition_2f75d3dabe0b,HAS_SYMPTOM,ent_symptom_66c2e60e8e52,1,0.885006,0.090909,ahd5k_02124,واشعر بنشفان دائم في الحلق,Symptom explicitly linked to allergy,rel_seed_19c18472a8cd7446,direct
trial_query_092,ent_symptom_b754f1a1e5a8,SYMPTOM_OF,ent_diseasecondition_d9b91988beb9,1,0.864188,0.227273,ahd5k_02662,صداع,Meningitis (التهاب السحايا) directly causes headache (صداع) as a primary symptom.,rel_seed_3d467dae60e3e704__inverse,inverse
trial_query_092,ent_symptom_b754f1a1e5a8,SYMPTOM_OF,ent_diseasecondition_ad3e19c416f6,1,0.847688,0.227273,ahd5k_02662,صداع,Sinusitis (التهاب الجيوب الأنفية) commonly presents with headache (صداع) as a symptom.,rel_seed_fc5afd3631ff5eb3__inverse,inverse
trial_query_092,ent_symptom_b754f1a1e5a8,SYMPTOM_OF,ent_diseasecondition_00247d3d5c80,1,0.844961,0.181818,ahd5k_00780,الصداع التوتري قد يظهر كصداع يختلف حدته,العلاقة مدعومة مباشرة من النص الذي يربط بين الحالة المرضية والأعراض,rel_seed_f7f26f23fb811356__inverse,inverse
trial_query_092,ent_diseasecondition_250910ab0701,HAS_SYMPTOM,ent_symptom_f4cf885a0447,1,0.839572,0.136364,ahd5k_04490,حساسية الصدر and سعال co-occur with explicit symptom-pathology link,Direct symptom-pathology relationship established in QA context,rel_seed_bae062ec77d09618,direct
trial_query_093,ent_symptom_249d07021a1b,SYMPTOM_OF,ent_diseasecondition_04b436ff2a98,1,0.820601,0.071429,ahd5k_04356,ضرس العقل,Wisdom teeth (ضرس العقل) are explicitly linked to pain (الام) as a symptom.,rel_seed_88e6f3fee8de6995__inverse,inverse
trial_query_093,ent_diseasecondition_04b436ff2a98,HAS_SYMPTOM,ent_symptom_249d07021a1b,1,0.728601,0.071429,ahd5k_04356,ضرس العقل,Wisdom teeth (ضرس العقل) are explicitly linked to pain (الام) as a symptom.,rel_seed_88e6f3fee8de6995,direct
trial_query_093,ent_diseasecondition_04b436ff2a98,HAS_SYMPTOM,ent_symptom_b754f1a1e5a8,1,0.705978,0.035714,ahd5k_04356,ضرس العقل,Wisdom teeth (ضرس العقل) are explicitly linked to headache (صداع) as a symptom.,rel_seed_938a3b9670527bd9,direct
trial_query_093,ent_diseasecondition_9719230327a2,HAS_SYMPTOM,ent_symptom_c81532a33515,1,0.703008,0.178571,ahd5k_02546,أحيانا الم في المعدة كسل وخمول اضطرابات في النوم,Directly links anemia to stomach pain as a symptom.,rel_seed_c660576254101bcf,direct
trial_query_093,ent_diseasecondition_9719230327a2,HAS_SYMPTOM,ent_symptom_c48c0df96785,1,0.703008,0.178571,ahd5k_02546,فقر الدم سبب فقدان الشهيه,Directly states anemia causes loss of appetite.,rel_seed_90514571a31526b3,direct
trial_query_093,ent_symptom_b754f1a1e5a8,SYMPTOM_OF,ent_diseasecondition_04b436ff2a98,1,0.665978,0.035714,ahd5k_04356,ضرس العقل,Wisdom teeth (ضرس العقل) are explicitly linked to headache (صداع) as a symptom.,rel_seed_938a3b9670527bd9__inverse,inverse
trial_query_093,ent_symptom_c81532a33515,SYMPTOM_OF,ent_diseasecondition_9719230327a2,1,0.663008,0.178571,ahd5k_02546,أحيانا الم في المعدة كسل وخمول اضطرابات في النوم,Directly links anemia to stomach pain as a symptom.,rel_seed_c660576254101bcf__inverse,inverse
trial_query_093,ent_symptom_c48c0df96785,SYMPTOM_OF,ent_diseasecondition_9719230327a2,1,0.663008,0.178571,ahd5k_02546,فقر الدم سبب فقدان الشهيه,Directly states anemia causes loss of appetite.,rel_seed_90514571a31526b3__inverse,inverse
trial_query_094,ent_diseasecondition_780d3bf613f5,TREATED_BY,ent_treatment_90996a0e2d01,1,0.56876,0.294118,ahd5k_01066,ممكن تجرب دواء اسمه ايزومبرازول,Treatment explicitly recommended for ulcer.,rel_seed_d859af7524ae0413,direct
trial_query_094,ent_diseasecondition_7754d34e2c52,TREATED_BY,ent_treatment_48712ae621b5,1,0.562084,0.235294,ahd5k_04612,هل خلطة الريحان و الروزماري مفيدة للتخلص من الشيب,Direct treatment recommendation for gray hair,rel_seed_950a6cd53d4f8f78,direct
trial_query_094,ent_treatment_90996a0e2d01,TREATS,ent_diseasecondition_780d3bf613f5,1,0.52876,0.294118,ahd5k_01066,ممكن تجرب دواء اسمه ايزومبرازول,Treatment explicitly recommended for ulcer.,rel_seed_d859af7524ae0413__inverse,inverse
trial_query_094,ent_treatment_48712ae621b5,TREATS,ent_diseasecondition_7754d34e2c52,1,0.522084,0.235294,ahd5k_04612,هل خلطة الريحان و الروزماري مفيدة للتخلص من الشيب,Direct treatment recommendation for gray hair,rel_seed_950a6cd53d4f8f78__inverse,inverse
trial_query_095,ent_diseasecondition_1730144a5e89,DIAGNOSED_BY,ent_test_c4cfd2d6468c,1,0.936058,0.95,ahd5k_01290,عمل تصوير بالأشعة لتحديد مكان الشظايا ونوعها,الأشعة تُستخدم لتحديد موقع ونوع الشظايا بشكل مباشر,rel_seed_54ca34c63842f836,direct
trial_query_095,ent_diseasecondition_16cf4e77b755,DIAGNOSED_BY,ent_test_62f3f553cccf,1,0.704418,0.15,ahd5k_04706,عمل تحليل بول,QA explicitly states 'تحليل بول' as a diagnostic test for 'التهاب',rel_seed_47e637be97e2161c,direct
trial_query_095,ent_diseasecondition_16cf4e77b755,TREATED_BY,ent_treatment_839837a8561b,1,0.704418,0.15,ahd5k_04706,الاكثار من شرب الماء,QA explicitly states 'الاكثار من شرب الماء' as a treatment for 'التهاب',rel_seed_876af30ee6e2c340,direct
trial_query_095,ent_test_c4cfd2d6468c,DIAGNOSES,ent_diseasecondition_1730144a5e89,1,0.464058,0.95,ahd5k_01290,عمل تصوير بالأشعة لتحديد مكان الشظايا ونوعها,الأشعة تُستخدم لتحديد موقع ونوع الشظايا بشكل مباشر,rel_seed_54ca34c63842f836__inverse,inverse
trial_query_095,ent_test_62f3f553cccf,DIAGNOSES,ent_diseasecondition_16cf4e77b755,1,0.364418,0.15,ahd5k_04706,عمل تحليل بول,QA explicitly states 'تحليل بول' as a diagnostic test for 'التهاب',rel_seed_47e637be97e2161c__inverse,inverse
trial_query_095,ent_treatment_839837a8561b,TREATS,ent_diseasecondition_16cf4e77b755,1,0.364418,0.15,ahd5k_04706,الاكثار من شرب الماء,QA explicitly states 'الاكثار من شرب الماء' as a treatment for 'التهاب',rel_seed_876af30ee6e2c340__inverse,inverse
trial_query_096,ent_diseasecondition_d039dca7a8c0,TREATED_BY,ent_treatment_0d20da4fd766,1,0.733126,0.222222,ahd5k_00203,الروتيكسيماب يفيده في علاج النقص الشديد للصفائح,QA explicitly discusses Rituximab as a treatment for severe thrombocytopenia (ITP) with dosage instructions.,rel_seed_796780629bc7542c,direct
trial_query_096,ent_treatment_0d20da4fd766,TREATS,ent_diseasecondition_d039dca7a8c0,1,0.393126,0.222222,ahd5k_00203,الروتيكسيماب يفيده في علاج النقص الشديد للصفائح,QA explicitly discusses Rituximab as a treatment for severe thrombocytopenia (ITP) with dosage instructions.,rel_seed_796780629bc7542c__inverse,inverse
trial_query_097,ent_diseasecondition_04b436ff2a98,HAS_SYMPTOM,ent_symptom_249d07021a1b,1,0.900379,0.333333,ahd5k_04356,ضرس العقل,Wisdom teeth (ضرس العقل) are explicitly linked to pain (الام) as a symptom.,rel_seed_88e6f3fee8de6995,direct
trial_query_097,ent_symptom_249d07021a1b,TREATED_BY,ent_treatment_1623092039ad,1,0.895379,0.25,ahd5k_04356,مراجعة طبيبك او اخصائي جراحه وجه و فكين,Direct recommendation to consult a specialist for pain (الام) caused by wisdom teeth.,rel_seed_959ce061116b7eab,direct
trial_query_097,ent_diseasecondition_04b436ff2a98,HAS_SYMPTOM,ent_symptom_b754f1a1e5a8,1,0.894791,0.25,ahd5k_04356,ضرس العقل,Wisdom teeth (ضرس العقل) are explicitly linked to headache (صداع) as a symptom.,rel_seed_938a3b9670527bd9,direct
trial_query_097,ent_diseasecondition_04b436ff2a98,TREATED_BY,ent_treatment_1623092039ad,1,0.894791,0.25,ahd5k_04356,مراجعة طبيبك او اخصائي جراحه وجه و فكين,Direct recommendation to consult a specialist for wisdom teeth (ضرس العقل).,rel_seed_9858f932165f0bb3,direct
trial_query_097,ent_symptom_fd750eeb2865,INVESTIGATED_BY,ent_test_c4cfd2d6468c,1,0.876041,0.083333,ahd5k_01537,اشعة بالصبغة,X-ray with contrast is explicitly mentioned as the investigative method for the symptom of swelling.,rel_seed_b0669eae8f21f480,direct
trial_query_097,ent_symptom_b754f1a1e5a8,TREATED_BY,ent_treatment_1623092039ad,1,0.732843,0.166667,ahd5k_04356,مراجعة طبيبك او اخصائي جراحه وجه و فكين,Direct recommendation to consult a specialist for headache caused by wisdom teeth.,rel_seed_141b9acbdb0c5296,direct
trial_query_097,ent_symptom_42ad4acdebc5,INVESTIGATED_BY,ent_test_c4cfd2d6468c,1,0.717011,0.083333,ahd5k_01537,اشعة بالصبغة,X-ray with contrast is explicitly mentioned as the investigative method for the symptom of body pain.,rel_seed_11af4134e6087155,direct
trial_query_097,ent_diseasecondition_4c4500ee0d57,DIAGNOSED_BY,ent_test_c4cfd2d6468c,1,0.701365,0.166667,ahd5k_02003,عمل صورة أشعة للرأس,الأشعة تُستخدم لتأكيد عدم وجود ارتجاج دماغي,rel_seed_a0a9cb310e2c0172,direct
trial_query_098,ent_diseasecondition_380db6d92562,HAS_SYMPTOM,ent_symptom_724e59ded899,1,0.641192,0.935484,ahd5k_01294,مرض السكري وضغط الدمز,Direct co-occurrence with explicit disease-symptom relationship,rel_seed_bd9e5c6d36b9dbdb,direct
trial_query_098,ent_diseasecondition_380db6d92562,HAS_SYMPTOM,ent_symptom_724e59ded899,2,0.604418,0.322581,ahd5k_04912,مع العلم أن المريض يعاني من مرض السكر,Explicit disease-symptom relationship,rel_seed_b3536762c6f85e02,direct
trial_query_098,ent_diseasecondition_380db6d92562,HAS_SYMPTOM,ent_symptom_724e59ded899,3,0.600547,0.258065,ahd5k_02607,مرض السكري وضغط الدم,Direct disease-symptom relationship established,rel_seed_1a25f42f93f6f380,direct
trial_query_098,ent_diseasecondition_380db6d92562,DIAGNOSED_BY,ent_test_dd68aa784555,1,0.613176,0.193548,ahd5k_01551,تحاليل مخبرية,Lab tests are standard diagnostic tools for diabetes.,rel_seed_fff580f977f6b0c9,direct
trial_query_098,ent_symptom_724e59ded899,SYMPTOM_OF,ent_diseasecondition_380db6d92562,1,0.557992,0.935484,ahd5k_01294,مرض السكري وضغط الدمز,Direct co-occurrence with explicit disease-symptom relationship,rel_seed_bd9e5c6d36b9dbdb__inverse,inverse
trial_query_098,ent_symptom_724e59ded899,SYMPTOM_OF,ent_diseasecondition_380db6d92562,2,0.521218,0.322581,ahd5k_04912,مع العلم أن المريض يعاني من مرض السكر,Explicit disease-symptom relationship,rel_seed_b3536762c6f85e02__inverse,inverse
trial_query_098,ent_symptom_724e59ded899,SYMPTOM_OF,ent_diseasecondition_380db6d92562,3,0.517347,0.258065,ahd5k_02607,مرض السكري وضغط الدم,Direct disease-symptom relationship established,rel_seed_1a25f42f93f6f380__inverse,inverse
trial_query_098,ent_symptom_d713f64368d3,SYMPTOM_OF,ent_diseasecondition_ad3e19c416f6,1,0.53903,0.193548,ahd5k_02662,ضغط,Sinusitis (التهاب الجيوب الأنفية) causes facial pressure (ضغط) as a direct symptom.,rel_seed_3f9dbbea6fdd8f6f__inverse,inverse
trial_query_098,supp_ent_measurement_bp,HAS_NORMAL_RANGE,supp_ent_range_bp,1,0.521434,0.193548,ahd5k_00085,حسب عوامل الخطورة الأخرى كالسكري والكلى؛ إذا لا توجد أمراض مصاحبة فالقيمة المذكورة 140-80.,dataset-derived supplemental fact from ahd5k_00085,supp_rel_normal_bp,direct
trial_query_099,ent_diseasecondition_9719230327a2,HAS_SYMPTOM,ent_symptom_d48190970b2d,1,0.694777,0.153846,ahd5k_00838,نقص فيتامين (ب12) يسبب انيميا وتنميل,QA directly states vitamin B12 deficiency causes anemia and numbness,rel_seed_0e8bcb10a29e6d54,direct
trial_query_099,ent_symptom_d48190970b2d,SYMPTOM_OF,ent_diseasecondition_9719230327a2,1,0.654777,0.153846,ahd5k_00838,نقص فيتامين (ب12) يسبب انيميا وتنميل,QA directly states vitamin B12 deficiency causes anemia and numbness,rel_seed_0e8bcb10a29e6d54__inverse,inverse
trial_query_099,ent_diseasecondition_16a389cfd1bd,DIAGNOSED_BY,ent_test_c4cfd2d6468c,1,0.613289,0.923077,ahd5k_01295,أشعة لمعرفة مكان الدبوس والتأكد من وجوده,الأشعة تُستخدم لتحديد موقع الدبوس والتحقق من وجوده,rel_seed_a00e16b437bbc4d4,direct
trial_query_099,ent_symptom_42ad4acdebc5,INVESTIGATED_BY,ent_test_c4cfd2d6468c,1,0.563296,0.076923,ahd5k_01537,اشعة بالصبغة,X-ray with contrast is explicitly mentioned as the investigative method for the symptom of body pain.,rel_seed_11af4134e6087155,direct
trial_query_099,ent_test_c4cfd2d6468c,DIAGNOSES,ent_diseasecondition_16a389cfd1bd,1,0.441289,0.923077,ahd5k_01295,أشعة لمعرفة مكان الدبوس والتأكد من وجوده,الأشعة تُستخدم لتحديد موقع الدبوس والتحقق من وجوده,rel_seed_a00e16b437bbc4d4__inverse,inverse
trial_query_099,ent_symptom_fd750eeb2865,INVESTIGATED_BY,ent_test_c4cfd2d6468c,1,0.406055,0.0,ahd5k_01537,اشعة بالصبغة,X-ray with contrast is explicitly mentioned as the investigative method for the symptom of swelling.,rel_seed_b0669eae8f21f480,direct
trial_query_099,ent_diseasecondition_2f75d3dabe0b,DIAGNOSED_BY,ent_test_3f0d2e079b73,1,0.402786,0.230769,ahd5k_01245,معرفة سبب الحساسيه يتم ذلك عن طريق RAST Test,Test explicitly linked to allergy diagnosis,rel_seed_6687872658c864ac,direct
trial_query_099,ent_test_c4cfd2d6468c,INVESTIGATES,ent_symptom_42ad4acdebc5,1,0.391296,0.076923,ahd5k_01537,اشعة بالصبغة,X-ray with contrast is explicitly mentioned as the investigative method for the symptom of body pain.,rel_seed_11af4134e6087155__inverse,inverse
trial_query_100,ent_diseasecondition_9719230327a2,HAS_SYMPTOM,ent_symptom_d48190970b2d,1,0.776803,0.192308,ahd5k_00838,نقص فيتامين (ب12) يسبب انيميا وتنميل,QA directly states vitamin B12 deficiency causes anemia and numbness,rel_seed_0e8bcb10a29e6d54,direct
trial_query_100,ent_diseasecondition_9719230327a2,HAS_SYMPTOM,ent_symptom_c81532a33515,1,0.772188,0.115385,ahd5k_02292,نقص في الدم مع الالم في المعده,Directly states anemia is associated with stomach pain.,rel_seed_6eed37b4f0733cbb,direct
trial_query_100,ent_diseasecondition_9719230327a2,HAS_SYMPTOM,ent_symptom_c81532a33515,2,0.772188,0.115385,ahd5k_02546,أحيانا الم في المعدة كسل وخمول اضطرابات في النوم,Directly links anemia to stomach pain as a symptom.,rel_seed_c660576254101bcf,direct
trial_query_100,ent_diseasecondition_9719230327a2,HAS_SYMPTOM,ent_symptom_c48c0df96785,1,0.772188,0.115385,ahd5k_02546,فقر الدم سبب فقدان الشهيه,Directly states anemia causes loss of appetite.,rel_seed_90514571a31526b3,direct
trial_query_100,ent_diseasecondition_250910ab0701,HAS_SYMPTOM,ent_symptom_f4cf885a0447,1,0.736966,0.115385,ahd5k_04490,حساسية الصدر and سعال co-occur with explicit symptom-pathology link,Direct symptom-pathology relationship established in QA context,rel_seed_bae062ec77d09618,direct
trial_query_100,ent_diseasecondition_16cf4e77b755,HAS_SYMPTOM,ent_symptom_59d5c1de0b88,1,0.730606,0.115385,ahd5k_00666,التهاب في المثانة أو الإحليل يسبب خروج الدم,Direct causal link between inflammation and blood as symptom,rel_seed_cc52f0a3c44e4c1e,direct
trial_query_100,ent_symptom_f4cf885a0447,SYMPTOM_OF,ent_diseasecondition_250910ab0701,1,0.696966,0.115385,ahd5k_04490,حساسية الصدر and سعال co-occur with explicit symptom-pathology link,Direct symptom-pathology relationship established in QA context,rel_seed_bae062ec77d09618__inverse,inverse
trial_query_100,ent_symptom_59d5c1de0b88,SYMPTOM_OF,ent_diseasecondition_16cf4e77b755,1,0.690606,0.115385,ahd5k_00666,التهاب في المثانة أو الإحليل يسبب خروج الدم,Direct causal link between inflammation and blood as symptom,rel_seed_cc52f0a3c44e4c1e__inverse,inverse
trial_query_100,focus_ent_anemia,MANAGED_BY,focus_ent_iron_rich_foods,1,0.615162,0.269231,ahd5k_00594,يمكن دعم فقر الدم بنظام غذائي غني بعناصر مثل الحديد وحمض الفوليك وفيتامين ب-12، مع بقاء العلاج حسب نوع فقر الدم تحت إشراف الطبيب.,focused dataset-derived expansion from ahd5k_00594,focus_rel_anemia_managed_by_iron_rich_food,direct
trial_query_101,ent_diseasecondition_f870ba2ab6eb,TREATED_BY,ent_treatment_fc32e4036e25,1,0.770885,0.181818,ahd5k_04015,البردقوش,Direct treatment recommendation for menstrual cycle regulation,rel_seed_9771359a526fa098,direct
trial_query_101,ent_symptom_215297000d7a,INVESTIGATED_BY,ent_test_51926b4c8cd0,1,0.761552,0.272727,ahd5k_01629,سلامة الحيوانات المنوية للزوج,التدخين كعامل مُستقصى عبر فحص الحيوانات المنوية,rel_seed_14e9d1b76fd7c5e9,direct
trial_query_101,ent_diseasecondition_f870ba2ab6eb,TREATED_BY,ent_treatment_fd42eb263b89,1,0.716151,0.090909,ahd5k_04015,اكليل الجبل,Direct treatment recommendation for menstrual cycle regulation,rel_seed_ff666fc9288a7df2,direct
trial_query_101,ent_diseasecondition_f870ba2ab6eb,TREATED_BY,ent_treatment_b792fc31b8bb,1,0.716151,0.090909,ahd5k_04015,الميرمية,Direct treatment recommendation for menstrual cycle regulation,rel_seed_410b5987d20de0d3,direct
trial_query_101,ent_diseasecondition_f870ba2ab6eb,TREATED_BY,ent_treatment_c91b15de897a,1,0.716151,0.090909,ahd5k_04015,البقدونس,Direct treatment recommendation for menstrual cycle regulation,rel_seed_326f7e183a766cef,direct
trial_query_101,ent_diseasecondition_f870ba2ab6eb,TREATED_BY,ent_treatment_c2ead061e2d0,1,0.716151,0.090909,ahd5k_04015,حشيشة الملاك,Direct treatment recommendation for menstrual cycle regulation,rel_seed_efa5cdecacaf49f5,direct
trial_query_101,ent_diseasecondition_f870ba2ab6eb,TREATED_BY,ent_treatment_895d0d591838,1,0.716151,0.090909,ahd5k_04015,القرفة,Direct treatment recommendation for menstrual cycle regulation,rel_seed_244c1ab7820a5189,direct
trial_query_101,ent_diseasecondition_f870ba2ab6eb,TREATED_BY,ent_treatment_639e625fe991,1,0.716151,0.090909,ahd5k_04015,الزنجبيل,Direct treatment recommendation for menstrual cycle regulation,rel_seed_a7bb8588332ff407,direct
trial_query_102,ent_symptom_28acc791e82d,SYMPTOM_OF,ent_diseasecondition_16cf4e77b755,1,0.848031,0.2,ahd5k_03872,اعاني من فتره من آلام في الانف والوجه والاخص الجبين واشعر بحساسيه في الحلق مما يسبب لي ضيق تنفس وتعب بشكل عام,Fatigue explicitly mentioned as symptom of inflammation,rel_seed_b17e2cb75449ca9f__inverse,inverse
trial_query_102,ent_diseasecondition_16cf4e77b755,HAS_SYMPTOM,ent_symptom_28acc791e82d,1,0.756031,0.2,ahd5k_03872,اعاني من فتره من آلام في الانف والوجه والاخص الجبين واشعر بحساسيه في الحلق مما يسبب لي ضيق تنفس وتعب بشكل عام,Fatigue explicitly mentioned as symptom of inflammation,rel_seed_b17e2cb75449ca9f,direct
trial_query_102,ent_diseasecondition_16cf4e77b755,HAS_SYMPTOM,ent_symptom_7b839cc80688,1,0.736531,0.16,ahd5k_03872,اعاني من فتره من آلام في الانف والوجه والاخص الجبين واشعر بحساسيه في الحلق مما يسبب لي ضيق تنفس وتعب بشكل عام,Direct symptom linkage in inflammation context,rel_seed_4e0920fcda8ee854,direct
trial_query_102,ent_symptom_7b839cc80688,SYMPTOM_OF,ent_diseasecondition_16cf4e77b755,1,0.696531,0.16,ahd5k_03872,اعاني من فتره من آلام في الانف والوجه والاخص الجبين واشعر بحساسيه في الحلق مما يسبب لي ضيق تنفس وتعب بشكل عام,Direct symptom linkage in inflammation context,rel_seed_4e0920fcda8ee854__inverse,inverse
trial_query_102,ent_symptom_db012388d676,TREATED_BY,ent_treatment_c93941cf1d98,1,0.583072,0.16,ahd5k_00486,تناول بعض الأدوية المسكنة للألم اللاستيروئيدية، مثل البروفين,Direct evidence links ibuprofen as a recommended treatment for shoulder pain.,rel_seed_b2361f2f508625ea,direct
trial_query_102,ent_treatment_c93941cf1d98,TREATS,ent_symptom_db012388d676,1,0.411072,0.16,ahd5k_00486,تناول بعض الأدوية المسكنة للألم اللاستيروئيدية، مثل البروفين,Direct evidence links ibuprofen as a recommended treatment for shoulder pain.,rel_seed_b2361f2f508625ea__inverse,inverse
trial_query_103,ent_diseasecondition_380db6d92562,HAS_SYMPTOM,ent_symptom_724e59ded899,1,0.796243,0.333333,ahd5k_02607,مرض السكري وضغط الدم,Direct disease-symptom relationship established,rel_seed_1a25f42f93f6f380,direct
trial_query_103,ent_diseasecondition_380db6d92562,HAS_SYMPTOM,ent_symptom_724e59ded899,2,0.791243,0.25,ahd5k_01294,مرض السكري وضغط الدمز,Direct co-occurrence with explicit disease-symptom relationship,rel_seed_bd9e5c6d36b9dbdb,direct
trial_query_103,ent_diseasecondition_380db6d92562,HAS_SYMPTOM,ent_symptom_724e59ded899,3,0.791243,0.25,ahd5k_04912,مع العلم أن المريض يعاني من مرض السكر,Explicit disease-symptom relationship,rel_seed_b3536762c6f85e02,direct
trial_query_103,ent_symptom_724e59ded899,SYMPTOM_OF,ent_diseasecondition_380db6d92562,1,0.732243,0.333333,ahd5k_02607,مرض السكري وضغط الدم,Direct disease-symptom relationship established,rel_seed_1a25f42f93f6f380__inverse,inverse
trial_query_103,ent_symptom_724e59ded899,SYMPTOM_OF,ent_diseasecondition_380db6d92562,2,0.727243,0.25,ahd5k_04912,مع العلم أن المريض يعاني من مرض السكر,Explicit disease-symptom relationship,rel_seed_b3536762c6f85e02__inverse,inverse
trial_query_103,ent_diseasecondition_380db6d92562,DIAGNOSED_BY,ent_test_dd68aa784555,1,0.517743,0.416667,ahd5k_01551,تحاليل مخبرية,Lab tests are standard diagnostic tools for diabetes.,rel_seed_fff580f977f6b0c9,direct
trial_query_103,ent_test_dd68aa784555,DIAGNOSES,ent_diseasecondition_380db6d92562,1,0.453743,0.416667,ahd5k_01551,تحاليل مخبرية,Lab tests are standard diagnostic tools for diabetes.,rel_seed_fff580f977f6b0c9__inverse,inverse
trial_query_103,ent_diseasecondition_16cf4e77b755,DIAGNOSED_BY,ent_test_dd68aa784555,1,0.432344,0.333333,ahd5k_01551,تحاليل مخبرية,Lab tests are standard diagnostic tools for inflammation.,rel_seed_85a95e9683ec40c4,direct
trial_query_103,ent_test_dd68aa784555,DIAGNOSES,ent_diseasecondition_16cf4e77b755,1,0.392344,0.333333,ahd5k_01551,تحاليل مخبرية,Lab tests are standard diagnostic tools for inflammation.,rel_seed_85a95e9683ec40c4__inverse,inverse
trial_query_104,ent_diseasecondition_db17a406c72e,HAS_SYMPTOM,ent_symptom_1f6a3892391d,1,0.4192,0.16,ahd5k_04701,تسارع في ضربات القلب,Direct symptom mentioned in hypertension context,rel_seed_a287eb5127f157e6,direct
trial_query_104,ent_diseasecondition_db17a406c72e,HAS_SYMPTOM,ent_symptom_1f6a3892391d,2,0.4168,0.12,ahd5k_03624,خفقان القلب الشديد,Direct symptom mentioned in hypertension context,rel_seed_22133d1ffdf602e1,direct
trial_query_104,ent_diseasecondition_db17a406c72e,HAS_SYMPTOM,ent_symptom_7b839cc80688,1,0.4126,0.16,ahd5k_04701,ضيق تنفس,Direct symptom mentioned in hypertension context,rel_seed_13b272c580e2d6d6,direct
trial_query_104,ent_diseasecondition_db17a406c72e,HAS_SYMPTOM,ent_symptom_850b2a35c32d,1,0.4027,0.16,ahd5k_04701,دوخة,Direct symptom mentioned in hypertension context,rel_seed_06f1204a91052e39,direct
trial_query_104,ent_diseasecondition_380db6d92562,HAS_SYMPTOM,ent_symptom_724e59ded899,1,0.398061,0.12,ahd5k_01294,مرض السكري وضغط الدمز,Direct co-occurrence with explicit disease-symptom relationship,rel_seed_bd9e5c6d36b9dbdb,direct
trial_query_104,ent_symptom_1f6a3892391d,SYMPTOM_OF,ent_diseasecondition_db17a406c72e,1,0.3792,0.16,ahd5k_04701,تسارع في ضربات القلب,Direct symptom mentioned in hypertension context,rel_seed_a287eb5127f157e6__inverse,inverse
trial_query_104,ent_symptom_1f6a3892391d,SYMPTOM_OF,ent_diseasecondition_db17a406c72e,2,0.3768,0.12,ahd5k_03624,خفقان القلب الشديد,Direct symptom mentioned in hypertension context,rel_seed_22133d1ffdf602e1__inverse,inverse
trial_query_104,ent_symptom_7b839cc80688,SYMPTOM_OF,ent_diseasecondition_db17a406c72e,1,0.3726,0.16,ahd5k_04701,ضيق تنفس,Direct symptom mentioned in hypertension context,rel_seed_13b272c580e2d6d6__inverse,inverse
trial_query_104,ent_symptom_850b2a35c32d,SYMPTOM_OF,ent_diseasecondition_db17a406c72e,1,0.3627,0.16,ahd5k_04701,دوخة,Direct symptom mentioned in hypertension context,rel_seed_06f1204a91052e39__inverse,inverse
trial_query_104,ent_symptom_724e59ded899,SYMPTOM_OF,ent_diseasecondition_380db6d92562,1,0.358061,0.12,ahd5k_01294,مرض السكري وضغط الدمز,Direct co-occurrence with explicit disease-symptom relationship,rel_seed_bd9e5c6d36b9dbdb__inverse,inverse
trial_query_105,ent_diseasecondition_9719230327a2,HAS_SYMPTOM,ent_symptom_c81532a33515,1,0.72197,0.444444,ahd5k_02546,أحيانا الم في المعدة كسل وخمول اضطرابات في النوم,Directly links anemia to stomach pain as a symptom.,rel_seed_c660576254101bcf,direct
trial_query_105,ent_diseasecondition_9719230327a2,HAS_SYMPTOM,ent_symptom_c48c0df96785,1,0.72197,0.444444,ahd5k_02546,فقر الدم سبب فقدان الشهيه,Directly states anemia causes loss of appetite.,rel_seed_90514571a31526b3,direct
trial_query_105,supp_ent_measurement_bp,HAS_NORMAL_RANGE,supp_ent_range_bp,1,0.446546,0.111111,ahd5k_00085,حسب عوامل الخطورة الأخرى كالسكري والكلى؛ إذا لا توجد أمراض مصاحبة فالقيمة المذكورة 140-80.,dataset-derived supplemental fact from ahd5k_00085,supp_rel_normal_bp,direct
trial_query_105,supp_ent_measurement_hr,HAS_NORMAL_RANGE,supp_ent_range_hr,1,0.446546,0.111111,ahd5k_00085,ضربات القلب تقريبا من 65-85، ويمكن قبول أقل أو أكثر حسب الحالة.,dataset-derived supplemental fact from ahd5k_00085,supp_rel_normal_hr,direct
trial_query_105,ent_symptom_c81532a33515,SYMPTOM_OF,ent_diseasecondition_9719230327a2,1,0.38197,0.444444,ahd5k_02546,أحيانا الم في المعدة كسل وخمول اضطرابات في النوم,Directly links anemia to stomach pain as a symptom.,rel_seed_c660576254101bcf__inverse,inverse
trial_query_105,ent_symptom_c48c0df96785,SYMPTOM_OF,ent_diseasecondition_9719230327a2,1,0.38197,0.444444,ahd5k_02546,فقر الدم سبب فقدان الشهيه,Directly states anemia causes loss of appetite.,rel_seed_90514571a31526b3__inverse,inverse
trial_query_106,ent_diseasecondition_9719230327a2,DIAGNOSED_BY,ent_test_dd68aa784555,1,0.766981,0.137931,ahd5k_00757,تحليل فقر الدم,Direct diagnostic test explicitly mentioned for anemia,rel_seed_184239158a17a8bf,direct
trial_query_106,ent_diseasecondition_9719230327a2,DIAGNOSED_BY,ent_test_dd68aa784555,2,0.756688,0.241379,ahd5k_00696,الفوال أو التفول هو الاضطراب الخلقي الجيني الناجم عن نقص الأنزيم المسؤول عن الحفاظ على تركيز ببتيد الغلوتاثيون,التحاليل المخبرية مذكورة بشكل مباشر كوسيلة لتشخيص نقص الأنزيم المرتبط بفقر الدم الانحلالي.,rel_seed_5fa73ea7b6f6ff3f,direct
trial_query_106,ent_diseasecondition_9719230327a2,DIAGNOSED_BY,ent_test_8dfa1780f518,1,0.756688,0.241379,ahd5k_01162,فحص التحاليل المخبرية مرتبط بتشخيص فقر الدم,الاختبار مذكور كوسيلة لتشخيص الحالة,rel_seed_c06b8520b4415b11,direct
trial_query_106,ent_diseasecondition_9719230327a2,HAS_SYMPTOM,ent_symptom_d48190970b2d,1,0.756688,0.241379,ahd5k_00838,نقص فيتامين (ب12) يسبب انيميا وتنميل,QA directly states vitamin B12 deficiency causes anemia and numbness,rel_seed_0e8bcb10a29e6d54,direct
trial_query_106,ent_diseasecondition_9719230327a2,HAS_SYMPTOM,ent_symptom_c81532a33515,1,0.750481,0.137931,ahd5k_02292,نقص في الدم مع الالم في المعده,Directly states anemia is associated with stomach pain.,rel_seed_6eed37b4f0733cbb,direct
trial_query_106,ent_diseasecondition_9719230327a2,HAS_SYMPTOM,ent_symptom_c81532a33515,2,0.750481,0.137931,ahd5k_02546,أحيانا الم في المعدة كسل وخمول اضطرابات في النوم,Directly links anemia to stomach pain as a symptom.,rel_seed_c660576254101bcf,direct
trial_query_106,ent_diseasecondition_9719230327a2,HAS_SYMPTOM,ent_symptom_c48c0df96785,1,0.750481,0.137931,ahd5k_02546,فقر الدم سبب فقدان الشهيه,Directly states anemia causes loss of appetite.,rel_seed_90514571a31526b3,direct
trial_query_106,focus_ent_anemia,MANAGED_BY,focus_ent_iron_rich_foods,1,0.561141,0.275862,ahd5k_00594,يمكن دعم فقر الدم بنظام غذائي غني بعناصر مثل الحديد وحمض الفوليك وفيتامين ب-12، مع بقاء العلاج حسب نوع فقر الدم تحت إشراف الطبيب.,focused dataset-derived expansion from ahd5k_00594,focus_rel_anemia_managed_by_iron_rich_food,direct
trial_query_106,ent_test_dd68aa784555,DIAGNOSES,ent_diseasecondition_9719230327a2,1,0.392688,0.241379,ahd5k_00696,الفوال أو التفول هو الاضطراب الخلقي الجيني الناجم عن نقص الأنزيم المسؤول عن الحفاظ على تركيز ببتيد الغلوتاثيون,التحاليل المخبرية مذكورة بشكل مباشر كوسيلة لتشخيص نقص الأنزيم المرتبط بفقر الدم الانحلالي.,rel_seed_5fa73ea7b6f6ff3f__inverse,inverse
trial_query_107,ent_symptom_28acc791e82d,SYMPTOM_OF,ent_diseasecondition_16cf4e77b755,1,0.837456,0.09375,ahd5k_03872,اعاني من فتره من آلام في الانف والوجه والاخص الجبين واشعر بحساسيه في الحلق مما يسبب لي ضيق تنفس وتعب بشكل عام,Fatigue explicitly mentioned as symptom of inflammation,rel_seed_b17e2cb75449ca9f__inverse,inverse
trial_query_107,ent_symptom_850b2a35c32d,SYMPTOM_OF,ent_diseasecondition_db17a406c72e,1,0.82673,0.15625,ahd5k_04701,دوخة,Direct symptom mentioned in hypertension context,rel_seed_06f1204a91052e39__inverse,inverse
trial_query_107,ent_diseasecondition_16cf4e77b755,HAS_SYMPTOM,ent_symptom_28acc791e82d,1,0.745456,0.09375,ahd5k_03872,اعاني من فتره من آلام في الانف والوجه والاخص الجبين واشعر بحساسيه في الحلق مما يسبب لي ضيق تنفس وتعب بشكل عام,Fatigue explicitly mentioned as symptom of inflammation,rel_seed_b17e2cb75449ca9f,direct
trial_query_107,ent_diseasecondition_db17a406c72e,HAS_SYMPTOM,ent_symptom_1f6a3892391d,1,0.737717,0.15625,ahd5k_04701,تسارع في ضربات القلب,Direct symptom mentioned in hypertension context,rel_seed_a287eb5127f157e6,direct
trial_query_107,ent_diseasecondition_db17a406c72e,HAS_SYMPTOM,ent_symptom_850b2a35c32d,1,0.73473,0.15625,ahd5k_04701,دوخة,Direct symptom mentioned in hypertension context,rel_seed_06f1204a91052e39,direct
trial_query_107,ent_diseasecondition_db17a406c72e,HAS_SYMPTOM,ent_symptom_7b839cc80688,1,0.731117,0.15625,ahd5k_04701,ضيق تنفس,Direct symptom mentioned in hypertension context,rel_seed_13b272c580e2d6d6,direct
trial_query_107,ent_diseasecondition_16cf4e77b755,HAS_SYMPTOM,ent_symptom_7b839cc80688,1,0.726481,0.0625,ahd5k_03872,اعاني من فتره من آلام في الانف والوجه والاخص الجبين واشعر بحساسيه في الحلق مما يسبب لي ضيق تنفس وتعب بشكل عام,Direct symptom linkage in inflammation context,rel_seed_4e0920fcda8ee854,direct
trial_query_107,ent_symptom_1f6a3892391d,SYMPTOM_OF,ent_diseasecondition_db17a406c72e,1,0.697717,0.15625,ahd5k_04701,تسارع في ضربات القلب,Direct symptom mentioned in hypertension context,rel_seed_a287eb5127f157e6__inverse,inverse
trial_query_108,ent_diseasecondition_2f75d3dabe0b,HAS_SYMPTOM,ent_symptom_f4cf885a0447,1,0.930112,0.4,ahd5k_00970,هل هو ربو ؟؟ او هل هناك حساسية ابسط من ذلك وعوارضها فقط السعال والبلغم,Direct symptom attribution in allergy context,rel_seed_56abfb8d8355106e,direct
trial_query_108,ent_diseasecondition_2f75d3dabe0b,HAS_SYMPTOM,ent_symptom_f4cf885a0447,2,0.895012,0.2,ahd5k_00069,حساسية الصدر وسعال,Direct symptom-disease link in QA context,rel_seed_7dd0c20df6697b64,direct
trial_query_108,ent_diseasecondition_2f75d3dabe0b,HAS_SYMPTOM,ent_symptom_dc2c7333a505,1,0.923512,0.4,ahd5k_00970,ما علاج البلغم (حساسية الصدر) رغم اخذى هلاج اكثر من مرة ولا فائدة ؟,Phlegm explicitly linked to allergy condition,rel_seed_0c7a95bcebd3a487,direct
trial_query_108,ent_diseasecondition_2f75d3dabe0b,HAS_SYMPTOM,ent_symptom_7b839cc80688,1,0.915512,0.266667,ahd5k_00683,ضيق تنفس وسرعة التعب وقلق,Direct symptom 'ضيق تنفس' explicitly linked to allergy in evidence,rel_seed_aad068f18b3b6989,direct
trial_query_108,ent_diseasecondition_2f75d3dabe0b,HAS_SYMPTOM,ent_symptom_7b839cc80688,2,0.903012,0.333333,ahd5k_00010,حساسية تسبب ضيق تنفس,الحساسية تُعتبر سببًا مباشرًا لظهور ضيق التنفس كأعراض مرضية,rel_seed_07e32356e492ed5b,direct
trial_query_108,ent_diseasecondition_2f75d3dabe0b,HAS_SYMPTOM,ent_symptom_66c2e60e8e52,1,0.907512,0.133333,ahd5k_02124,واشعر بنشفان دائم في الحلق,Symptom explicitly linked to allergy,rel_seed_19c18472a8cd7446,direct
trial_query_108,ent_diseasecondition_250910ab0701,HAS_SYMPTOM,ent_symptom_f4cf885a0447,1,0.848674,0.2,ahd5k_04490,حساسية الصدر and سعال co-occur with explicit symptom-pathology link,Direct symptom-pathology relationship established in QA context,rel_seed_bae062ec77d09618,direct
trial_query_108,ent_diseasecondition_1c50bd11c45a,HAS_SYMPTOM,ent_symptom_f4cf885a0447,1,0.76627,0.4,ahd5k_00970,هل هو ربو ؟؟ او هل هناك حساسية ابسط من ذلك وعوارضها فقط السعال والبلغم,Cough directly attributed to asthma condition,rel_seed_0c18290c6e2c4697,direct
trial_query_108,ent_diseasecondition_1c50bd11c45a,HAS_SYMPTOM,ent_symptom_dc2c7333a505,1,0.76297,0.4,ahd5k_00970,هل هو ربو ؟؟ او هل هناك حساسية ابسط من ذلك وعوارضها فقط السعال والبلغم,Phlegm explicitly linked to asthma symptoms,rel_seed_2d8676e4afe037e2,direct
trial_query_108,ent_diseasecondition_16cf4e77b755,HAS_SYMPTOM,ent_symptom_f4cf885a0447,1,0.75637,0.4,ahd5k_00970,اذا كنت تعاني من التهاب ما في الجزء العلوي من الجهاز التنفسي يجب ان تتعالج,Cough directly associated with upper respiratory inflammation,rel_seed_bd265df67c4d74e3,direct
trial_query_109,ent_symptom_b754f1a1e5a8,INVESTIGATED_BY,ent_test_e668861db259,1,0.555791,0.03125,ahd5k_01058,الصور الشعاعية قد تُطلب لفحص الصداع,العلاقة مدعومة مباشرة من النص الذي يربط بين الأعراض والفحص,rel_seed_4c33ff1b89cf3eef,direct
trial_query_109,ent_treatment_450cbdcb87da,TREATS,ent_diseasecondition_6fc3f18427fb,1,0.544342,0.1875,ahd5k_04866,يستدعي الطبيب او المسعف للتعامل مع المصاب,Direct evidence of calling a doctor to treat the condition,rel_seed_8cd1644af5899ba5__inverse,inverse
trial_query_109,ent_treatment_450cbdcb87da,TREATS,ent_diseasecondition_5dcc30c3edc8,1,0.544342,0.1875,ahd5k_04866,يستدعي الطبيب او المسعف للتعامل مع المصاب,Direct evidence of calling a doctor to treat burns,rel_seed_1f346172d7d9ebdc__inverse,inverse
trial_query_109,ent_test_e668861db259,INVESTIGATES,ent_symptom_b754f1a1e5a8,1,0.515791,0.03125,ahd5k_01058,الصور الشعاعية قد تُطلب لفحص الصداع,العلاقة مدعومة مباشرة من النص الذي يربط بين الأعراض والفحص,rel_seed_4c33ff1b89cf3eef__inverse,inverse
trial_query_109,ent_diseasecondition_6fc3f18427fb,TREATED_BY,ent_treatment_450cbdcb87da,1,0.452342,0.1875,ahd5k_04866,يستدعي الطبيب او المسعف للتعامل مع المصاب,Direct evidence of calling a doctor to treat the condition,rel_seed_8cd1644af5899ba5,direct
trial_query_109,ent_diseasecondition_5dcc30c3edc8,TREATED_BY,ent_treatment_450cbdcb87da,1,0.452342,0.1875,ahd5k_04866,يستدعي الطبيب او المسعف للتعامل مع المصاب,Direct evidence of calling a doctor to treat burns,rel_seed_1f346172d7d9ebdc,direct
trial_query_109,ent_diseasecondition_00247d3d5c80,HAS_SYMPTOM,ent_symptom_b754f1a1e5a8,1,0.429021,0.09375,ahd5k_00780,الصداع التوتري قد يظهر كصداع يختلف حدته,العلاقة مدعومة مباشرة من النص الذي يربط بين الحالة المرضية والأعراض,rel_seed_f7f26f23fb811356,direct
trial_query_109,ent_symptom_b754f1a1e5a8,SYMPTOM_OF,ent_diseasecondition_00247d3d5c80,1,0.389021,0.09375,ahd5k_00780,الصداع التوتري قد يظهر كصداع يختلف حدته,العلاقة مدعومة مباشرة من النص الذي يربط بين الحالة المرضية والأعراض,rel_seed_f7f26f23fb811356__inverse,inverse
trial_query_110,ent_diseasecondition_28abf8165f28,TREATED_BY,ent_treatment_b7e7fb09dd09,1,0.414564,0.333333,ahd5k_03468,العلاج الاهم هو السوائل للمحافظة على الكلى,QA explicitly states fluids are the primary treatment for myoglobinuria to protect kidneys,rel_seed_00ef9afb72a2a73b,direct
trial_query_110,ent_diseasecondition_5fea51591b68,TREATED_BY,ent_treatment_57825f7a3418,1,0.41374,0.333333,ahd5k_02702,مراجعة اخصائية النسائية,Direct treatment recommendation for the condition,rel_seed_161b6613a37c5ba2,direct
trial_query_110,ent_diseasecondition_5fea51591b68,DIAGNOSED_BY,ent_test_ce6fcb80c1fe,1,0.41374,0.333333,ahd5k_02702,فحص سريري,Clinical exam directly linked to diagnosis,rel_seed_50edf19b207eb0e8,direct
trial_query_110,ent_diseasecondition_7754d34e2c52,TREATED_BY,ent_treatment_48712ae621b5,1,0.412476,0.266667,ahd5k_04612,هل خلطة الريحان و الروزماري مفيدة للتخلص من الشيب,Direct treatment recommendation for gray hair,rel_seed_950a6cd53d4f8f78,direct
trial_query_110,ent_diseasecondition_2f75d3dabe0b,DIAGNOSED_BY,ent_test_433492431144,1,0.41133,0.266667,ahd5k_00864,تحليل الحساسية يُستخدم لتشخيص حساسية الصدر,الاختبار الطبي مرتبط مباشرة بتشخيص الحالة المرضية المذكورة,rel_seed_7744590f6ff0be93,direct
trial_query_110,ent_treatment_b7e7fb09dd09,TREATS,ent_diseasecondition_28abf8165f28,1,0.374564,0.333333,ahd5k_03468,العلاج الاهم هو السوائل للمحافظة على الكلى,QA explicitly states fluids are the primary treatment for myoglobinuria to protect kidneys,rel_seed_00ef9afb72a2a73b__inverse,inverse
trial_query_110,ent_treatment_57825f7a3418,TREATS,ent_diseasecondition_5fea51591b68,1,0.37374,0.333333,ahd5k_02702,مراجعة اخصائية النسائية,Direct treatment recommendation for the condition,rel_seed_161b6613a37c5ba2__inverse,inverse
trial_query_110,ent_test_ce6fcb80c1fe,DIAGNOSES,ent_diseasecondition_5fea51591b68,1,0.37374,0.333333,ahd5k_02702,فحص سريري,Clinical exam directly linked to diagnosis,rel_seed_50edf19b207eb0e8__inverse,inverse
trial_query_111,ent_diseasecondition_22348d970227,TREATED_BY,ent_treatment_3fd682796ae8,1,0.742883,0.142857,ahd5k_00035,اخذ التروكسين,Direct evidence of treatment for thyroid disease,rel_seed_5398af5e1a992c3d,direct
trial_query_111,ent_treatment_3fd682796ae8,TREATS,ent_diseasecondition_22348d970227,1,0.678883,0.142857,ahd5k_00035,اخذ التروكسين,Direct evidence of treatment for thyroid disease,rel_seed_5398af5e1a992c3d__inverse,inverse
trial_query_111,ent_diseasecondition_22348d970227,DIAGNOSED_BY,ent_test_234f794d532f,1,0.442883,0.142857,ahd5k_00035,مستوى الهرمون في الدم,Hormone level test directly linked to thyroid disease diagnosis,rel_seed_14a6be8faeb8ff92,direct
trial_query_111,ent_diseasecondition_532f5db9617f,DIAGNOSED_BY,ent_test_dd68aa784555,1,0.439527,0.285714,ahd5k_02200,يتم تشخيص نشاط الغدة الدرقية عبر تحاليل مخبرية لهرمونات T3 وT4,التحليل المخبري لهرمونات الغدة الدرقية (T3 وT4) هو الطريقة المعيارية لتشخيص نشاط الغدة الدرقية,rel_seed_d54a8b0f1f19f3c5,direct
trial_query_111,ent_diseasecondition_09dfb160ec9a,DIAGNOSED_BY,ent_test_dd68aa784555,1,0.432927,0.285714,ahd5k_02200,يتم تشخيص مرض جريفز عبر تحاليل مخبرية لهرمونات الغدة الدرقية,التحاليل المخبرية لهرمونات الغدة الدرقية تُستخدم لتشخيص مرض جريفز كسبب للنشاط الدرقي,rel_seed_ab97cca01e3b333d,direct
trial_query_111,ent_test_dd68aa784555,DIAGNOSES,ent_diseasecondition_532f5db9617f,1,0.399527,0.285714,ahd5k_02200,يتم تشخيص نشاط الغدة الدرقية عبر تحاليل مخبرية لهرمونات T3 وT4,التحليل المخبري لهرمونات الغدة الدرقية (T3 وT4) هو الطريقة المعيارية لتشخيص نشاط الغدة الدرقية,rel_seed_d54a8b0f1f19f3c5__inverse,inverse
trial_query_111,ent_test_dd68aa784555,DIAGNOSES,ent_diseasecondition_09dfb160ec9a,1,0.392927,0.285714,ahd5k_02200,يتم تشخيص مرض جريفز عبر تحاليل مخبرية لهرمونات الغدة الدرقية,التحاليل المخبرية لهرمونات الغدة الدرقية تُستخدم لتشخيص مرض جريفز كسبب للنشاط الدرقي,rel_seed_ab97cca01e3b333d__inverse,inverse
trial_query_111,ent_test_234f794d532f,DIAGNOSES,ent_diseasecondition_22348d970227,1,0.378883,0.142857,ahd5k_00035,مستوى الهرمون في الدم,Hormone level test directly linked to thyroid disease diagnosis,rel_seed_14a6be8faeb8ff92__inverse,inverse
trial_query_112,ent_symptom_249d07021a1b,SYMPTOM_OF,ent_diseasecondition_04b436ff2a98,1,0.827336,0.115385,ahd5k_04356,ضرس العقل,Wisdom teeth (ضرس العقل) are explicitly linked to pain (الام) as a symptom.,rel_seed_88e6f3fee8de6995__inverse,inverse
trial_query_112,ent_diseasecondition_04b436ff2a98,HAS_SYMPTOM,ent_symptom_249d07021a1b,1,0.735336,0.115385,ahd5k_04356,ضرس العقل,Wisdom teeth (ضرس العقل) are explicitly linked to pain (الام) as a symptom.,rel_seed_88e6f3fee8de6995,direct
trial_query_112,ent_diseasecondition_04b436ff2a98,HAS_SYMPTOM,ent_symptom_b754f1a1e5a8,1,0.716334,0.076923,ahd5k_04356,ضرس العقل,Wisdom teeth (ضرس العقل) are explicitly linked to headache (صداع) as a symptom.,rel_seed_938a3b9670527bd9,direct
trial_query_112,ent_diseasecondition_f3982f19c624,HAS_SYMPTOM,ent_symptom_ad0da68fc73f,1,0.71147,0.230769,ahd5k_03738,الالم الدي الديم الديم الديم,The disease condition 'ارتياف دعب \u0627لديم' is directly described as involving 'الالم' (pain) in the evidence text.,rel_seed_a35d3fb4d695b101,direct
trial_query_112,ent_symptom_b754f1a1e5a8,SYMPTOM_OF,ent_diseasecondition_04b436ff2a98,1,0.676334,0.076923,ahd5k_04356,ضرس العقل,Wisdom teeth (ضرس العقل) are explicitly linked to headache (صداع) as a symptom.,rel_seed_938a3b9670527bd9__inverse,inverse
trial_query_112,ent_symptom_ad0da68fc73f,SYMPTOM_OF,ent_diseasecondition_f3982f19c624,1,0.67147,0.230769,ahd5k_03738,الالم الدي الديم الديم الديم,The disease condition 'ارتياف دعب \u0627لديم' is directly described as involving 'الالم' (pain) in the evidence text.,rel_seed_a35d3fb4d695b101__inverse,inverse
trial_query_112,ent_symptom_249d07021a1b,TREATED_BY,ent_treatment_1623092039ad,1,0.567336,0.115385,ahd5k_04356,مراجعة طبيبك او اخصائي جراحه وجه و فكين,Direct recommendation to consult a specialist for pain (الام) caused by wisdom teeth.,rel_seed_959ce061116b7eab,direct
trial_query_112,ent_symptom_b754f1a1e5a8,TREATED_BY,ent_treatment_1623092039ad,1,0.416334,0.076923,ahd5k_04356,مراجعة طبيبك او اخصائي جراحه وجه و فكين,Direct recommendation to consult a specialist for headache caused by wisdom teeth.,rel_seed_141b9acbdb0c5296,direct
trial_query_113,supp_ent_drug_primolut,REQUIRES_MEDICAL_SUPERVISION_FOR,supp_ent_state_pregnancy,1,0.768706,0.185185,ahd5k_00439,إذا كانت المريضة حاملا وتستعمل بريمولوت ن فيجب إيقافه؛ يذكر المصدر دراسات عن احتمال تشوهات في القلب والأوعية والأنبوب العصبي والدماغ.,dataset-derived supplemental fact from ahd5k_00439,supp_rel_primolut_pregnancy,direct
trial_query_113,ent_treatment_1479a48d3d42,TREATS,ent_diseasecondition_86e897b1e25a,1,0.696149,0.222222,ahd5k_03807,مضادات حيويه نكسيوم و كلاريثرومايسين واموكسسلين,السياق يربط العلاج مباشرة بالملوية البوابية كسبب للقرحة,rel_seed_ca33d772076cfe85__inverse,inverse
trial_query_113,supp_ent_fetal_bones,DEVELOPS_DURING,supp_ent_pregnancy_second_month,1,0.622442,0.148148,ahd5k_00230,في نهاية الأسبوع السادس يبدأ الجنين بتكوين العمود الفقري ويكون صغيرا جدا.,dataset-derived supplemental fact from ahd5k_00230,supp_rel_fetal_bones_timeline,direct
trial_query_113,ent_diseasecondition_7abdd04c7114,HAS_SYMPTOM,ent_symptom_7a79bce3a153,1,0.620365,0.111111,ahd5k_02903,قيء,Direct symptom-disease relationship supported by explicit mention of vomiting as a manifestation of pregnancy,rel_seed_d77bdc67649d436d,direct
trial_query_113,ent_diseasecondition_7abdd04c7114,HAS_SYMPTOM,ent_symptom_c42bbeabdb83,1,0.615921,0.037037,ahd5k_00568,"بعض الحالات المرضية مثل امراض القلب والشرايين , او امراض الجهاو التنفسي التي قد تؤدي الة ضيق النفس ونقص الاكسجين وبالتالي الزراق",Direct causal link between pregnancy and cyanosis via hypoxia,rel_seed_b8acae4ed65d8000,direct
trial_query_113,ent_diseasecondition_f3a36190d8c6,TREATED_BY,ent_treatment_d5946e76d323,1,0.584988,0.111111,ahd5k_00597,اللقاح,Direct evidence: Vaccine reduces Hepatitis B virus activity when followed correctly.,rel_seed_6708339bc60bd46e,direct
trial_query_113,ent_diseasecondition_f3a36190d8c6,TREATED_BY,ent_treatment_06f93bf4dc11,1,0.568488,0.111111,ahd5k_00597,الجرعات الثلاثه,Direct evidence: Three doses are sufficient for Hepatitis B prevention as per QA context.,rel_seed_e93540f09e8974da,direct
trial_query_113,ent_treatment_d5946e76d323,TREATS,ent_diseasecondition_f3a36190d8c6,1,0.544988,0.111111,ahd5k_00597,اللقاح,Direct evidence: Vaccine reduces Hepatitis B virus activity when followed correctly.,rel_seed_6708339bc60bd46e__inverse,inverse
trial_query_114,ent_diseasecondition_9719230327a2,HAS_SYMPTOM,ent_symptom_c81532a33515,1,0.703937,0.142857,ahd5k_02292,نقص في الدم مع الالم في المعده,Directly states anemia is associated with stomach pain.,rel_seed_6eed37b4f0733cbb,direct
trial_query_114,ent_symptom_c81532a33515,INVESTIGATED_BY,ent_test_2b2550da4a44,1,0.703937,0.142857,ahd5k_02292,فحص الجرثومة الحلزونية,Test is explicitly mentioned to investigate stomach pain.,rel_seed_b3cc817a83f9e586,direct
trial_query_114,ent_symptom_c81532a33515,SYMPTOM_OF,ent_diseasecondition_9719230327a2,1,0.363937,0.142857,ahd5k_02292,نقص في الدم مع الالم في المعده,Directly states anemia is associated with stomach pain.,rel_seed_6eed37b4f0733cbb__inverse,inverse
trial_query_114,ent_test_2b2550da4a44,INVESTIGATES,ent_symptom_c81532a33515,1,0.363937,0.142857,ahd5k_02292,فحص الجرثومة الحلزونية,Test is explicitly mentioned to investigate stomach pain.,rel_seed_b3cc817a83f9e586__inverse,inverse
trial_query_115,ent_symptom_42ad4acdebc5,INVESTIGATED_BY,ent_test_c4cfd2d6468c,1,0.881606,1.0,ahd5k_01537,اشعة بالصبغة,X-ray with contrast is explicitly mentioned as the investigative method for the symptom of body pain.,rel_seed_11af4134e6087155,direct
trial_query_115,ent_symptom_fd750eeb2865,INVESTIGATED_BY,ent_test_c4cfd2d6468c,1,0.877856,0.9375,ahd5k_01537,اشعة بالصبغة,X-ray with contrast is explicitly mentioned as the investigative method for the symptom of swelling.,rel_seed_b0669eae8f21f480,direct
trial_query_115,ent_test_c4cfd2d6468c,INVESTIGATES,ent_symptom_42ad4acdebc5,1,0.841606,1.0,ahd5k_01537,اشعة بالصبغة,X-ray with contrast is explicitly mentioned as the investigative method for the symptom of body pain.,rel_seed_11af4134e6087155__inverse,inverse
trial_query_115,ent_test_c4cfd2d6468c,INVESTIGATES,ent_symptom_fd750eeb2865,1,0.837856,0.9375,ahd5k_01537,اشعة بالصبغة,X-ray with contrast is explicitly mentioned as the investigative method for the symptom of swelling.,rel_seed_b0669eae8f21f480__inverse,inverse
trial_query_115,ent_test_c4cfd2d6468c,DIAGNOSES,ent_diseasecondition_190a32dbb9bd,1,0.780703,0.1875,ahd5k_04844,أشعة,أشعة مذكورة كوسيلة لتشخيص خراجات اللثة المرتبطة بتسوس الأسنان,rel_seed_892989157e377bf9__inverse,inverse
trial_query_115,ent_test_c4cfd2d6468c,DIAGNOSES,ent_diseasecondition_16cf4e77b755,1,0.776953,0.125,ahd5k_00114,اجراء صورة اشعة عادية للحوض,X-ray directly used to diagnose inflammation,rel_seed_e970be45ddb963ae__inverse,inverse
trial_query_115,ent_diseasecondition_16cf4e77b755,DIAGNOSED_BY,ent_test_c4cfd2d6468c,1,0.728153,0.125,ahd5k_00114,اجراء صورة اشعة عادية للحوض,X-ray directly used to diagnose inflammation,rel_seed_e970be45ddb963ae,direct
trial_query_115,ent_diseasecondition_4c4500ee0d57,DIAGNOSED_BY,ent_test_c4cfd2d6468c,1,0.728153,0.125,ahd5k_02003,عمل صورة أشعة للرأس,الأشعة تُستخدم لتأكيد عدم وجود ارتجاج دماغي,rel_seed_a0a9cb310e2c0172,direct
trial_query_116,ent_diseasecondition_380db6d92562,HAS_SYMPTOM,ent_symptom_724e59ded899,1,0.75576,0.235294,ahd5k_01294,مرض السكري وضغط الدمز,Direct co-occurrence with explicit disease-symptom relationship,rel_seed_bd9e5c6d36b9dbdb,direct
trial_query_116,ent_diseasecondition_380db6d92562,HAS_SYMPTOM,ent_symptom_724e59ded899,2,0.75576,0.235294,ahd5k_02607,مرض السكري وضغط الدم,Direct disease-symptom relationship established,rel_seed_1a25f42f93f6f380,direct
trial_query_116,ent_diseasecondition_380db6d92562,HAS_SYMPTOM,ent_symptom_724e59ded899,3,0.75223,0.176471,ahd5k_04912,مع العلم أن المريض يعاني من مرض السكر,Explicit disease-symptom relationship,rel_seed_b3536762c6f85e02,direct
trial_query_116,ent_symptom_724e59ded899,SYMPTOM_OF,ent_diseasecondition_380db6d92562,1,0.69176,0.235294,ahd5k_02607,مرض السكري وضغط الدم,Direct disease-symptom relationship established,rel_seed_1a25f42f93f6f380__inverse,inverse
trial_query_116,ent_symptom_724e59ded899,SYMPTOM_OF,ent_diseasecondition_380db6d92562,2,0.68823,0.176471,ahd5k_04912,مع العلم أن المريض يعاني من مرض السكر,Explicit disease-symptom relationship,rel_seed_b3536762c6f85e02__inverse,inverse
trial_query_116,ent_diseasecondition_380db6d92562,DIAGNOSED_BY,ent_test_dd68aa784555,1,0.524039,0.941176,ahd5k_01551,تحاليل مخبرية,Lab tests are standard diagnostic tools for diabetes.,rel_seed_fff580f977f6b0c9,direct
trial_query_116,ent_diseasecondition_16cf4e77b755,DIAGNOSED_BY,ent_test_dd68aa784555,1,0.480009,0.882353,ahd5k_01551,تحاليل مخبرية,Lab tests are standard diagnostic tools for inflammation.,rel_seed_85a95e9683ec40c4,direct
trial_query_116,ent_test_dd68aa784555,DIAGNOSES,ent_diseasecondition_380db6d92562,1,0.460039,0.941176,ahd5k_01551,تحاليل مخبرية,Lab tests are standard diagnostic tools for diabetes.,rel_seed_fff580f977f6b0c9__inverse,inverse
trial_query_116,ent_test_dd68aa784555,DIAGNOSES,ent_diseasecondition_16cf4e77b755,1,0.440009,0.882353,ahd5k_01551,تحاليل مخبرية,Lab tests are standard diagnostic tools for inflammation.,rel_seed_85a95e9683ec40c4__inverse,inverse
trial_query_117,ent_diseasecondition_00247d3d5c80,HAS_SYMPTOM,ent_symptom_b754f1a1e5a8,1,0.715003,0.130435,ahd5k_00780,الصداع التوتري قد يظهر كصداع يختلف حدته,العلاقة مدعومة مباشرة من النص الذي يربط بين الحالة المرضية والأعراض,rel_seed_f7f26f23fb811356,direct
trial_query_117,ent_symptom_b754f1a1e5a8,SYMPTOM_OF,ent_diseasecondition_00247d3d5c80,1,0.675003,0.130435,ahd5k_00780,الصداع التوتري قد يظهر كصداع يختلف حدته,العلاقة مدعومة مباشرة من النص الذي يربط بين الحالة المرضية والأعراض,rel_seed_f7f26f23fb811356__inverse,inverse
trial_query_117,ent_diseasecondition_db17a406c72e,TREATED_BY,ent_treatment_a0a8ee46502f,1,0.413863,0.130435,ahd5k_03242,قد يعطى لك المهدئات لتقلصات العضلات والعقاقير من خلال الوريد (عن طريق الوريد) لعلاج ارتفاع ضغط الدم والإثارة والألم.,Direct treatment statement for hypertension using intravenous medications,rel_seed_abae48cd7b6a5b9c,direct
trial_query_117,ent_treatment_a0a8ee46502f,TREATS,ent_diseasecondition_db17a406c72e,1,0.373863,0.130435,ahd5k_03242,قد يعطى لك المهدئات لتقلصات العضلات والعقاقير من خلال الوريد (عن طريق الوريد) لعلاج ارتفاع ضغط الدم والإثارة والألم.,Direct treatment statement for hypertension using intravenous medications,rel_seed_abae48cd7b6a5b9c__inverse,inverse
trial_query_118,ent_symptom_018ebc11f6df,SYMPTOM_OF,ent_diseasecondition_c089d34028d0,1,0.843952,0.117647,ahd5k_01255,حمى عضة الجرذ ، وحمى عضة الفأر,Direct co-occurrence in disease name and symptom,rel_seed_52931e734af5153e__inverse,inverse
trial_query_118,ent_symptom_018ebc11f6df,SYMPTOM_OF,ent_diseasecondition_6ac8dc82e106,1,0.843952,0.117647,ahd5k_01255,حمى عضة الفأر,Direct co-occurrence in disease name and symptom,rel_seed_48eca439f213cf7e__inverse,inverse
trial_query_118,ent_symptom_018ebc11f6df,SYMPTOM_OF,ent_diseasecondition_21009b0da809,1,0.843952,0.117647,ahd5k_01255,حمى عضة الجرذون,Direct co-occurrence in disease name and symptom,rel_seed_1ca8a7755403844c__inverse,inverse
trial_query_118,ent_diseasecondition_c089d34028d0,HAS_SYMPTOM,ent_symptom_018ebc11f6df,1,0.751952,0.117647,ahd5k_01255,حمى عضة الجرذ ، وحمى عضة الفأر,Direct co-occurrence in disease name and symptom,rel_seed_52931e734af5153e,direct
trial_query_118,ent_diseasecondition_6ac8dc82e106,HAS_SYMPTOM,ent_symptom_018ebc11f6df,1,0.751952,0.117647,ahd5k_01255,حمى عضة الفأر,Direct co-occurrence in disease name and symptom,rel_seed_48eca439f213cf7e,direct
trial_query_118,ent_diseasecondition_21009b0da809,HAS_SYMPTOM,ent_symptom_018ebc11f6df,1,0.751952,0.117647,ahd5k_01255,حمى عضة الجرذون,Direct co-occurrence in disease name and symptom,rel_seed_1ca8a7755403844c,direct
trial_query_118,ent_diseasecondition_c089d34028d0,HAS_SYMPTOM,ent_symptom_a3c00de774da,1,0.720429,0.117647,ahd5k_01255,ارتجاف,Symptom explicitly listed,rel_seed_a210f4f396ba3db3,direct
trial_query_118,ent_diseasecondition_c089d34028d0,HAS_SYMPTOM,ent_symptom_320d3e905b16,1,0.720429,0.117647,ahd5k_01255,أوجاع العضلات,Symptom explicitly listed,rel_seed_24a2795dd4ff4bfd,direct
trial_query_119,ent_diseasecondition_380db6d92562,DIAGNOSED_BY,ent_test_dd68aa784555,1,0.766491,0.151515,ahd5k_01551,تحاليل مخبرية,Lab tests are standard diagnostic tools for diabetes.,rel_seed_fff580f977f6b0c9,direct
trial_query_119,ent_diseasecondition_380db6d92562,HAS_SYMPTOM,ent_symptom_724e59ded899,1,0.753627,0.212121,ahd5k_01294,مرض السكري وضغط الدمز,Direct co-occurrence with explicit disease-symptom relationship,rel_seed_bd9e5c6d36b9dbdb,direct
trial_query_119,ent_diseasecondition_380db6d92562,HAS_SYMPTOM,ent_symptom_724e59ded899,2,0.753627,0.212121,ahd5k_04912,مع العلم أن المريض يعاني من مرض السكر,Explicit disease-symptom relationship,rel_seed_b3536762c6f85e02,direct
trial_query_119,ent_diseasecondition_380db6d92562,HAS_SYMPTOM,ent_symptom_724e59ded899,3,0.751809,0.181818,ahd5k_02607,مرض السكري وضغط الدم,Direct disease-symptom relationship established,rel_seed_1a25f42f93f6f380,direct
trial_query_119,ent_diseasecondition_16cf4e77b755,DIAGNOSED_BY,ent_test_dd68aa784555,1,0.709118,0.121212,ahd5k_01551,تحاليل مخبرية,Lab tests are standard diagnostic tools for inflammation.,rel_seed_85a95e9683ec40c4,direct
trial_query_119,ent_test_dd68aa784555,DIAGNOSES,ent_diseasecondition_380db6d92562,1,0.402491,0.151515,ahd5k_01551,تحاليل مخبرية,Lab tests are standard diagnostic tools for diabetes.,rel_seed_fff580f977f6b0c9__inverse,inverse
trial_query_119,ent_symptom_724e59ded899,SYMPTOM_OF,ent_diseasecondition_380db6d92562,1,0.389627,0.212121,ahd5k_04912,مع العلم أن المريض يعاني من مرض السكر,Explicit disease-symptom relationship,rel_seed_b3536762c6f85e02__inverse,inverse
trial_query_119,ent_test_dd68aa784555,DIAGNOSES,ent_diseasecondition_16cf4e77b755,1,0.369118,0.121212,ahd5k_01551,تحاليل مخبرية,Lab tests are standard diagnostic tools for inflammation.,rel_seed_85a95e9683ec40c4__inverse,inverse
trial_query_120,ent_diseasecondition_16cf4e77b755,HAS_SYMPTOM,ent_symptom_5a4646c01c0e,1,0.766242,0.8,ahd5k_01578,التهاب في العين وفقدان حاسة الشم واختلال وظائف الكبد والكلى,النص يربط بشكل مباشر بين التهاب وعوارضه (اختلال وظائف الكبد),rel_seed_5833cc6e20017e7f,direct
trial_query_120,ent_symptom_5a4646c01c0e,SYMPTOM_OF,ent_diseasecondition_16cf4e77b755,1,0.726242,0.8,ahd5k_01578,التهاب في العين وفقدان حاسة الشم واختلال وظائف الكبد والكلى,النص يربط بشكل مباشر بين التهاب وعوارضه (اختلال وظائف الكبد),rel_seed_5833cc6e20017e7f__inverse,inverse
trial_query_121,focus_ent_dental_filling,NOT_ASSOCIATED_WITH,focus_ent_face_dimple,1,0.4677,0.2,ahd5k_00484,لا توجد علاقة مرتبطة بين حشو الأسنان وغمازة الوجه حسب مصدر AHD.,focused dataset-derived expansion from ahd5k_00484,focus_rel_dental_filling_no_dimple_relation,direct
trial_query_121,focus_ent_strong_local_anesthesia,MAY_TEMPORARILY_AFFECT,focus_ent_face_dimple,1,0.4677,0.2,ahd5k_00484,إذا تم تخدير منطقة الغمازة بمخدر قوي وكمية كبيرة فقد تزول الحالة خلال 24-48 ساعة.,focused dataset-derived expansion from ahd5k_00484,focus_rel_dental_anesthesia_temporary_dimple,direct
trial_query_121,focus_ent_tooth_filing,HAS_RISK,focus_ent_tooth_sensitivity,1,0.4617,0.1,ahd5k_00828,كثرة برد الأسنان قد تؤثر على الأسنان وتجعلها حساسة.,focused dataset-derived expansion from ahd5k_00828,focus_rel_tooth_filing_risk_sensitivity,direct
trial_query_121,focus_ent_tooth_filing,PROCEDURE_DURATION,focus_ent_one_two_sessions,1,0.4617,0.1,ahd5k_00828,برد الأسنان للتصغير قد يتم في جلسة واحدة، أما للتركيب وعمل أسنان صناعية فقد يحتاج جلسة أو جلستين.,focused dataset-derived expansion from ahd5k_00828,focus_rel_tooth_filing_duration,direct
trial_query_122,ent_test_234f794d532f,DIAGNOSES,ent_diseasecondition_22348d970227,1,0.668497,0.027778,ahd5k_00035,مستوى الهرمون في الدم,Hormone level test directly linked to thyroid disease diagnosis,rel_seed_14a6be8faeb8ff92__inverse,inverse
trial_query_122,focus_ent_dyspnea_fatigue,INVESTIGATED_BY,focus_ent_history_physical_exam,1,0.597505,0.055556,ahd5k_00855,ينبغي معرفة التاريخ المرضي وإجراء فحص للكشف عن علامات سريرية تساعد في تحديد طبيعة الحالة.,focused dataset-derived expansion from ahd5k_00855,focus_rel_dyspnea_fatigue_investigated_by_exam,direct
trial_query_122,ent_diseasecondition_22348d970227,DIAGNOSED_BY,ent_test_234f794d532f,1,0.576497,0.027778,ahd5k_00035,مستوى الهرمون في الدم,Hormone level test directly linked to thyroid disease diagnosis,rel_seed_14a6be8faeb8ff92,direct
trial_query_122,ent_diseasecondition_3d19d6125641,DIAGNOSED_BY,ent_test_db1175f121dc,1,0.561339,0.083333,ahd5k_00313,فحص نخاع العظم مرتبط بتشخيص نقص الصفيحات,الاختبار مذكور كوسيلة لتشخيص الحالة,rel_seed_8236475f7d4c4d52,direct
trial_query_122,ent_test_db1175f121dc,DIAGNOSES,ent_diseasecondition_3d19d6125641,1,0.521339,0.083333,ahd5k_00313,فحص نخاع العظم مرتبط بتشخيص نقص الصفيحات,الاختبار مذكور كوسيلة لتشخيص الحالة,rel_seed_8236475f7d4c4d52__inverse,inverse
trial_query_122,focus_ent_dyspnea_fatigue,MAY_BE_ASSOCIATED_WITH,focus_ent_respiratory_anemia_circulation,1,0.447505,0.055556,ahd5k_00855,صعوبة التنفس والإرهاق قد تكون ناجمة عن التهاب في الجهاز التنفسي أو فقر الدم أو اضطرابات دموية أو متعلقة بجهاز الدورة الدموية.,focused dataset-derived expansion from ahd5k_00855,focus_rel_dyspnea_fatigue_possible_causes,direct
trial_query_122,ent_diseasecondition_22348d970227,TREATED_BY,ent_treatment_3fd682796ae8,1,0.40574,0.027778,ahd5k_00035,اخذ التروكسين,Direct evidence of treatment for thyroid disease,rel_seed_5398af5e1a992c3d,direct
trial_query_122,ent_treatment_3fd682796ae8,TREATS,ent_diseasecondition_22348d970227,1,0.36574,0.027778,ahd5k_00035,اخذ التروكسين,Direct evidence of treatment for thyroid disease,rel_seed_5398af5e1a992c3d__inverse,inverse
trial_query_123,ent_symptom_018ebc11f6df,TREATED_BY,ent_treatment_be514bea14bc,1,0.503056,1.0,ahd5k_01611,المفروض ان تزول هذه الاعراض خلال 48 ساعة وعليكي استخدام خافض حراره ومسكن للالم بعد تطعيم,Direct evidence supports fever reducer as treatment for fever.,rel_seed_a23a22fd518eba56,direct
trial_query_123,ent_treatment_be514bea14bc,TREATS,ent_symptom_018ebc11f6df,1,0.463056,1.0,ahd5k_01611,المفروض ان تزول هذه الاعراض خلال 48 ساعة وعليكي استخدام خافض حراره ومسكن للالم بعد تطعيم,Direct evidence supports fever reducer as treatment for fever.,rel_seed_a23a22fd518eba56__inverse,inverse
trial_query_123,supp_ent_condition_kidney_stones,TREATED_BY,supp_ent_kidney_stones_management,1,0.448103,0.178571,ahd5k_00012,التخلص من الحصى يبدأ بدراستها لمعرفة مكانها وحجمها وطبيعتها ثم يقرر الطبيب كيفية التخلص منها.,dataset-derived supplemental fact from ahd5k_00012,supp_rel_kidney_stones_management,direct
trial_query_123,ent_diseasecondition_d039dca7a8c0,TREATED_BY,ent_treatment_0d20da4fd766,1,0.419235,0.107143,ahd5k_00203,الروتيكسيماب يفيده في علاج النقص الشديد للصفائح,QA explicitly discusses Rituximab as a treatment for severe thrombocytopenia (ITP) with dosage instructions.,rel_seed_796780629bc7542c,direct
trial_query_123,ent_treatment_0d20da4fd766,TREATS,ent_diseasecondition_d039dca7a8c0,1,0.379235,0.107143,ahd5k_00203,الروتيكسيماب يفيده في علاج النقص الشديد للصفائح,QA explicitly discusses Rituximab as a treatment for severe thrombocytopenia (ITP) with dosage instructions.,rel_seed_796780629bc7542c__inverse,inverse
trial_query_124,ent_treatment_b792fc31b8bb,TREATS,ent_diseasecondition_f870ba2ab6eb,1,0.578293,0.107143,ahd5k_04015,الميرمية,Direct treatment recommendation for menstrual cycle regulation,rel_seed_410b5987d20de0d3__inverse,inverse
trial_query_124,ent_treatment_60ce765ad441,TREATS,ent_symptom_3600b8bcb53e,1,0.524093,0.107143,ahd5k_01128,الطعام,Direct evidence supports that 'الطعام' (food) treats 'الجوع' (hunger).,rel_seed_f733b88e3626f3a2__inverse,inverse
trial_query_124,ent_diseasecondition_f870ba2ab6eb,TREATED_BY,ent_treatment_b792fc31b8bb,1,0.486293,0.107143,ahd5k_04015,الميرمية,Direct treatment recommendation for menstrual cycle regulation,rel_seed_410b5987d20de0d3,direct
trial_query_124,ent_diseasecondition_22348d970227,TREATED_BY,ent_treatment_3fd682796ae8,1,0.44403,0.178571,ahd5k_00035,اخذ التروكسين,Direct evidence of treatment for thyroid disease,rel_seed_5398af5e1a992c3d,direct
trial_query_124,ent_diseasecondition_22348d970227,DIAGNOSED_BY,ent_test_234f794d532f,1,0.44403,0.178571,ahd5k_00035,مستوى الهرمون في الدم,Hormone level test directly linked to thyroid disease diagnosis,rel_seed_14a6be8faeb8ff92,direct
trial_query_124,ent_symptom_3600b8bcb53e,TREATED_BY,ent_treatment_60ce765ad441,1,0.432093,0.107143,ahd5k_01128,الطعام,Direct evidence supports that 'الطعام' (food) treats 'الجوع' (hunger).,rel_seed_f733b88e3626f3a2,direct
trial_query_124,ent_diseasecondition_f870ba2ab6eb,TREATED_BY,ent_treatment_fd42eb263b89,1,0.40849,0.071429,ahd5k_04015,اكليل الجبل,Direct treatment recommendation for menstrual cycle regulation,rel_seed_ff666fc9288a7df2,direct
trial_query_124,ent_diseasecondition_f870ba2ab6eb,TREATED_BY,ent_treatment_c91b15de897a,1,0.40849,0.071429,ahd5k_04015,البقدونس,Direct treatment recommendation for menstrual cycle regulation,rel_seed_326f7e183a766cef,direct
trial_query_125,ent_symptom_ad0da68fc73f,SYMPTOM_OF,ent_diseasecondition_f3982f19c624,1,0.831245,0.230769,ahd5k_03738,الالم الدي الديم الديم الديم,The disease condition 'ارتياف دعب \u0627لديم' is directly described as involving 'الالم' (pain) in the evidence text.,rel_seed_a35d3fb4d695b101__inverse,inverse
trial_query_125,ent_diseasecondition_f3982f19c624,HAS_SYMPTOM,ent_symptom_ad0da68fc73f,1,0.739245,0.230769,ahd5k_03738,الالم الدي الديم الديم الديم,The disease condition 'ارتياف دعب \u0627لديم' is directly described as involving 'الالم' (pain) in the evidence text.,rel_seed_a35d3fb4d695b101,direct
trial_query_125,ent_diseasecondition_9719230327a2,HAS_SYMPTOM,ent_symptom_c81532a33515,1,0.709963,0.230769,ahd5k_02292,نقص في الدم مع الالم في المعده,Directly states anemia is associated with stomach pain.,rel_seed_6eed37b4f0733cbb,direct
trial_query_125,ent_symptom_c81532a33515,SYMPTOM_OF,ent_diseasecondition_9719230327a2,1,0.669963,0.230769,ahd5k_02292,نقص في الدم مع الالم في المعده,Directly states anemia is associated with stomach pain.,rel_seed_6eed37b4f0733cbb__inverse,inverse
trial_query_125,ent_diseasecondition_adcc5a085807,TREATED_BY,ent_treatment_5b2a681074cf,1,0.430755,0.192308,ahd5k_01190,يمكن شده بممارسة الرياضة أو بالجراحة التجميلية,الجراحة التجميلية مذكورة صراحة كعلاج للجلد المترهل في السؤال والجواب,rel_seed_982decef15a095a6,direct
trial_query_125,ent_symptom_c81532a33515,INVESTIGATED_BY,ent_test_2b2550da4a44,1,0.409963,0.230769,ahd5k_02292,فحص الجرثومة الحلزونية,Test is explicitly mentioned to investigate stomach pain.,rel_seed_b3cc817a83f9e586,direct
trial_query_125,ent_treatment_5b2a681074cf,TREATS,ent_diseasecondition_adcc5a085807,1,0.390755,0.192308,ahd5k_01190,يمكن شده بممارسة الرياضة أو بالجراحة التجميلية,الجراحة التجميلية مذكورة صراحة كعلاج للجلد المترهل في السؤال والجواب,rel_seed_982decef15a095a6__inverse,inverse
trial_query_125,ent_test_2b2550da4a44,INVESTIGATES,ent_symptom_c81532a33515,1,0.369963,0.230769,ahd5k_02292,فحص الجرثومة الحلزونية,Test is explicitly mentioned to investigate stomach pain.,rel_seed_b3cc817a83f9e586__inverse,inverse
