query_id,query,original_answer_ar,refined_answer_ar,kept_claims,removed_claims,limitations_ar,answerability_label,claim_count,kept_claim_count,removed_claim_count,claim_support_rate,hallucination_rate,mitigation_action,refined_preview
trial_query_076,ما علاج البلغم (حساسية الصدر) رغم اخذى هلاج اكثر من مرة ولا فائدة ؟ هل امتنع عن طعام معين يزيد البلغم وانا غير مدخن واخذ علاج للضغط والكوليسترول عمرى 55...,الدليل المتاح يشير إلى أن تجنب المنتجات التي تحتوي على الجلوتين [E1] وتناول مضادات الهيستامين مثل تيليفاست [E4] قد تكون خيارات علاجية لتحسين الحساسية. ومع ذلك، لا توجد أدلة كافية لتحديد علاج البلغم المزمن رغم تناول هلاج. يُنصح بالتشاور مع طبيب مختص لتقييم الحالة وتحديد خطة علاج مخصصة.,تجنب المنتجات التي تحتوي على الجلوتين قد يساعد في تحسين الحساسية [E1 | ahd5k_00812] مضادات الهيستامين مثل تيليفاست قد تكون مفيدة في الحساسية [E4 | ahd5k_02470],"[""تجنب المنتجات التي تحتوي على الجلوتين قد يساعد في تحسين الحساسية"", ""مضادات الهيستامين مثل تيليفاست قد تكون مفيدة في الحساسية""]",[],"[""عدم وجود أدلة مباشرة لعلاج البلغم المزمن رغم تناول هلاج"", ""العلاقات المتوفرة تركز على الحساسية العامة وليس البلغم المزمن""]",answerable,2,2,0,1.0,0.0,no_claims_removed,تجنب المنتجات التي تحتوي على الجلوتين قد يساعد في تحسين الحساسية [E1 | ahd5k_00812] مضادات الهيستامين مثل تيليفاست قد تكون مفيدة في الحساسية [E4 | ahd5k_02470]
trial_query_077,كيف اعالج علامات الشيخوخة المبكرة بالوجه؟,لا توجد أدلة كافية في السياق المقدم لعلاج علامات الشيخوخة المبكرة بالوجه. يُنصح باستشارة طبيب مختص للحصول على تقييم وعلاج مناسب.,لا توجد أدلة كافية. يُنصح باستشارة طبيب مختص للحصول على تقييم دقيق.,[],[],"[""عدم توفر علاقات أو أدلة مباشرة متعلقة بعلاج علامات الشيخوخة المبكرة""]",insufficient_evidence,0,0,0,0.0,0.0,no_claims_removed,لا توجد أدلة كافية. يُنصح باستشارة طبيب مختص للحصول على تقييم دقيق.
trial_query_078,ماالعلاج الاسعافي لأنخفاض السكر مع فقدان الوعي,في حالة انخفاض السكر مع فقدان الوعي، يُنصح بإعطاء المصاب عسلًا تحت لسانه ليمضغه [E3]. هذا الإجراء يُستخدم كعلاج إسعافي بناءً على الأدلة المتوفرة.,يُنصح بإعطاء المصاب عسلًا تحت لسانه في حالة انخفاض السكر مع فقدان الوعي [E3 | ahd5k_00992],"[""يُنصح بإعطاء المصاب عسلًا تحت لسانه في حالة انخفاض السكر مع فقدان الوعي""]",[],"[""العسل موصى به بناءً على دليل متوسط التأكد، ولا توجد أدلة إضافية عن طرق أخرى للعلاج الإسعافي.""]",answerable,1,1,0,1.0,0.0,no_claims_removed,يُنصح بإعطاء المصاب عسلًا تحت لسانه في حالة انخفاض السكر مع فقدان الوعي [E3 | ahd5k_00992]
trial_query_079,هل الاشعة المقطعيه بالصبغه للقلب تسبب انتفاخ اسفل الوجه او انتفاخ الغده هل هو طبيعي,لا توجد أدلة كافية في السياق المقدم لتقييم ما إذا كانت الأشعة المقطعية بالصبغة للقلب تسبب انتفاخًا أسفل الوجه أو الغدة الدرقية. يُنصح بمراجعة تقرير الأشعة وتحليل النتائج مع طبيب مختص [E1][E3].,لا توجد أدلة كافية. يُنصح باستشارة طبيب مختص للحصول على تقييم دقيق.,[],"[""الأشعة المقطعية بالصبغة تُستخدم لفحص الأعراض مثل الانتفاخ، لكن تفسير النتائج يتطلب تحليل تقرير الأشعة""]","[""عدم وجود أدلة مباشرة عن علاقة الأشعة بالصبغة بالانتفاخ في الغدة الدرقية أو الوجه"", ""الاعتماد على استفسار عام عن نتائج الأشعة دون تحليل مفصل""]",insufficient_evidence,1,0,1,1.0,0.0,removed_unsupported_claims,لا توجد أدلة كافية. يُنصح باستشارة طبيب مختص للحصول على تقييم دقيق.
trial_query_080,السلام عليكم..ماهو العلاج المناسب لتقليل نسبة الاملاح في الدم النسبة الحالية عندي هي (7.9) عمري 44 سنة /ذكر؟,لا توجد أدلة كافية في المعلومات المقدمة لتقييم العلاج المناسب لتقليل نسبة الأملاح في الدم (7.9). يُنصح بالاستعانة بخبير طبي لتحديد السبب الجذري والعلاج الملائم بناءً على الفحص السريري والتحاليل المخبرية [E1].,يجب إجراء الفحص السريري والتحاليل المخبرية لتحديد السبب الجذري قبل تحديد العلاج [E1 | ahd5k_04490],"[""يجب إجراء الفحص السريري والتحاليل المخبرية لتحديد السبب الجذري قبل تحديد العلاج""]",[],"[""البيانات المُسترجعة لا تشمل أدلة مباشرة عن ارتفاع نسبة الأملاح في الدم أو علاجه"", ""العلاقات الطبية المُسترجعة تركز على التهابات المسالك البولية وليس اضطرابات الإلكتروليت""]",answerable,1,1,0,1.0,0.0,no_claims_removed,يجب إجراء الفحص السريري والتحاليل المخبرية لتحديد السبب الجذري قبل تحديد العلاج [E1 | ahd5k_04490]
trial_query_081,السلام عليكم أنا أشعر ببرودة رأسي -وغذا اصبح ملمس رأسي بارد جاني صداع لايزول بالمسكنات- ذهبت لأفضل أخصائي أنف وأذن وحنجرة قال هذا المرض ماله علاج !! ماهي التحاليل الأزمة...,بناءً على الأدلة المتوفرة، يُمكن أن يكون الصداع المصحوب ببرودة الرأس مرتبطًا بحالات مثل التهاب السحايا أو التهاب الجيوب الأنفية أو الصداع التوتري [E1][E2][E3]. يُنصح بالكشف الطبي المعمق لتحديد السبب الدقيق، حيث لم تُذكر في الأدلة تحاليل محددة. يُفضل استشارة طبيب مختص لإجراء الفحوصات المطلوبة.,"الصداع قد يكون أحد أعراض التهاب السحايا أو التهاب الجيوب الأنفية أو الصداع التوتري [E1,E2,E3 | ahd5k_02662,ahd5k_02662,ahd5k_02662]","[""الصداع قد يكون أحد أعراض التهاب السحايا أو التهاب الجيوب الأنفية أو الصداع التوتري""]",[],"[""البيانات المُسترجعة لا تتضمن تفاصيل محددة عن التحاليل المطلوبة لتأكيد التشخيص.""]",answerable,1,1,0,1.0,0.0,no_claims_removed,"الصداع قد يكون أحد أعراض التهاب السحايا أو التهاب الجيوب الأنفية أو الصداع التوتري [E1,E2,E3 | ahd5k_02662,ahd5k_02662,ahd5k_02662]"
trial_query_082,مامتي جدا تعبانه من القرحة من غير النزيف المستمر والان هي لا تتناول الاطعمة بسبب الغثيان ...ارجو مساعدتي ..وهي لا تريد المستشفی,إذا كانت القرحة مؤكدة بدون نزيف، يمكن تجربة دواء ايزومبرازول 40 مجم يومياً لمدة 3 شهور [E1]. إذا لم يحدث تحسن، يجب الذهاب إلى المستشفى [E1]. يُنصح بالاستعانة بclinician لتأكيد التشخيص وتحديد الخطوات التالية.,"يمكن استخدام ايزومبرازول 40 مجم يومياً لمدة 3 شهور لعلاج القرحة بدون نزيف [E1,E3 | ahd5k_01066,ahd5k_01066] عدم تحسن الحالة خلال العلاج يتطلب الذهاب إلى المستشفى [E1,E3 | ahd5k_01066,ahd5k_01066]","[""يمكن استخدام ايزومبرازول 40 مجم يومياً لمدة 3 شهور لعلاج القرحة بدون نزيف"", ""عدم تحسن الحالة خلال العلاج يتطلب الذهاب إلى المستشفى""]",[],"[""البيانات المتوفرة لا تشمل إدارة الغثيان مباشرة"", ""العلاقة بين الدواء والقرحة ذات موثوقية محدودة""]",answerable,2,2,0,1.0,0.0,no_claims_removed,"يمكن استخدام ايزومبرازول 40 مجم يومياً لمدة 3 شهور لعلاج القرحة بدون نزيف [E1,E3 | ahd5k_01066,ahd5k_01066] عدم تحسن الحالة خلال العلاج يتطلب الذهاب إلى المستشفى [E1,E3 | ahd5k_01066,ahd5k_01066]"
trial_query_083,ما البديل لعمل كراون للضرس في حال كان طول الضرس قصير بسبب كسر وتآكل في السطح بعد حشو عصب مع حجم طبيعي للضرس ،حتى يعود يصبح في طول يسمح بتركيب...,لا توجد أدلة كافية في السياق المقدم لتحديد بديل لتركيب كراون للضرس القصير الناتج عن كسر وتآكل بعد الحشو العصبي. يُنصح بالتشاور مع طبيب مختص لتحديد خيارات إعادة تشكيل الضرس أو الإجراءات المناسبة.,لا توجد أدلة كافية. يُنصح باستشارة طبيب مختص للحصول على تقييم دقيق.,[],[],"[""العلاقات المسترجعة تتعلق ببرد الأسنان وحساسية التخدير، ولا ترتبط بحلول بديلة للكراون.""]",insufficient_evidence,0,0,0,0.0,0.0,no_claims_removed,لا توجد أدلة كافية. يُنصح باستشارة طبيب مختص للحصول على تقييم دقيق.
trial_query_084,زوجتي حامل ومنذ بداية حملها لم اتوقف عن الاتصال معهاابدا ..فهل ذلك له علاقه لما تشعر به من حرقه في المهبل...وهل ذلك له تأثير على الجنين....,الحرقة في المهبل التي تشعر بها زوجتك مرتبطة بالتهابات نسائية [E1]، ولا يوجد تأثير على الجنين [E1]. العلاقة بين الاتصال الجنسي والحرقة غير مذكورة في الأدلة المتوفرة.,"الحرقة في المهبل تشير إلى وجود التهابات نسائية [E1,E2 | ahd5k_01099,ahd5k_01099] لا يوجد تأثير على الجنين من الحرقة الناتجة عن التهابات نسائية [E1 | ahd5k_01099]","[""الحرقة في المهبل تشير إلى وجود التهابات نسائية"", ""لا يوجد تأثير على الجنين من الحرقة الناتجة عن التهابات نسائية""]",[],"[""العلاقة بين الاتصال الجنسي والحرقة غير متوفرة في الأدلة"", ""موثوقية العلاقات المتوفرة محدودة""]",answerable,2,2,0,1.0,0.0,no_claims_removed,"الحرقة في المهبل تشير إلى وجود التهابات نسائية [E1,E2 | ahd5k_01099,ahd5k_01099] لا يوجد تأثير على الجنين من الحرقة الناتجة عن التهابات نسائية [E1 | ahd5k_01099]"
trial_query_085,لمدا كلما انزعجت من شخص ما أشعر بدوار ودقات سريعة للقلب وشعور براسي تقيل تم يغمى علي دون الغياب عن الوعي فما تشخيصكم لهدا وشكراً جزيل,الأعراض المذكورة (دوار، دقات سريعة للقلب، شعور برأس ثقيل، وغيبوبة مؤقتة) قد تكون مرتبطة بحالات متعددة تتطلب تقييمًا طبيًا شاملًا. لا توجد أدلة كافية في السياق المقدم لربط هذه الأعراض مباشرة بفقر الدم أو أي تشخيص محدد آخر. يُنصح بالاستعانة بخبير طبي لإجراء فحوصات إضافية.,لا توجد أدلة كافية. يُنصح باستشارة طبيب مختص للحصول على تقييم دقيق.,[],"[""الأعراض المذكورة قد تكون مرتبطة بحالات تتطلب تقييمًا طبيًا""]","[""العلاقات المُسترجعة تركز على إدارة فقر الدم والتغذية، ولا تغطي الأعراض المذكورة في السؤال.""]",insufficient_evidence,1,0,1,0.0,1.0,removed_unsupported_claims,لا توجد أدلة كافية. يُنصح باستشارة طبيب مختص للحصول على تقييم دقيق.
trial_query_086,عندي فقر دم وعملت التحاليل عندي نقص فيتامين دال ونقص حديد وصف لي الدكتور 20 ابرة حديد لمدة شهر هل اخذ هالكمية بهذه المدة آمن أم مضر للجسم ؟ وما...,الجرعة الموصوفة من 20 إبرة حديد خلال شهر تُعتبر آمنة إذا كانت مبنية على نتائج التحاليل المخبرية وحالة مخزون الحديد في الجسم [E6]. يُنصح بالالتزام بالجرعة الموصوفة من قبل الطبيب و监测 أي أعراض جانبية غير معتادة.,وصف 20 إبرة حديد خلال شهر آمن إذا كانت مبنية على نتائج التحاليل [E6 | ahd5k_01162] يجب تقييم الجرعة بناءً على نسبة الهيموغلوبين ومخزون الحديد في الجسم [E6 | ahd5k_01162],"[""وصف 20 إبرة حديد خلال شهر آمن إذا كانت مبنية على نتائج التحاليل"", ""يجب تقييم الجرعة بناءً على نسبة الهيموغلوبين ومخزون الحديد في الجسم""]",[],"[""ال أدلة المتوفرة لا تشمل مخاطر الجرعات العالية من الحديد أو الأعراض الجانبية المحتملة""]",answerable,2,2,0,1.0,0.0,no_claims_removed,وصف 20 إبرة حديد خلال شهر آمن إذا كانت مبنية على نتائج التحاليل [E6 | ahd5k_01162] يجب تقييم الجرعة بناءً على نسبة الهيموغلوبين ومخزون الحديد في الجسم [E6 | ahd5k_01162]
trial_query_087,أود معرفة ما أسباب تدلي المستقيم؟وطرق العلاج؟,لا توجد أدلة كافية في السياق المقدم لتحديد أسباب تدلي المستقيم أو طرق علاجه. البيانات المتاحة تركز على أمراض أخرى مثل دوالي الخصية أو التهابات المسالك البولية، ولا تتضمن معلومات مباشرة عن تدلي المستقيم.,لا توجد أدلة كافية. يُنصح باستشارة طبيب مختص للحصول على تقييم دقيق.,[],"[""البيانات المتاحة تركز على أمراض أخرى مثل دوالي الخصية أو التهابات المسالك البولية، ولا تتضمن معلومات مباشرة عن تدلي المستقيم""]","[""عدم وجود علاقات أو أدلة مباشرة متعلقة بتدلي المستقيم في السياق المقدم""]",insufficient_evidence,1,0,1,0.0,1.0,removed_unsupported_claims,لا توجد أدلة كافية. يُنصح باستشارة طبيب مختص للحصول على تقييم دقيق.
trial_query_088,كيف يمكن شد الجلد المترهل في منطقه البطن مع العلم ان الوزن مناسب؟,يمكن شد الجلد المترهل في منطقة البطن بالجراحة التجميلية أو بممارسة الرياضة [E1][E3]. يُنصح بالرجوع إلى اختصاصي تجميل لتحديد الخيار الأنسب [E1].,"يمكن شد الجلد المترهل في منطقة البطن بالجراحة التجميلية [E1,E3 | ahd5k_01190,ahd5k_01190] يمكن شد الجلد المترهل في منطقة البطن بممارسة الرياضة [E1,E3 | ahd5k_01190,ahd5k_01190]","[""يمكن شد الجلد المترهل في منطقة البطن بالجراحة التجميلية"", ""يمكن شد الجلد المترهل في منطقة البطن بممارسة الرياضة""]",[],"[""العلاقة بين الجراحة التجميلية وشد الجلد المترهل ذات موثوقية محدودة (0.424409) في أحد الروابط"", ""لا توجد أدلة حول تأثير ممارسة الرياضة على الجلد المترهل دون الجراحة""]",answerable,2,2,0,1.0,0.0,no_claims_removed,"يمكن شد الجلد المترهل في منطقة البطن بالجراحة التجميلية [E1,E3 | ahd5k_01190,ahd5k_01190] يمكن شد الجلد المترهل في منطقة البطن بممارسة الرياضة [E1,E3 | ahd5k_01190,ahd5k_01190]"
trial_query_089,السلام عليكم عمري43 اعاني ارتفاع الصفراء في الدم وصلت الي 7.6 ويوجد تضخم في الطحال والم ف اسفل البطن وجانبين الي الظهر مع احساس بالتعب تحاليل للفيروسات سلبي ومناعةانكا 1/80,تظهر الأدلة أن تضخم الطحال قد يسبب تضخمًا في الأرداف [E1]، وأن التهابًا قد يرتبط بالتعب [E2][E3]. ومع ذلك، فإن أدلة الرسم البياني محدودة ولا تغطي العلاقة بين ارتفاع الصفراء أو أعراض البطن والظهر المذكورة. يُنصح بالاستعانة بطبيب مختص لإجراء تقييم شامل.,"تضخم الطحال يمكن أن يسبب تضخمًا في الأرداف [E1 | ahd5k_00647] الالتهاب يمكن أن يسبب التعب [E2,E3 | ahd5k_03872]","[""تضخم الطحال يمكن أن يسبب تضخمًا في الأرداف"", ""الالتهاب يمكن أن يسبب التعب""]",[],"[""لا توجد أدلة مباشرة تربط ارتفاع الصفراء أو أعراض البطن والظهر المذكورة بمرض محدد"", ""الرسم البياني لا يغطي العلاقات بين ارتفاع الصفراء والتهاب الكبد أو أمراض المناعة الذاتية""]",answerable,2,2,0,1.0,0.0,no_claims_removed,"تضخم الطحال يمكن أن يسبب تضخمًا في الأرداف [E1 | ahd5k_00647] الالتهاب يمكن أن يسبب التعب [E2,E3 | ahd5k_03872]"
trial_query_090,اعاني منذ فترة خمس سنوات من اصابة العصب السابع وترك بعض الاثار علي منها عند الطعام تذرف عيني اليسرى بالدمع هل هناك علاج للعصب السابع بعد مضي هذه المدة الزمنه,يصعب علاج شلل العصب السابع بعد تأخر الخمس سنوات، لكن يمكن تجربة العلاجات التالية: الكورتيزونات [E1]، مضادات الالتهاب [E2]، مضادات الفيروسات [E4]، العلاج الطبيعي [E3]، أو العلاج بالإبر الصينية [E5]. يُنصح باستشارة طبيب متخصص لتحديد الخيار الأنسب.,الكورتيزونات تُستخدم في علاج شلل العصب السابع [E1 | ahd5k_01221] مضادات الالتهاب تُستخدم في علاج شلل العصب السابع [E2 | ahd5k_01221] مضادات الفيروسات تُستخدم في علاج شلل العصب السابع [E4 | ahd5k_01221] العلاج الطبيعي يُستخدم في علاج شلل العصب السابع [E3 | ahd5k_01221] العلاج بالإبر الصينية يُستخدم في علاج شلل العصب السابع [E5 | ahd5k_01221],"[""الكورتيزونات تُستخدم في علاج شلل العصب السابع"", ""مضادات الالتهاب تُستخدم في علاج شلل العصب السابع"", ""مضادات الفيروسات تُستخدم في علاج شلل العصب السابع"", ""العلاج الطبيعي يُستخدم في علاج شلل العصب السابع"", ""العلاج بالإبر الصينية يُستخدم في علاج شلل العصب السابع""]",[],"[""الدقة المحدودة في تقييم فعالية العلاجات بعد تأخر الخمس سنوات"", ""عدم وجود أدلة كافية عن الجرعات أو الشروط المحددة للعلاج""]",answerable,5,5,0,1.0,0.0,no_claims_removed,الكورتيزونات تُستخدم في علاج شلل العصب السابع [E1 | ahd5k_01221] مضادات الالتهاب تُستخدم في علاج شلل العصب السابع [E2 | ahd5k_01221] مضادات الفيروسات تُستخدم في علاج شلل العصب السابع [E4 | ahd5k_01221] العلاج الطبيعي يُستخدم في علاج شلل العصب السابع [E3 | ahd5k_01221] العلاج بالإبر الصينية يُستخدم في علاج شلل العصب...
trial_query_091,تناولت مضاد حيووي زييثرون وانتج حساسيه شديده وتورم في المنطقة التناسليه وانا تعبانه جدا ما الحل ؟,في حال حدوث حساسية شديدة وتورم بعد تناول مضاد حيوي مثل زييثرون، يُنصح بتجنب تناوله مجددًا [E1]، واستخدام مضاد الهيستامين مع كورتيزون موضعي [E1][E2]. يُفضل إجراء تحليل لتحديد حساسية المضادات الحيوية [E1].,"تجنب تناول مضاد حيوي مثل زييثرون مجددًا في حال حدوث حساسية شديدة [E1 | ahd5k_01231] استخدام مضاد الهيستامين مع كورتيزون موضعي لعلاج الحساسية الشديدة [E1,E2 | ahd5k_01231] إجراء تحليل لتحديد حساسية المضادات الحيوية بعد تفاعل شديد [E1 | ahd5k_01231]","[""تجنب تناول مضاد حيوي مثل زييثرون مجددًا في حال حدوث حساسية شديدة"", ""استخدام مضاد الهيستامين مع كورتيزون موضعي لعلاج الحساسية الشديدة"", ""إجراء تحليل لتحديد حساسية المضادات الحيوية بعد تفاعل شديد""]",[],"[""ال أدلة تركز على علاجات موضعية وتجنب المسببات، لكنها تفتقر إلى تفاصيل حول إدارة الحالات الشديدة أو التدخلات الطبية الفورية""]",answerable,3,3,0,1.0,0.0,no_claims_removed,"تجنب تناول مضاد حيوي مثل زييثرون مجددًا في حال حدوث حساسية شديدة [E1 | ahd5k_01231] استخدام مضاد الهيستامين مع كورتيزون موضعي لعلاج الحساسية الشديدة [E1,E2 | ahd5k_01231] إجراء تحليل لتحديد حساسية المضادات الحيوية بعد تفاعل شديد [E1 | ahd5k_01231]"
trial_query_092,انا اشعر بالصداع والنعاس وحساسية في وجهي والحكة بكل انحاء جسمي كيف استطيع ان اوقف هذا الدواء,لا توجد أدلة كافية في السياق المقدم لتقييم العلاقة بين الأعراض المذكورة (صداع، نعاس، حساسية في الوجه، حكة) والدواء المذكور. يُنصح بالاستمرار في مراجعة الطبيب المختص لتحديد سبب الأعراض وتعديل العلاج [E1-E4].,الحساسية قد تسبب أعراض مثل السعال والبلغم [E1] [E1 | ahd5k_00970] الحساسية قد تؤدي إلى ضيق تنفس [E3] [E3 | ahd5k_00683],"[""الحساسية قد تسبب أعراض مثل السعال والبلغم [E1]"", ""الحساسية قد تؤدي إلى ضيق تنفس [E3]""]",[],"[""عدم وجود أدلة مباشرة تربط الصداع والحساسية في الوجه والحكة بالحساسية المذكورة في السياق"", ""عدم توفر معلومات حول تأثير الدواء على الأعراض المذكورة""]",answerable,2,2,0,1.0,0.0,no_claims_removed,الحساسية قد تسبب أعراض مثل السعال والبلغم [E1] [E1 | ahd5k_00970] الحساسية قد تؤدي إلى ضيق تنفس [E3] [E3 | ahd5k_00683]
trial_query_093,لا أستطبع النوم على جانبي لا الأيمن ولا الأيسر وأجد صعوبة في التنفس العميق. كما أشعر بين الفينة والأخرى بآلام قرب القلب. كما أخبركم أني مريصة بالقلب (مشكل في صمامتين),البيانات المقدمة لا تشمل أدلة كافية لتفسير صعوبة التنفس أو الآلام القريبة من القلب أو مشاكل النوم الجانبية. يُنصح بمراجعة طبيب قلب لفحص صمامات القلب وتحديد سبب الأعراض.,صعوبة التنفس العميق قد تكون مرتبطة بفقر الدم [E3] [E3 | ahd5k_02546] لا توجد أدلة كافية في السياق المسترجع لدعم: آلام القرب من القلب غير مذكورة في الأدلة المُسترجعة [E1-E6].,"[""صعوبة التنفس العميق قد تكون مرتبطة بفقر الدم [E3]""]","[""آلام القرب من القلب غير مذكورة في الأدلة المُسترجعة [E1-E6]""]","[""عدم وجود أدلة مباشرة لربط صعوبة التنفس أو الآلام القريبة من القلب بالبيانات المُسترجعة"", ""البيانات لا تشمل علاقات لمشكلات صمامات القلب""]",partially_answerable,2,1,1,0.5,0.5,removed_unsupported_claims,صعوبة التنفس العميق قد تكون مرتبطة بفقر الدم [E3] [E3 | ahd5k_02546] لا توجد أدلة كافية في السياق المسترجع لدعم: آلام القرب من القلب غير مذكورة في الأدلة المُسترجعة [E1-E6].
trial_query_094,هل هناك أسباب أخرى محددة تؤدي الى ولادة دات شفة مشقوقة من غير استعمال دواء التوبيراميت.,لا توجد أدلة كافية في السياق المقدم لتوضيح أسباب أخرى لولادة شفة مشقوقة غير استخدام دواء التوبيراميت. العلاقات المسترجعة تتناول علاجات لقرحة وشيب، ولا ترتبط مباشرة بتشوهات خلقية مثل الشفة المشقوقة.,"السياق المقدم لا يحتوي على أدلة كافية عن أسباب أخرى لولادة شفة مشقوقة غير التوبيراميت [E1,E2,E3,E4 | ahd5k_01066,ahd5k_04612]","[""السياق المقدم لا يحتوي على أدلة كافية عن أسباب أخرى لولادة شفة مشقوقة غير التوبيراميت""]",[],"[""عدم وجود علاقات أو أدلة مباشرة عن أسباب خلقية أخرى للشفة المشقوقة في السياق المسترجع""]",answerable,1,1,0,1.0,0.0,no_claims_removed,"السياق المقدم لا يحتوي على أدلة كافية عن أسباب أخرى لولادة شفة مشقوقة غير التوبيراميت [E1,E2,E3,E4 | ahd5k_01066,ahd5k_04612]"
trial_query_095,كيف تتم ازالة شظايا القنابل الصغيرة الانشطارية في المنزل عند عدم التمكن من الذهاب للمستشفى وهل هناك اخطار من بقائها؟,لا توجد طريقة موصى بها لإزالة شظايا القنابل الصغيرة الانشطارية في المنزل. يُنصح بالتصوير بالأشعة لتحديد مكان الشظايا ونوعها [E1]، مع ملاحظة أن الجسم قد يصنع محفظات حولها ويعزلها [E1]. لا توجد أدلة كافية حول المخاطر المحددة لبقائها في الجسم.,"يُنصح بالتصوير بالأشعة لتحديد مكان شظايا القنابل الصغيرة الانشطارية ونوعها [E1,E4 | ahd5k_01290,ahd5k_01290] الجسم قد يصنع محفظات حول شظايا القنابل الصغيرة الانشطارية ويعزلها [E1 | ahd5k_01290]","[""يُنصح بالتصوير بالأشعة لتحديد مكان شظايا القنابل الصغيرة الانشطارية ونوعها"", ""الجسم قد يصنع محفظات حول شظايا القنابل الصغيرة الانشطارية ويعزلها""]",[],"[""لا توجد أدلة كافية حول مخاطر بقاء الشظايا في الجسم"", ""لا توجد إرشادات منزلية موثقة لإزالة الشظايا""]",answerable,2,2,0,1.0,0.0,no_claims_removed,"يُنصح بالتصوير بالأشعة لتحديد مكان شظايا القنابل الصغيرة الانشطارية ونوعها [E1,E4 | ahd5k_01290,ahd5k_01290] الجسم قد يصنع محفظات حول شظايا القنابل الصغيرة الانشطارية ويعزلها [E1 | ahd5k_01290]"
trial_query_096,السلام عليكم .. هل تناول ملعقة يوميا من زيت الحلبة على الريق يزيد من حجم الثدي بجانب التمارين ..؟؟ و ما المدة التى يمكن الاستمرار عليها فى تناول الزيت؟ و...,لا توجد أدلة كافية في الشبكة لدعم أو نفي تأثير زيت الحلبة على زيادة حجم الثدي أو تحديد مدة الاستخدام الآمن. يُنصح بالاستعانة بمتخصص طبي لتقييم هذا العلاج [E1].,زيت الحلبة ليس له أدلة كافية في الشبكة لتأثيره على حجم الثدي [E1 | ahd5k_00203],"[""زيت الحلبة ليس له أدلة كافية في الشبكة لتأثيره على حجم الثدي""]",[],"[""لا توجد أدلة مباشرة حول زيت الحلبة أو تأثيره على الثدي""]",answerable,1,1,0,1.0,0.0,no_claims_removed,زيت الحلبة ليس له أدلة كافية في الشبكة لتأثيره على حجم الثدي [E1 | ahd5k_00203]
trial_query_097,كيفية التعامل مع انتفاخ ضرس العقل مسببا الام و احمرار الفك الاسفل,في حالة انتفاخ ضرس العقل المسبب لآلام واحمرار الفك السفلي، يُنصح بمراجعة طبيب أو أخصائي جراحة الوجه والفكين [E1] [E2]. ضرس العقل قد يسبب آلامًا بدرجات متفاوتة تتطلب عادةً خلعه [E1] [E3]. لا توجد أدلة كافية حول معالجة الانتفاخ مباشرةً دون مراجعة طبية [E5].,"ضرس العقل قد يسبب آلامًا بدرجات متفاوتة تتطلب خلعه [E1,E3 | ahd5k_04356,ahd5k_04356] المراجعة الطبية (طبيب أو أخصائي جراحة الوجه والفكين) هي المعالجة الموصى بها [E2,E4 | ahd5k_04356,ahd5k_04356]","[""ضرس العقل قد يسبب آلامًا بدرجات متفاوتة تتطلب خلعه"", ""المراجعة الطبية (طبيب أو أخصائي جراحة الوجه والفكين) هي المعالجة الموصى بها""]",[],"[""عدم وجود أدلة كافية حول معالجة الانتفاخ مباشرةً دون مراجعة طبية"", ""العلاقة بين انتفاخ الفك والأشعة بالصبغة غير محددة بوضوح""]",answerable,2,2,0,1.0,0.0,no_claims_removed,"ضرس العقل قد يسبب آلامًا بدرجات متفاوتة تتطلب خلعه [E1,E3 | ahd5k_04356,ahd5k_04356] المراجعة الطبية (طبيب أو أخصائي جراحة الوجه والفكين) هي المعالجة الموصى بها [E2,E4 | ahd5k_04356,ahd5k_04356]"
trial_query_098,تعاني والدتي من انسداد في الصمام الابهر بنسبة 40-60. حيث والتقرير ينصح باجراء عملية قلب مفتوح وتبديل صمامالابهر مع العلم انها تعاني من مرض السكري وضغط الدمز. العمر65س,في حالات انسداد الصمام الأبهري بنسبة 40-60% مع وجود مرض السكري وارتفاع ضغط الدم، يمكن إجراء عملية قلب مفتوح وتبديل الصمام الأبهري إذا تم التحكم في الأمراض المصاحبة بشكل جيد قبل وأثناء وبعد الجراحة [E1]. يُنصح بتقييم الحالة بواسطة فريق طبي متخصص لتحديد أفضل خطة علاجية بناءً على نتائج الفحوصات والوظائف الأخرى للأعضاء [E2].,"العمليات الجراحية مثل تبديل الصمام الأبهري يمكن أن تُجرى بسلام إذا تم التحكم في مرض السكري وارتفاع ضغط الدم بشكل جيد [E1,E3 | ahd5k_01294,ahd5k_04912] يُنصح بتقييم الحالة بواسطة فريق طبي متخصص لتحديد النسبة المئوية للضعف في عضلة القلب ووظائف الأعضاء الأخرى [E2,E4 | ahd5k_04912]","[""العمليات الجراحية مثل تبديل الصمام الأبهري يمكن أن تُجرى بسلام إذا تم التحكم في مرض السكري وارتفاع ضغط الدم بشكل جيد"", ""يُنصح بتقييم الحالة بواسطة فريق طبي متخصص لتحديد النسبة المئوية للضعف في عضلة القلب ووظائف الأعضاء الأخرى""]",[],"[""العلاقات بين مرض السكري وارتفاع ضغط الدم ذات موثوقية محدودة"", ""عدم وجود أدلة مباشرة عن تأثير نسبة انسداد الصمام الأبهري (40-60%) على قرار الجراحة""]",answerable,2,2,0,1.0,0.0,no_claims_removed,"العمليات الجراحية مثل تبديل الصمام الأبهري يمكن أن تُجرى بسلام إذا تم التحكم في مرض السكري وارتفاع ضغط الدم بشكل جيد [E1,E3 | ahd5k_01294,ahd5k_04912] يُنصح بتقييم الحالة بواسطة فريق طبي متخصص لتحديد النسبة المئوية للضعف في عضلة القلب ووظائف الأعضاء الأخرى [E2,E4 | ahd5k_04912]"
trial_query_099,انا ابتلعت دبوس امس ولا اشعر ببلعه واعاني بوجع صدري كيف اعمل,الافضل زيارة الطبيب لاجراء أشعة لتحديد مكان الدبوس والتأكد من وجوده [E3][E6]. قد يساعد هذا في الكشف عن أي إصابات مترتبة عليه.,"يُنصح بإجراء أشعة لتحديد مكان الدبوس والتأكد من وجوده [E3,E6 | ahd5k_01295,ahd5k_01295]","[""يُنصح بإجراء أشعة لتحديد مكان الدبوس والتأكد من وجوده""]",[],"[""الارتباط بين أشعة ودبوس له موثوقية محدودة (reliability=limited)""]",answerable,1,1,0,1.0,0.0,no_claims_removed,"يُنصح بإجراء أشعة لتحديد مكان الدبوس والتأكد من وجوده [E3,E6 | ahd5k_01295,ahd5k_01295]"
trial_query_100,عندى بقع بنية على جانبى الوجة وانا اعانى من انيميا 10 وكان عندى حصوات بالمرارة وعملت العملية ولا زالت البقع موجودة ما العلاج الاكيد وشكرا,لا توجد أدلة كافية في السياق المقدم لتقييم العلاقة بين البقع البنية على الوجه وفقر الدم أو جراحة الحصوات المرارية. يُنصح بالاستعانة بمتخصص طبي لفحص الجلد والتحري عن الأسباب المحتملة للبقع.,لا توجد أدلة كافية. يُنصح باستشارة طبيب مختص للحصول على تقييم دقيق.,[],"[""يُنصح بالاستعانة بمتخصص طبي لفحص الجلد والتحري عن الأسباب المحتملة للبقع""]","[""عدم وجود علاقات أو أدلة مباشرة تربط بين فقر الدم/جراحة الحصوات المرارية والبقع البنية على الوجه.""]",insufficient_evidence,1,0,1,0.0,1.0,removed_unsupported_claims,لا توجد أدلة كافية. يُنصح باستشارة طبيب مختص للحصول على تقييم دقيق.
trial_query_101,ماهو البردقوش وهل يوجد باليمن وهل يزيد من عدد الحيوانات المنويه؟,البردقوش هو عشب يُستخدم لتنظيم الدورة الشهرية [E1]. لا توجد أدلة كافية حول توفره في اليمن أو تأثيره على عدد الحيوانات المنوية.,البردقوش يُستخدم لتنظيم الدورة الشهرية [E1 | ahd5k_04015] لا توجد أدلة كافية في السياق المسترجع لدعم: لا توجد أدلة حول تأثير البردقوش على عدد الحيوانات المنوية.,"[""البردقوش يُستخدم لتنظيم الدورة الشهرية""]","[""لا توجد أدلة حول تأثير البردقوش على عدد الحيوانات المنوية""]","[""لا توجد أدلة حول توفر البردقوش في اليمن"", ""لا توجد أدلة حول تأثير البردقوش على الحيوانات المنوية""]",partially_answerable,2,1,1,0.5,0.5,removed_unsupported_claims,البردقوش يُستخدم لتنظيم الدورة الشهرية [E1 | ahd5k_04015] لا توجد أدلة كافية في السياق المسترجع لدعم: لا توجد أدلة حول تأثير البردقوش على عدد الحيوانات المنوية.
trial_query_102,اعاني من حموضة وصعوبة في التنفس وصعوبة بلع والم في الجانب الايسر من الصدر مع تعب في الكتف اليسرى بعد ابذال مجهود فهل هذا خطر على القلب ام حموضة عادية,الأعراض المذكورة (حموضة، صعوبة تنفس، صعوبة بلع، ألم في الجانب الأيسر من الصدر، تعب الكتف الأيسر بعد المجهود) لا تُربط مباشرة بعلاقة موثقة في البيانات المُسترجعة. لا توجد أدلة كافية لتحديد ما إذا كان ذلك مرتبطًا بالقلب أو حموضة عادية. يُنصح باستشارة طبيب لفحص دقيق.,"الأعراض مثل ضيق التنفس وتعب الكتف قد تكون مرتبطة بالتهاب الجيوب الأنفية أو الحساسية [E1,E2,E3,E4 | ahd5k_03872] الكتف المتعب قد يُعالج بالبروفين، لكن العلاقة غير موثقة بدرجة كافية [E5 | ahd5k_00486]","[""الأعراض مثل ضيق التنفس وتعب الكتف قد تكون مرتبطة بالتهاب الجيوب الأنفية أو الحساسية"", ""الكتف المتعب قد يُعالج بالبروفين، لكن العلاقة غير موثقة بدرجة كافية""]",[],"[""عدم وجود أدلة مباشرة على ارتباط الأعراض بالقلب"", ""العلاقات بين التهاب والكبد/القلب غير موثقة""]",answerable,2,2,0,1.0,0.0,no_claims_removed,"الأعراض مثل ضيق التنفس وتعب الكتف قد تكون مرتبطة بالتهاب الجيوب الأنفية أو الحساسية [E1,E2,E3,E4 | ahd5k_03872] الكتف المتعب قد يُعالج بالبروفين، لكن العلاقة غير موثقة بدرجة كافية [E5 | ahd5k_00486]"
trial_query_103,ما هو ابسط علاج لمرض السكر بدون كيماويات؟,الدليل المتاح لا يحتوي على معلومات حول علاج مرض السكر بدون كيماويات. يُنصح بالاستعانة بخبير طبي لتحديد خطة علاج مناسبة بناءً على الحالة السريرية [E1-E5].,لا توجد أدلة كافية. يُنصح باستشارة طبيب مختص للحصول على تقييم دقيق.,[],"[""الدليل المتاح لا يحتوي على معلومات حول علاج مرض السكر بدون كيماويات"", ""يُنصح بالاستعانة بخبير طبي لتحديد خطة علاج مناسبة بناءً على الحالة السريرية [E1-E5]""]","[""غياب علاقات مباشرة حول علاج مرض السكر بدون كيماويات"", ""الدلائل المتاحة تركز على الأعراض والتشخيص وليس العلاج""]",insufficient_evidence,2,0,2,0.5,0.5,removed_unsupported_claims,لا توجد أدلة كافية. يُنصح باستشارة طبيب مختص للحصول على تقييم دقيق.
trial_query_104,انا عملت جراحة فى القلب وتم تغير الصمام المترالى بصمام ميكانيكى صناعى وباخد دواء واريفان ( لسيولة الدم ) 8 ملجرام ومصاب بالانفلوانزا ماالعلاج المناسب,لا توجد أدلة كافية في المعلومات المقدمة لتحديد العلاج المناسب للانفلونزا في حالتك. يُنصح باستشارة طبيب مختص لتقييم الحالة وتحديد العلاج الآمن مع أخذ الحالة الصحية الكاملة بعين الاعتبار.,لا توجد أدلة كافية. يُنصح باستشارة طبيب مختص للحصول على تقييم دقيق.,[],[],"[""عدم وجود علاقات أو أدلة متعلقة بالعلاج المناسب للانفلونزا في سياق تناول أدوية الليوسيان (واريفان) أو وجود صمام قلبي صناعي""]",insufficient_evidence,0,0,0,0.0,0.0,no_claims_removed,لا توجد أدلة كافية. يُنصح باستشارة طبيب مختص للحصول على تقييم دقيق.
trial_query_105,هل حبوب كريستور(rousovastatin) تؤثر على عضلة القلب ؟,لا توجد أدلة كافية في السياق المقدم لتقييم تأثير حبوب كريستور (روسو vastatin) على عضلة القلب. يُنصح باستشارة طبيب مختص لتحديد الآثار المحتملة للدواء بناءً على التاريخ الطبي الفردي.,لا توجد أدلة كافية. يُنصح باستشارة طبيب مختص للحصول على تقييم دقيق.,[],[],"[""غياب العلاقات المتعلقة بتأثير الأدوية على عضلة القلب"", ""عدم وجود بيانات عن آثار كريستور الجانبية""]",insufficient_evidence,0,0,0,0.0,0.0,no_claims_removed,لا توجد أدلة كافية. يُنصح باستشارة طبيب مختص للحصول على تقييم دقيق.
trial_query_106,هل يوجد أعشاب طبية تساعد على الشفاء من حالة الاكتئاب و الشعور بالخوف ، علما بأنه يوجد لدي فقر دم (انيميا الفول ) و يتجدث حالات الاكتئاب هذه عند تناول...,لا توجد أدلة كافية في السياق المقدم حول فعالية الأعشاب الطبية في علاج الاكتئاب والخوف لدى المصابين بفقر الدم (الانيميا الفولية). يُنصح بالتشاور مع طبيب مختص لتحديد العلاج المناسب مع مراعاة التداخلات المحتملة مع الحالة الطبية الحالية.,لا توجد أدلة كافية. يُنصح باستشارة طبيب مختص للحصول على تقييم دقيق.,[],[],"[""غياب أدلة حول الأعشاب الطبية وعلاقتها بالاكتئاب أو فقر الدم"", ""عدم وجود علاقات مباشرة بين الأعشاب والعلاج في السياق المقدم""]",insufficient_evidence,0,0,0,0.0,0.0,no_claims_removed,لا توجد أدلة كافية. يُنصح باستشارة طبيب مختص للحصول على تقييم دقيق.
trial_query_107,"انا عندى 16 سنة وعندي ارتخاء بالصمام الميترالى والاعراض اللى عندي دوخة لما أقف و بتعب من أقل مجهود , وعند الاستيقاظ هناك ضيق بالتنفس,والدكتورظكاتبلى اندرال 20 جم بس مش...",الدواء الموصى به (اندرال) قد لا يعالج الأعراض المذكورة بشكل كافٍ. يُنصح بمتابعة الطبيب لتعديل العلاج أو استبعاد أسباب أخرى [E4] [E5]. هذا ليس بديلاً عن استشارة طبية مباشرة.,"الدوخة والتعب قد تكون مرتبطة بارتفاع ضغط الدم حسب الأدلة المتوفرة [E4,E5 | ahd5k_04701,ahd5k_04701] لا توجد أدلة كافية في السياق المسترجع لدعم: لا توجد أدلة مباشرة تربط ارتخاء الصمام الميترالي بالدوخة والتعب المذكورين.","[""الدوخة والتعب قد تكون مرتبطة بارتفاع ضغط الدم حسب الأدلة المتوفرة""]","[""لا توجد أدلة مباشرة تربط ارتخاء الصمام الميترالي بالدوخة والتعب المذكورين""]","[""عدم وجود علاقات مباشرة بين ارتخاء الصمام الميترالي والأعراض المذكورة"", ""الاعتماد على أدلة مرتبطة بارتفاع ضغط الدم وليس ارتخاء الصمام""]",partially_answerable,2,1,1,0.5,0.5,removed_unsupported_claims,"الدوخة والتعب قد تكون مرتبطة بارتفاع ضغط الدم حسب الأدلة المتوفرة [E4,E5 | ahd5k_04701,ahd5k_04701] لا توجد أدلة كافية في السياق المسترجع لدعم: لا توجد أدلة مباشرة تربط ارتخاء الصمام الميترالي بالدوخة والتعب المذكورين."
trial_query_108,هل هناك اسباب للحساسية من الباراسيتمول وما الاغذية التى امتنع عنها وما هى الاغذية التى ااكلها,لا توجد أدلة كافية في السياق المقدم لتحديد أسباب الحساسية من الباراسيتامول أو توصيات غذائية محددة لتجنبها أو تناولها. يُنصح بمراجعة طبيب الحساسية لتحديد التشخيص النهائي ووضع خطة علاج مناسبة [E1].,"الحساسية قد تسبب سعالاً وبلغمًا وضيق تنفس [E1][E3][E4] [E1,E3,E4 | ahd5k_00970,ahd5k_00683,ahd5k_00010]","[""الحساسية قد تسبب سعالاً وبلغمًا وضيق تنفس [E1][E3][E4]""]",[],"[""لا توجد أدلة حول أسباب الحساسية من الباراسيتامول أو توصيات غذائية محددة"", ""العلاقات المتوفرة تركز على الأعراض دون ذكر أسباب أو عوامل غذائية""]",answerable,1,1,0,1.0,0.0,no_claims_removed,"الحساسية قد تسبب سعالاً وبلغمًا وضيق تنفس [E1][E3][E4] [E1,E3,E4 | ahd5k_00970,ahd5k_00683,ahd5k_00010]"
trial_query_109,كان لدي ارتفاع بسيط في الصفائح ٤٦١ وعندما ولدت بعد ٥٠ يوم التحليل طلع ٦٧٩ واشكو من عدم اكتمال النفس في بعض الاوقات وقال لي الطبيب لديك التهاب في الصدر...,لا توجد أدلة كافية في السياق المقدم لتفسير ارتفاع الصفائح الدموية أو العلاقة بينها وبين الشكوى من عدم اكتمال النفس أو التهاب الصدر. الأدلة المتاحة تركز على استخدام الصور الشعاعية لفحص الصداع أو معالجة الصدمة الكهربائية/الحروق بواسطة الطبيب [E1-E4]. يُنصح بمراجعة الطبيب المختص للحصول على تقييم دقيق.,"الصور الشعاعية قد تُطلب لفحص الصداع [E1,E2 | ahd5k_01058,ahd5k_01058] الطبيب يعالج الصدمة الكهربائية والحروق [E3,E4 | ahd5k_04866,ahd5k_04866]","[""الصور الشعاعية قد تُطلب لفحص الصداع"", ""الطبيب يعالج الصدمة الكهربائية والحروق""]",[],"[""لا توجد أدلة مباشرة تربط الصفائح الدموية أو التهاب الصدر بالعلاقة بين الكيانات المُستنتجة""]",answerable,2,2,0,1.0,0.0,no_claims_removed,"الصور الشعاعية قد تُطلب لفحص الصداع [E1,E2 | ahd5k_01058,ahd5k_01058] الطبيب يعالج الصدمة الكهربائية والحروق [E3,E4 | ahd5k_04866,ahd5k_04866]"
trial_query_110,عمري 18 سنة وأنا أعاني من صغر الثدي هل يوجد أي حل لتكبيره دون جراحة?,بالنظر إلى الأدلة المتوفرة، يُنصح بمراجعة أخصائية نسائية لإجراء فحص سريري لتقييم حالة نقص حجم الثدي [E2][E3]. لا توجد أدلة كافية حول علاجات غير جراحية محددة لتكبير الثدي في هذا السياق.,"يُنصح بمراجعة أخصائية نسائية لإجراء فحص سريري لتقييم حالة نقص حجم الثدي [E2,E3 | ahd5k_02702,ahd5k_02702]","[""يُنصح بمراجعة أخصائية نسائية لإجراء فحص سريري لتقييم حالة نقص حجم الثدي""]",[],"[""ال أدلة المتوفرة تركز على التشخيص وليس العلاجات غير الجراحية"", ""عدم وجود أدلة حول علاجات محددة لتكبير الثدي دون جراحة""]",answerable,1,1,0,1.0,0.0,no_claims_removed,"يُنصح بمراجعة أخصائية نسائية لإجراء فحص سريري لتقييم حالة نقص حجم الثدي [E2,E3 | ahd5k_02702,ahd5k_02702]"
trial_query_111,عمري ٢٥سنة واعاني من نشاط زائد في الغده الدرقية وقمت بأخذ جرعه من اليود النووي المشع وعندي طفل عمره سنه فما المده الزمنيه المحدده اللتي سأتمكن بعدها,لا توجد أدلة كافية في المعلومات المقدمة لتقييم المدة الزمنية المحددة بعد تلقي جرعة اليود النووي المشع لنشاط الغدة الدرقية. يُنصح بالتشاور مع طبيب مختص لتقييم الحالة وتحديد الإرشادات الأمنية حسب الظروف الفردية.,لا توجد أدلة كافية. يُنصح باستشارة طبيب مختص للحصول على تقييم دقيق.,[],[],"[""عدم توفر أدلة حول المدة الزمنية بعد اليود النووي المشع"", ""العلاقات المتوفرة تركز على التشخيص والعلاج وليس السلامة بعد العلاج الإشعاعي""]",insufficient_evidence,0,0,0,0.0,0.0,no_claims_removed,لا توجد أدلة كافية. يُنصح باستشارة طبيب مختص للحصول على تقييم دقيق.
trial_query_112,يشعر والدي بألم في منطقة الصدر علما ان والدي مصاب بجلطة قلبية ودماغية اليوم قد تناول بيزا وكانت دسمة،،،،،هل هذا الم قلب ام الام معدة,لا توجد أدلة كافية في السياق المقدم لتقييم ما إذا كان الألم الذي يشعر به والدك ناتجًا عن جلطة قلبية أو مشكلة معدة. يُنصح بالاستعانة بطبيب على الفور لإجراء تقييم طبي شامل.,لا توجد أدلة كافية. يُنصح باستشارة طبيب مختص للحصول على تقييم دقيق.,[],"[""الجلطة القلبية والدماغية ليست مرتبطتين مباشرة بأعراض الألم المذكورة في السياق المقدم."", ""تناول وجبة دسمة قد يسبب اضطرابًا هضميًا، لكن هذا غير مذكور في الأدلة المقدمة.""]","[""غياب أدلة مباشرة على العلاقة بين الألم الصدري والجلطات أو الوجبات الدهنية."", ""عدم وجود معلومات عن أعراض القلب أو الجهاز الهضمي في السياق المقدم.""]",insufficient_evidence,2,0,2,0.0,1.0,removed_unsupported_claims,لا توجد أدلة كافية. يُنصح باستشارة طبيب مختص للحصول على تقييم دقيق.
trial_query_113,هل يوجد تأثير على الجنين في حالة تعاطي أقراص ميزوتاك في بداية الحمل بغرض الإجهاض وأنا الآن اقتنعت باكمال الحمل ولكن قلق من تأثر الجنين بالمادة الفعالة لهذا الدواء؟,وفقًا لل أدلة المتوفرة، إذا كانت المريضة حاملة وتستخدم بريمولوت ن (Primolut N)، فيجب إيقافه فورًا، حيث تشير الدراسات إلى احتمال حدوث تشوهات في القلب والأوعية الدموية والأنبوب العصبي والدماغ لدى الجنين [E1]. ومع ذلك، لا توجد أدلة مباشرة في السياق المقدم حول تأثير ميزوتاك (Mezotac) على الجنين، مما يشير إلى أن المعلومات محدودة. يُنصح بمراجعة طبيب مختص لتقييم المخاطر بدقة.,يجب إيقاف بريمولوت ن أثناء الحمل بسبب احتمال حدوث تشوهات في القلب والأوعية الدموية والأنبوب العصبي والدماغ لدى الجنين. [E1 | ahd5k_00439],"[""يجب إيقاف بريمولوت ن أثناء الحمل بسبب احتمال حدوث تشوهات في القلب والأوعية الدموية والأنبوب العصبي والدماغ لدى الجنين.""]",[],"[""ال أدلة المتوفرة تركز على بريمولوت ن وليس ميزوتاك، مما يشير إلى نقص في المعلومات حول تأثير ميزوتاك على الجنين.""]",answerable,1,1,0,1.0,0.0,no_claims_removed,يجب إيقاف بريمولوت ن أثناء الحمل بسبب احتمال حدوث تشوهات في القلب والأوعية الدموية والأنبوب العصبي والدماغ لدى الجنين. [E1 | ahd5k_00439]
trial_query_114,حموضة في فمي واحساس برائحة تفاح متعفن مع كدمات زرقاء غامقة في قدماي واحساس بغبوش في الرؤية,لا توجد أدلة كافية لربط الأعراض المذكورة (حموضة فم، رائحة تفاح متعفن، كدمات زرقاء في القدمين، غبوش في الرؤية) بالعلاقات المُسترجعة المتعلقة بفقر الدم وألم المعدة. يُنصح باستشارة طبيب مختص لفحص شامل.,لا توجد أدلة كافية. يُنصح باستشارة طبيب مختص للحصول على تقييم دقيق.,[],[],"[""العلاقات المُسترجعة لا تغطي الأعراض المذكورة (حموضة الفم، رائحة الفم، الكدمات، الغبوش في الرؤية)."", ""الموثوقية المحدودة للعلاقات المُسترجعة.""]",insufficient_evidence,0,0,0,0.0,0.0,no_claims_removed,لا توجد أدلة كافية. يُنصح باستشارة طبيب مختص للحصول على تقييم دقيق.
trial_query_115,قمت بعمل اشعة بالصبغة على الاورطى والشرايين الطرفية وجت انتفاخ بالوجه ووجع بالجسم ارجو الافادة,أشعة الصبغة تُستخدم لفحص الشرايين الطرفية والأورطى لتحديد سبب الانتفاخ بالوجه والوجع بالجسم [E1][E2][E3][E4]. يُنصح بتوضيح نتائج الفحص الشعاعي المكتوبة لتحديد التشخيص الدقيق [E1][E2].,"أشعة الصبغة تُستخدم لفحص الشرايين الطرفية والأورطى لتحديد سبب الانتفاخ والوجع [E1,E2,E3,E4 | ahd5k_01537]","[""أشعة الصبغة تُستخدم لفحص الشرايين الطرفية والأورطى لتحديد سبب الانتفاخ والوجع""]",[],"[""البيانات المتوفرة لا تشمل تشخيصًا محددًا أو أسبابًا محتملة للانتفاخ والوجع"", ""لا توجد أدلة على وجود مسببات أو علاجات مرتبطة مباشرة بهذه الأعراض""]",answerable,1,1,0,1.0,0.0,no_claims_removed,"أشعة الصبغة تُستخدم لفحص الشرايين الطرفية والأورطى لتحديد سبب الانتفاخ والوجع [E1,E2,E3,E4 | ahd5k_01537]"
trial_query_116,ماهي أضرارشجرة القات وماهي منافعها إذا لها فوائد وهل صحيح أنها علاج لمرضى السكر,لا توجد أدلة كافية في السياق المقدم لتقييم أضرار أو منافع شجرة القات كعلاج لمرض السكر. يُنصح باستشارة طبيب مختص لتحديد العلاج المناسب.,لا توجد أدلة كافية. يُنصح باستشارة طبيب مختص للحصول على تقييم دقيق.,[],[],"[""عدم وجود علاقات مباشرة بين شجرة القات ومرض السكري في السياق المقدم.""]",insufficient_evidence,0,0,0,0.0,0.0,no_claims_removed,لا توجد أدلة كافية. يُنصح باستشارة طبيب مختص للحصول على تقييم دقيق.
trial_query_117,أعاني من حرقان بكامل بجسمي والتهاب المسالك البوليه وارتفاع الكلسترول والدهون الثلاثيه مال الحل جزاكم الله خير وما قد يكون المسبب,لا توجد أدلة كافية في السياق المقدم لتغطية الأعراض المذكورة (حرقان جسدي، التهاب مسالك بولية، ارتفاع الكوليسترول والدهون الثلاثية). يُنصح بمراجعة طبيب مختص لإجراء فحص سريري وتحاليل مخبرية لتحديد الأسباب الدقيقة ووضع خطة علاج مناسبة.,لا توجد أدلة كافية. يُنصح باستشارة طبيب مختص للحصول على تقييم دقيق.,[],[],"[""عدم توفر أدلة مباشرة لربط الأعراض المذكورة (حرقان، التهاب مسالك بولية، ارتفاع الكوليسترول والدهون الثلاثية) بالعلاقات المستنتجة."", ""العلاقات المتوفرة ذات موثوقية محدودة (reliability=limited) ولا تغطي الجوانب العلاجية للأعراض المذكورة.""]",insufficient_evidence,0,0,0,0.0,0.0,no_claims_removed,لا توجد أدلة كافية. يُنصح باستشارة طبيب مختص للحصول على تقييم دقيق.
trial_query_118,ماهي علاجات حمى التهاب باطن القدم وباطن اليد وماهي الفحوصات للتاكد من اسباب هذا المرض؟,البيانات المتوفرة تشير إلى أن حمى باطن القدم واليد قد ترتبط بمضاعفات عضة الجرذ أو الجرذون، وعلاجها يشمل مضادات حيوية مثل البنسيلين والسيبروفلوكساسين بعد استشارة الطبيب [E1]. لا توجد أدلة كافية حول الفحوصات المخبرية المحددة لتأكيد سبب المرض في السياق الحالي.,"علاج حمى باطن القدم واليد يشمل مضادات حيوية مثل البنسيلين والسيبروفلوكساسين [E1 | ahd5k_01255] الحمى قد تكون نتيجة عضة الجرذ أو الجرذون، لكن لم تُذكر الفحوصات المحددة لتأكيد السبب [E1,E4 | ahd5k_01255]","[""علاج حمى باطن القدم واليد يشمل مضادات حيوية مثل البنسيلين والسيبروفلوكساسين"", ""الحمى قد تكون نتيجة عضة الجرذ أو الجرذون، لكن لم تُذكر الفحوصات المحددة لتأكيد السبب""]",[],"[""لا توجد أدلة مباشرة حول الفحوصات المخبرية لتأكيد سبب حمى باطن القدم واليد"", ""البيانات محدودة بحالات العضات وليس المرض المذكور في السؤال""]",answerable,2,2,0,1.0,0.0,no_claims_removed,"علاج حمى باطن القدم واليد يشمل مضادات حيوية مثل البنسيلين والسيبروفلوكساسين [E1 | ahd5k_01255] الحمى قد تكون نتيجة عضة الجرذ أو الجرذون، لكن لم تُذكر الفحوصات المحددة لتأكيد السبب [E1,E4 | ahd5k_01255]"
trial_query_119,والدي وقع من الدرج قبل ثلالث ايام نلاحظ هناك زغللة في عينه اليمنى مع حول فيها تم قياسة مستوى السكر اليوم 200 اتمنى افادتي بهذا الامر هل له علاقة بالحلطة...,العلاقة بين مستوى السكر المرتفع (200) وزغللة العين غير مذكورة في الأدلة المتوفرة. الأدلة الحالية تربط مرض السكري بارتفاع ضغط الدم [E1] وتشخيصه عبر تحاليل مخبرية [E3]، لكنها لا تشير إلى مضاعفات عينية مباشرة. يُنصح باستشارة طبيب مختص لتقييم الحالة العينية والسكري بشكل منفصل.,"مرض السكري مرتبط بارتفاع ضغط الدم [E1,E2 | ahd5k_01294,ahd5k_04912] يمكن تشخيص مرض السكري عبر تحاليل مخبرية [E3,E5 | ahd5k_01551]","[""مرض السكري مرتبط بارتفاع ضغط الدم"", ""يمكن تشخيص مرض السكري عبر تحاليل مخبرية""]",[],"[""لا توجد أدلة مباشرة تربط مستوى السكر المرتفع بزغللة العين في السياق الحالي""]",answerable,2,2,0,1.0,0.0,no_claims_removed,"مرض السكري مرتبط بارتفاع ضغط الدم [E1,E2 | ahd5k_01294,ahd5k_04912] يمكن تشخيص مرض السكري عبر تحاليل مخبرية [E3,E5 | ahd5k_01551]"
trial_query_120,ماهي الاهمية الطبية للجلوكوز والفركتوز والجالكتوز؟,الجلوكوز هو المصدر الأساسي للطاقة في الخلية [E1]، والفركتوز مكون في جدار الخلايا [E1]، والجلاكتوز يدخل في تركيب البروتينات والدهون الخلوية ويُشكّل اللاكتوز مع الجلوكوز [E1]. خلل في تمثيل أي من هذه السكريات يؤدي إلى أمراض في العين وفقدان حاسة الشم واختلال وظائف الكبد والكلى [E1]، مع ملاحظة أن العلاقة بين التهابات ووظائف الكبد محدودة [E2].,الجلوكوز هو المصدر الأساسي للطاقة في الخلية [E1 | ahd5k_01578] الفركتوز مكون في جدار الخلايا [E1 | ahd5k_01578] الجلاكتوز يدخل في تركيب البروتينات والدهون الخلوية ويُشكّل اللاكتوز مع الجلوكوز [E1 | ahd5k_01578] خلل في تمثيل الجلوكوز أو الفركتوز أو الجلاكتوز يؤدي إلى أمراض في العين وفقدان حاسة الشم واختلال وظائف الكبد والكلى [E1 | ahd5k_01578],"[""الجلوكوز هو المصدر الأساسي للطاقة في الخلية"", ""الفركتوز مكون في جدار الخلايا"", ""الجلاكتوز يدخل في تركيب البروتينات والدهون الخلوية ويُشكّل اللاكتوز مع الجلوكوز"", ""خلل في تمثيل الجلوكوز أو الفركتوز أو الجلاكتوز يؤدي إلى أمراض في العين وفقدان حاسة الشم واختلال وظائف الكبد والكلى""]",[],"[""العلاقات بين التهابات ووظائف الكبد محدودة في الأدلة [E2]""]",answerable,4,4,0,1.0,0.0,no_claims_removed,الجلوكوز هو المصدر الأساسي للطاقة في الخلية [E1 | ahd5k_01578] الفركتوز مكون في جدار الخلايا [E1 | ahd5k_01578] الجلاكتوز يدخل في تركيب البروتينات والدهون الخلوية ويُشكّل اللاكتوز مع الجلوكوز [E1 | ahd5k_01578] خلل في تمثيل الجلوكوز أو الفركتوز أو الجلاكتوز يؤدي إلى أمراض في العين وفقدان حاسة الشم واختلال وظائف الكب...
trial_query_121,متى يلجأ الدكتور الي نزع عَصّب السن او الضرس,لا توجد أدلة كافية في السياق المقدم لتوضيح متى يلجأ الدكتور إلى نزع عَصّب السن أو الضرس. المعلومات المتاحة تركز على علاقات غير مباشرة مثل تأثير التخدير الموضعي على الغمزة أو مخاطر الحساسية بعد برد الأسنان، دون ذكر شروط أو أوقات محددة لعملية النزع.,لا توجد أدلة كافية. يُنصح باستشارة طبيب مختص للحصول على تقييم دقيق.,[],"[""المعلومات المتاحة تركز على علاقات غير مباشرة مثل تأثير التخدير الموضعي على الغمزة أو مخاطر الحساسية بعد برد الأسنان، دون ذكر شروط أو أوقات محددة لعملية النزع""]","[""السياق لا يحتوي على علاقات أو أدلة توضح متى يتم اللجوء إلى نزع عَصّب السن أو الضرس.""]",insufficient_evidence,1,0,1,0.0,1.0,removed_unsupported_claims,لا توجد أدلة كافية. يُنصح باستشارة طبيب مختص للحصول على تقييم دقيق.
trial_query_122,سلام لقد اجريت فحص الهرمون B-HCG ،و نتائج التحاليل كما يللي 3-4 اسبوع 9-130 4-5 اسبوع 75-2600 5-6 اسبوع 850-20800 7-8 اسبوع 4000-100200 7-12 اسبوع 11500-289000 12-16 اسبوع 18300-137000 و...,النتائج المقدمة تظهر مستويات هرمون B-HCG خلال فترات الحمل المختلفة، لكن لا توجد أدلة كافية في السياق المقدم لتفسير هذه النتائج أو تقييم صحتها. يُنصح بالتشاور مع طبيب مختص لتحليل النتائج في سياق التاريخ الطبي الشامل.,لا توجد أدلة كافية. يُنصح باستشارة طبيب مختص للحصول على تقييم دقيق.,[],[],"[""الهرمون المذكور في الأدلة (الهرمون) لا يرتبط بـ B-HCG بشكل مباشر."", ""النتائج المقدمة من المستخدم لا تتوافق مع العلاقات المتوفرة في السياق.""]",insufficient_evidence,0,0,0,0.0,0.0,no_claims_removed,لا توجد أدلة كافية. يُنصح باستشارة طبيب مختص للحصول على تقييم دقيق.
trial_query_123,لسلام عليكم ممكن تساعدوني ابني عملتله تطعيم سنة ونص اليوم هو يعاني من ارتفاع الحرارة ومايقدر يحرك رجلو وحتى يوقف وهو كتير البكاء كيف اتعامل معاه كيف اخفف من الم...,من الطبيعي أن يصاحب التطعيم ارتفاع حرارة والم في مكان الحقن، والمفروض أن تزول هذه الأعراض خلال 48 ساعة. يُنصح باستخدام خافض حرارة ومسكن للآلام [E1]. إذا استمرت الأعراض أو ساءت، يُفضل استشارة طبيب مختص.,"استخدام خافض حرارة ومسكن للآلام بعد التطعيم يُخفف الأعراض [E1,E3 | ahd5k_01611,ahd5k_01611]","[""استخدام خافض حرارة ومسكن للآلام بعد التطعيم يُخفف الأعراض""]",[],"[""العلاقات الطبية ذات موثوقية محدودة (reliability=limited)""]",answerable,1,1,0,1.0,0.0,no_claims_removed,"استخدام خافض حرارة ومسكن للآلام بعد التطعيم يُخفف الأعراض [E1,E3 | ahd5k_01611,ahd5k_01611]"
trial_query_124,هل زيت نبات الميرمية له آثار جانبية عند تناوله بشكل 3 كبسولات قبل الطعام للتخلص من افراز البرولاكتين المفرز والناتج عن ورم حميد في الغدة النخامية . .,لا توجد أدلة كافية في السياق المقدم لتقييم آثار زيت نبات الميرمية على افراز البرولاكتين أو الورم الحميد في الغدة النخامية. يُنصح باستشارة طبيب مختص قبل تجربة أي علاج نباتي.,"الميرمية قد تُستخدم لتنظيم الدورة الشهرية ولكنها لا تُغني عن العلاج الطبي الأساسي [E1,E2 | ahd5k_04015,ahd5k_04015]","[""الميرمية قد تُستخدم لتنظيم الدورة الشهرية ولكنها لا تُغني عن العلاج الطبي الأساسي""]",[],"[""لا توجد أدلة مباشرة عن تأثير الميرمية على البرولاكتين أو الورم النخامي"", ""العلاقة بين الميرمية والهرمونات الأخرى غير مذكورة""]",answerable,1,1,0,1.0,0.0,no_claims_removed,"الميرمية قد تُستخدم لتنظيم الدورة الشهرية ولكنها لا تُغني عن العلاج الطبي الأساسي [E1,E2 | ahd5k_04015,ahd5k_04015]"
trial_query_125,عندي الم في منطقه البطن مع الم بصدر جهه اليمين الى الرقبه وماقدرت اعرف تفسير الالم ذا من ايش او سببه مع وجود احيان ضيق بالتنفس ،،،، افيدوني,البيانات المتوفرة في الرسم البياني تشير إلى وجود علاقة بين الألم وحالة تُسمى 'ارتياف دعب الديم' [E1][E2]، لكن الأعراض المذكورة (ألم البطن مع انتقاله إلى الصدر والرقبة وضيق التنفس) لا تتطابق تمامًا مع الأدلة المُسترجعة. لا توجد أدلة كافية لتفسير سبب الألم المذكور أو تقييم العلاقة مع ضيق التنفس. يُنصح باستشارة طبيب مختص لفحص شامل.,"العلاقة بين الألم وحالة 'ارتياف دعب الديم' قد تكون مرتبطة بتشنج عضلي أو جهد بدني [E1][E2] [E1,E2 | ahd5k_03738,ahd5k_03738] لا توجد أدلة كافية في السياق المسترجع لدعم: الألم في البطن مع انتقاله إلى الصدر والرقبة لم يتم توثيقه في الأدلة المُسترجعة.","[""العلاقة بين الألم وحالة 'ارتياف دعب الديم' قد تكون مرتبطة بتشنج عضلي أو جهد بدني [E1][E2]""]","[""الألم في البطن مع انتقاله إلى الصدر والرقبة لم يتم توثيقه في الأدلة المُسترجعة""]","[""البيانات المتوفرة لا تغطي أعراض الألم في البطن مع انتقاله إلى الصدر والرقبة"", ""عدم وجود أدلة حول العلاقة بين الألم المذكور وضيق التنفس""]",partially_answerable,2,1,1,0.5,0.5,removed_unsupported_claims,"العلاقة بين الألم وحالة 'ارتياف دعب الديم' قد تكون مرتبطة بتشنج عضلي أو جهد بدني [E1][E2] [E1,E2 | ahd5k_03738,ahd5k_03738] لا توجد أدلة كافية في السياق المسترجع لدعم: الألم في البطن مع انتقاله إلى الصدر والرقبة لم يتم توثيقه في الأدلة المُسترجعة."
